Workbook

Sheet Manhole Data
A1: Type III according to standard details — Depth: 1.5-2m ; normal | B1: nr | C1: 1853.832 | D1: 887.31769 | E1: =AVERAGE(C1:D1) -> 1370.5748
A2: Type III according to standard details — Depth: 2-2.5m ; normal | B2: nr | C2: 2100.139 | D2: 1028.8742 | E2: =AVERAGE(C2:D2) -> 1564.5066
A3: Type III according to standard details — Depth: 2.5-3m ; normal | B3: nr | C3: 2356.489 | D3: 1171.5816 | E3: =AVERAGE(C3:D3) -> 1764.0353
A4: Type III according to standard details — Depth: 3-3.5m ; normal | B4: nr | C4: 2663.851 | D4: 1313.1381 | E4: =AVERAGE(C4:D4) -> 1988.4946
A5: Type III according to standard details — Depth: 3.5-4m ; normal | B5: nr | C5: 2959.722 | D5: 1455.8455 | E5: =AVERAGE(C5:D5) -> 2207.7837
A6: Type III according to standard details — Depth: 4-4.5m ; normal | B6: nr | C6: 3707.016 | D6: 1692.9239 | E6: =AVERAGE(C6:D6) -> 2699.9699
A7: Type III according to standard details — Depth: 4.5-5m ; normal | B7: nr | C7: 4166.746 | D7: 1818.36 | E7: =AVERAGE(C7:D7) -> 2992.553
A8: Type III according to standard details — Depth: 5-5.5m ; normal | B8: nr | C8: 4639.419 | D8: 1943.8127 | E8: =AVERAGE(C8:D8) -> 3291.6158
A9: Type III according to standard details — Depth: 5.5-6m ; normal | B9: nr | C9: 5028.108 | D9: 2068.1062 | E9: =AVERAGE(C9:D9) -> 3548.1071
A10: Type III according to standard details — Depth: 6-6.5m ; normal | B10: nr | C10: 5535.526 | D10: 2193.5506 | E10: =AVERAGE(C10:D10) -> 3864.5383
A11: Type III according to standard details — Depth: 6.5-7m ; normal | B11: nr | C11: 5893.505 | D11: 2375.59 | E11: =AVERAGE(C11:D11) -> 4134.5475
A12: Type III according to standard details — Depth: 7-7.5m ; normal | B12: nr | C12: 6250.759 | D12: 2531.9052 | E12: =AVERAGE(C12:D12) -> 4391.3321
... A37: Type IIb according to standard details — Depth: 9.5-10m ; normal | B37: nr | C37: 6392.043 | D37: 8056.062 | E37: =AVERAGE(C37:D37) -> 7224.0525

Sheet Pipe Data
A1: Dia (mm) | B1: Source | C1: Up to 1.5 | D1: 1.5 - 2.0 | E1: 2.0 - 2.5 | F1: 2.5 - 3.0 | G1: 3.0 - 3.5 | H1: 3.5 - 4.0 | I1: 4.0 - 4.5 | J1: 4.5 - 5.0 | K1: 5.0 - 5.5 | L1: 5.5 - 6.0 | M1: 6.0 - 6.5 | N1: 6.5 - 7.0 | O1: 7.0 - 7.5 | P1: 7.5 - 8.0 | Q1: 8.0 - 8.5 | R1: 8.5 - 9.0 | S1: 9.0 - 9.5 | T1: 9.5 - 10.0
A2: 200 | B2: Target | C2: 12.653 | D2: 14.136 | E2: 16.094 | F2: 18.994 | G2: 23.268 | H2: 28.13 | I2: 35.046 | J2: 56.098 | K2: 68.229 | L2: 84.87 | M2: 104.38 | N2: 129.756 | O2: 164.242 | P2: =O2/N2*O2 -> 207.89354 | Q2: =P2/O2*P2 -> 263.14661 | R2: =Q2/P2*Q2 -> 333.0846 | S2: =R2/Q2*R2 -> 421.61041 | T2: =S2/R2*S2 -> 533.66424
B3: HA | C3: 8.8801588 | D3: 10.007357 | E3: 10.852756 | F3: 11.923595 | G3: 13.107153 | H3: 15.605352 | I3: 16.73255 | J3: 18.423348 | K3: 20.114146 | L3: 26.654528 | M3: 29.212008 | N3: 35.605708 | O3: 40.720668 | P3: =O3/N3*O3 -> 46.570421 | Q3: =P3/O3*P3 -> 53.260524 | R3: =Q3/P3*Q3 -> 60.911697 | S3: =R3/Q3*R3 -> 69.662005 | T3: =S3/R3*S3 -> 79.669343
B4: Concord | C4: 9.875 | D4: 11.237 | E4: 12.824 | F4: 14.468 | G4: 16.112 | H4: 18.424 | I4: 20.3 | J4: 22.233 | K4: 19.824 | L4: 21.236 | M4: 22.793 | N4: 24.386 | O4: 25.979 | P4: 27.572 | Q4: =P4/O4*P4 -> 29.262681 | R4: =Q4/P4*Q4 -> 31.057032 | S4: =R4/Q4*R4 -> 32.961411 | T4: =S4/R4*S4 -> 34.982563
A5: 250 | B5: Target | C5: =C2/D2*D5 -> 16.137588 | D5: 18.029 | E5: 20.08 | F5: 23.074 | G5: 27.463 | H5: 34.084 | I5: 40.089 | J5: 61.303 | K5: 73.617 | L5: 90.51 | M5: =L5/K5*L5 -> 111.27946 | N5: =M5/L5*M5 -> 136.81492 | O5: =N5/M5*N5 -> 168.21004 | P5: =O5/N5*O5 -> 206.80944 | Q5: =P5/O5*P5 -> 254.26631 | R5: =Q5/P5*Q5 -> 312.61316 | S5: =R5/Q5*R5 -> 384.34896 | T5: =S5/R5*S5 -> 472.54608
B6: HA | C6: =C3/D3*D6 -> 10.764963 | D6: 12.131409 | E6: 13.258607 | F6: 14.385806 | G6: 15.513004 | H6: 17.64342 | I6: 19.041146 | J6: 20.731944 | K6: 22.140942 | L6: 24.11354 | M6: =L6/K6*L6 -> 26.261881 | N6: =M6/L6*M6 -> 28.601624 | O6: =N6/M6*N6 -> 31.149822 | P6: =O6/N6*O6 -> 33.925045 | Q6: =P6/O6*P6 -> 36.94752 | R6: =Q6/P6*Q6 -> 40.239276 | S6: =R6/Q6*R6 -> 43.824304 | T6: =S6/R6*S6 -> 47.728732
B7: Concord | C7: =C4/D4*D7 -> 12.200287 | D7: 13.883 | E7: 15.592 | F7: 17.361 | G7: 19.131 | H7: 22.004 | I7: 24.022 | J7: 26.103 | K7: 23.511 | L7: 25.031 | M7: 26.707 | N7: 28.422 | O7: 30.136 | P7: 31.851 | Q7: =P7/O7*P7 -> 33.663598 | R7: =Q7/P7*Q7 -> 35.579349 | S7: =R7/Q7*R7 -> 37.604123 | T7: =S7/R7*S7 -> 39.744124
A8: 300 | B8: Target | C8: =C5/D5*D8 -> 20.840393 | D8: 23.283 | E8: 25.428 | F8: 28.517 | G8: 33.02 | H8: 38.073 | I8: 45.54 | J8: 66.958 | K8: 79.498 | L8: =K8/J8*K8 -> 94.386511 | M8: =L8/K8*L8 -> 112.06337 | N8: =M8/L8*M8 -> 133.05077 | O8: =N8/M8*N8 -> 157.96873 | P8: =O8/N8*O8 -> 187.55336 | Q8: =P8/O8*P8 -> 222.67865 | R8: =Q8/P8*Q8 -> 264.38226 | S8: =R8/Q8*R8 -> 313.89619 | T8: =S8/R8*S8 -> 372.68316
B9: HA | C9: =C6/D6*D9 -> 22.386801 | D9: 25.228458 | E9: 26.817808 | F9: 28.880582 | G9: 30.548835 | H9: 36.312305 | I9: 42.255516 | J9: 46.053374 | K9: 48.316744 | L9: =K9/J9*K9 -> 50.69135 | M9: =L9/K9*L9 -> 53.182661 | N9: =M9/L9*M9 -> 55.796412 | O9: =N9/M9*N9 -> 58.53862 | P9: =O9/N9*O9 -> 61.415598 | Q9: =P9/O9*P9 -> 64.433969 | R9: =Q9/P9*Q9 -> 67.600684 | S9: =R9/Q9*R9 -> 70.923033 | T9: =S9/R9*S9 -> 74.408663
B10: Concord | C10: =C7/D7*D10 -> 17.433501 | D10: 19.838 | E10: 21.519 | F10: 23.26 | G10: 25 | H10: 28.054 | I10: 30.04 | J10: 32.086 | K10: 29.536 | L10: 31.031 | M10: 32.68 | N10: 34.367 | O10: 36.053 | P10: 37.74 | Q10: =P10/O10*P10 -> 39.505938 | R10: =Q10/P10*Q10 -> 41.354509 | S10: =R10/Q10*R10 -> 43.289579 | T10: =S10/R10*S10 -> 45.315194
A11: 350 | B11: Target | C11: =C8/D8*D11 -> 25.045529 | D11: 27.981 | E11: 30.219 | F11: 33.404 | G11: 38.02 | H11: 46.577 | I11: 52.779 | J11: 74.414 | K11: 87.192 | L11: 104.687 | M11: =L11/K11*L11 -> 125.69236 | N11: =M11/L11*M11 -> 150.91242 | O11: =N11/M11*N11 -> 181.19287 | P11: =O11/N11*O11 -> 217.54906 | Q11: =P11/O11*P11 -> 261.20009 | R11: =Q11/P11*Q11 -> 313.60967 | S11: =R11/Q11*R11 -> 376.53518 | T11: =S11/R11*S11 -> 452.08664
B12: HA | C12: =C9/D9*D12 -> 28.860731 | D12: 32.524154 | E12: 34.677103 | F12: 35.797012 | G12: 36.424261 | H12: 40.361404 | I12: 42.210009 | J12: 45.557789 | K12: 47.55293 | L12: 64.163118 | M12: =L12/K12*L12 -> 86.575227 | N12: =M12/L12*M12 -> 116.81586 | O12: =N12/M12*N12 -> 157.61952 | P12: =O12/N12*O12 -> 212.67585 | Q12: =P12/O12*P12 -> 286.96329 | R12: =Q12/P12*Q12 -> 387.19927 | S12: =R12/Q12*R12 -> 522.44756 | T12: =S12/R12*S12 -> 704.93793
B13: Concord | C13: =C10/D10*D13 -> 23.103475 | D13: 26.29 | E13: 28.064 | F13: 29.901 | G13: 31.738 | H13: 36.434 | I13: 38.529 | J13: 40.69 | K13: 37.998 | L13: 39.576 | M13: 41.316 | N13: 43.097 | O13: 44.877 | P13: 46.658 | Q13: =P13/O13*P13 -> 48.509681 | R13: =Q13/P13*Q13 -> 50.434849 | S13: =R13/Q13*R13 -> 52.436419 | T13: =S13/R13*S13 -> 54.517424
A14: 400 | B14: Target | C14: =C11/D11*D14 -> 29.558349 | D14: =D11/E11*E14 -> 33.022747 | E14: 35.664 | F14: 38.943 | G14: 43.673 | H14: 51.644 | I14: 57.944 | J14: 79.724 | K14: 92.669 | L14: 110.399 | M14: =L14/K14*L14 -> 131.52121 | N14: =M14/L14*M14 -> 156.68465 | O14: =N14/M14*N14 -> 186.66252 | P14: =O14/N14*O14 -> 222.37594 | Q14: =P14/O14*P14 -> 264.92226 | R14: =Q14/P14*Q14 -> 315.60881 | S14: =R14/Q14*R14 -> 375.99302 | T14: =S14/R14*S14 -> 447.9303
B15: HA | C15: =C12/D12*D15 -> 27.669301 | D15: =D12/E12*E15 -> 31.18149 | E15: 33.245561 | F15: 35.499958 | G15: 37.269659 | H15: 41.342066 | I15: 43.269576 | J15: 46.775163 | K15: 48.871752 | L15: 51.148693 | M15: =L15/K15*L15 -> 53.531717 | N15: =M15/L15*M15 -> 56.025766 | O15: =N15/M15*N15 -> 58.636014 | P15: =O15/N15*O15 -> 61.367873 | Q15: =P15/O15*P15 -> 64.22701 | R15: =Q15/P15*Q15 -> 67.219354 | S15: =R15/Q15*R15 -> 70.351112 | T15: =S15/R15*S15 -> 73.628779
B16: Concord | C16: =C13/D13*D16 -> 23.146424 | D16: =D13/E13*E16 -> 26.338872 | E16: =E13/F13*F16 -> 28.11617 | F16: =F13/G13*G16 -> 29.956585 | G16: 31.797 | H16: 36.163 | I16: 38.369 | J16: 40.643 | K16: 37.81 | L16: 39.471 | M16: 41.303 | N16: 43.177 | O16: 45.051 | P16: 46.925 | Q16: =P16/O16*P16 -> 48.876953 | R16: =Q16/P16*Q16 -> 50.910103 | S16: =R16/Q16*R16 -> 53.027826 | T16: =S16/R16*S16 -> 55.23364
A17: 450 | B17: Target | C17: =C14/D14*D17 -> 33.641021 | D17: =D14/E14*E17 -> 37.58393 | E17: 40.59 | F17: 44.487 | G17: 49.332 | H17: 54.671 | I17: 65.16 | J17: 87.204 | K17: =J17/I17*J17 -> 116.70561 | L17: =K17/J17*K17 -> 156.18779 | M17: =L17/K17*L17 -> 209.02701 | N17: =M17/L17*M17 -> 279.74203 | O17: =N17/M17*N17 -> 374.38036 | P17: =O17/N17*O17 -> 501.03538 | Q17: =P17/O17*P17 -> 670.5385 | R17: =Q17/P17*Q17 -> 897.38551 | ... T17: =S17/R17*S17 -> 1607.2732
B18: HA | C18: =C15/D15*D18 -> 38.96734 | D18: =D15/E15*E18 -> 43.91364 | E18: 46.82052 | F18: 49.378 | G18: 51.93548 | H18: 63.720697 | I18: 70.114397 | J18: 76.508097 | K18: =J18/I18*J18 -> 83.484836 | L18: =K18/J18*K18 -> 91.09778 | M18: =L18/K18*L18 -> 99.404945 | N18: =M18/L18*M18 -> 108.46964 | O18: =N18/M18*N18 -> 118.36093 | P18: =O18/N18*O18 -> 129.15421 | Q18: =P18/O18*P18 -> 140.93173 | R18: =Q18/P18*Q18 -> 153.78323 | ... T18: =S18/R18*S18 -> 183.10886
B19: Concord | C19: =C16/D16*D19 -> 29.352708 | D19: =D16/E16*E19 -> 33.401153 | E19: 35.655 | F19: 37.686 | G19: 46.624 | H19: 48.655 | I19: =H19/G19*H19 -> 50.774473 | J19: =I19/H19*I19 -> 52.986273 | K19: =J19/I19*J19 -> 55.294421 | L19: =K19/J19*K19 -> 57.703116 | M19: =L19/K19*L19 -> 60.216736 | N19: =M19/L19*M19 -> 62.839853 | O19: =N19/M19*N19 -> 65.577236 | P19: =O19/N19*O19 -> 68.433862 | ... T19: =S19/R19*S19 -> 81.16015
A20: 500 | B20: Target | C20: =C17/D17*D20 -> 39.856592 | D20: 44.528 | E20: 47.048 | F20: 50.516 | G20: 55.476 | H20: 60.91 | I20: 76.951 | J20: 99.14 | K20: 112.538 | L20: 130.857 | M20: 152.128 | N20: 180.317 | O20: =N20/M20*N20 -> 213.72936 | P20: =O20/N20*O20 -> 253.33297 | Q20: =P20/O20*P20 -> 300.27503 | R20: =Q20/P20*Q20 -> 355.91537 | S20: =R20/Q20*R20 -> 421.86574 | T20: =S20/R20*S20 -> 500.03658
B21: HA | C21: =C18/D18*D21 -> 34.932756 | D21: 39.366927 | E21: 41.283165 | F21: 43.763002 | G21: 44.26304 | H21: 49.406065 | I21: 52.393141 | J21: 54.523546 | K21: 58.389837 | L21: 62.932447 | M21: 89.295497 | N21: 95.689197 | O21: =N21/M21*N21 -> 102.5407 | P21: =O21/N21*O21 -> 109.88277 | Q21: =P21/O21*P21 -> 117.75056 | R21: =Q21/P21*Q21 -> 126.18168 | S21: =R21/Q21*R21 -> 135.21649 | T21: =S21/R21*S21 -> 144.89821
B22: Concord | C22: =C19/D19*D22 -> 29.939608 | D22: 34.069 | E22: 36.123 | F22: 38.25 | G22: 40.377 | H22: 49.413 | I22: 51.84 | J22: 54.341 | K22: 51.224 | L22: 53.052 | M22: 55.067 | N22: 57.128 | O22: 59.19 | P22: 61.251 | Q22: =P22/O22*P22 -> 63.383764 | R22: =Q22/P22*Q22 -> 65.590791 | S22: =R22/Q22*R22 -> 67.874667 | T22: =S22/R22*S22 -> 70.238068
A23: 600 | B23: Target | C23: =C20/D20*D23 -> 50.193143 | D23: =D20/E20*E23 -> 56.076051 | E23: =E20/F20*F23 -> 59.249596 | F23: 63.617 | G23: 68.805 | H23: 81.247 | I23: 87.941 | J23: 110.473 | K23: 124.257 | L23: 143.1 | M23: 157.658 | N23: 193.15 | O23: 231.353 | P23: 286.66 | Q23: =P23/O23*P23 -> 355.18863 | R23: =Q23/P23*Q23 -> 440.09965 | S23: =R23/Q23*R23 -> 545.30939 | T23: =S23/R23*S23 -> 675.67047
B24: HA | C24: =C21/D21*D24 -> 46.88391 | D24: =D21/E21*E24 -> 52.835096 | E24: =E21/F21*F24 -> 55.406914 | F24: 58.73515 | G24: 61.338979 | H24: 69.786558 | I24: 72.559466 | J24: 77.5755 | K24: 80.573848 | L24: 83.20022 | M24: 90.842626 | N24: 98.733016 | O24: 105.49621 | P24: 138.8603 | Q24: =P24/O24*P24 -> 182.77609 | R24: =Q24/P24*Q24 -> 240.58062 | S24: =R24/Q24*R24 -> 316.66635 | T24: =S24/R24*S24 -> 416.81485
B25: Concord | C25: =C22/D22*D25 -> 36.985787 | D25: =D22/E22*E25 -> 42.087017 | E25: =E22/F22*F25 -> 44.624418 | F25: 47.252 | G25: 49.573 | H25: 59.069 | I25: 61.716 | J25: 64.445 | K25: 61.045 | L25: 63.039 | M25: 65.237 | N25: 67.486 | O25: 69.735 | P25: 71.984 | Q25: =P25/O25*P25 -> 74.305532 | R25: =Q25/P25*Q25 -> 76.701934 | S25: =R25/Q25*R25 -> 79.175623 | T25: =S25/R25*S25 -> 81.729089
A26: 700 | B26: Target | C26: =C23/D23*D26 -> 64.627183 | D26: =D23/E23*E26 -> 72.201838 | E26: 76.288 | F26: 80.135 | G26: 85.551 | H26: 105.001 | I26: 111.892 | J26: 134.805 | K26: 149.015 | L26: 168.422 | M26: 190.833 | N26: 219.787 | O26: 258.931 | P26: 315.558 | Q26: 354.018 | R26: 441.217 | S26: 479.116 | T26: =S26/R26*S26 -> 520.27039
B27: HA | C27: =C24/D24*D27 -> 57.354312 | D27: =D24/E24*E27 -> 64.634552 | E27: 67.780725 | F27: 70.542361 | G27: 75.294797 | H27: 86.349483 | I27: 89.280199 | J27: 94.578032 | K27: 97.734187 | L27: 123.08562 | M27: 148.66042 | N27: 172.95648 | O27: 212.59742 | P27: 314.89662 | Q27: 378.83362 | R27: 442.77062 | S27: 506.70762 | T27: =S27/R27*S27 -> 579.87726
B28: Concord | C28: =C25/D25*D28 -> 55.987887 | D28: =D25/E25*E28 -> 63.709964 | E28: 67.551 | F28: 70.065 | G28: 72.579 | H28: 75.093 | I28: 77.961 | J28: 80.917 | K28: 77.233 | L28: 79.393 | M28: 81.774 | N28: 84.211 | O28: 86.647 | P28: 89.084 | Q28: 91.744 | R28: 94.46 | S28: 97.176 | T28: =S28/R28*S28 -> 99.970093
A29: 800 | B29: Target | C29: =C26/D26*D29 -> 96.319815 | D29: =D26/E26*E29 -> 107.60902 | E29: 113.699 | F29: 117.735 | G29: 123.38 | H29: 143.021 | I29: 150.108 | J29: 173.494 | K29: 188.22 | L29: 208.279 | M29: 231.371 | N29: 261.141 | O29: =N29/M29*N29 -> 294.74144 | P29: =O29/N29*O29 -> 332.66518 | Q29: =P29/O29*P29 -> 375.46848 | R29: =Q29/P29*Q29 -> 423.77918 | S29: =R29/Q29*R29 -> 478.30592 | T29: =S29/R29*S29 -> 539.8485
B30: HA | C30: =C27/D27*D30 -> 91.797962 | D30: =D27/E27*E30 -> 103.45029 | E30: 108.48587 | F30: 117.43705 | G30: 130.22445 | H30: 146.84807 | I30: 162.19295 | J30: 174.98035 | K30: 187.76775 | L30: 213.34255 | M30: 238.91735 | N30: 251.70475 | O30: =N30/M30*N30 -> 265.17656 | P30: =O30/N30*O30 -> 279.36941 | Q30: =P30/O30*P30 -> 294.3219 | R30: =Q30/P30*Q30 -> 310.07468 | S30: =R30/Q30*R30 -> 326.67058 | T30: =S30/R30*S30 -> 344.15473
B31: Concord | C31: =C28/D28*D31 -> 68.572751 | D31: =D28/E28*E31 -> 78.030582 | E31: 82.735 | F31: 85.442 | G31: 88.149 | H31: 115.497 | I31: 118.586 | J31: 121.77 | K31: 117.803 | L31: 120.129 | M31: 122.693 | N31: 125.317 | O31: =N31/M31*N31 -> 127.99712 | P31: =O31/N31*O31 -> 130.73456 | Q31: =P31/O31*P31 -> 133.53054 | R31: =Q31/P31*Q31 -> 136.38632 | S31: =R31/Q31*R31 -> 139.30317 | T31: =S31/R31*S31 -> 142.28241
A32: 900 | B32: Target | C32: =C29/D29*D32 -> 125.14749 | D32: =D29/E29*E32 -> 139.81545 | E32: =E29/F29*F32 -> 147.72811 | F32: =F29/G29*G32 -> 152.97205 | G32: =G29/H29*H32 -> 160.30655 | H32: =H29/I29*I32 -> 185.82592 | I32: 195.034 | J32: 218.859 | K32: 234.068 | L32: 254.747 | M32: 278.486 | N32: 309.038 | O32: 350.212 | P32: 398.445 | Q32: 437.304 | R32: 524.836 | S32: 587.107 | T32: 630.879
B33: HA | C33: =C30/D30*D33 -> 99.972664 | D33: =D30/E30*E33 -> 112.66264 | E33: =E30/F30*F33 -> 118.14665 | F33: =F30/G30*G33 -> 127.89494 | G33: =G30/H30*H33 -> 141.82107 | H33: =H30/I30*I33 -> 159.92504 | I33: 176.6364 | J33: =J30/K30*K33 -> 188.44017 | K33: 202.2112 | L33: 227.786 | M33: 253.3608 | N33: 266.1482 | O33: 291.723 | P33: 342.8726 | Q33: 406.8096 | R33: 445.1718 | S33: 470.7466 | T33: 496.3214
B34: Concord | C34: =C31/D31*D34 -> 69.570042 | D34: =D31/E31*E34 -> 79.165424 | E34: =E31/F31*F34 -> 83.938261 | F34: =F31/G31*G34 -> 86.684631 | G34: 89.431 | H34: 116.972 | I34: 120.281 | J34: 123.692 | K34: 119.442 | L34: 121.934 | M34: 124.682 | N34: 127.493 | O34: 130.304 | P34: 133.115 | Q34: 136.185 | R34: 139.318 | S34: 142.452 | T34: =S34/R34*S34 -> 145.6565
A35: 1000 | B35: Target | C35: =C32/C29*C32 -> 162.60302 | D35: =D32/D29*D32 -> 181.66098 | E35: =E32/E29*E32 -> 191.94183 | F35: =F32/F29*F32 -> 198.75523 | G35: =G32/G29*G32 -> 208.28488 | H35: =H32/H29*H32 -> 241.44198 | I35: =I32/I29*I32 -> 253.40596 | J35: =J32/J29*J32 -> 276.08598 | ... T35: =T32/T29*T32 -> 737.25927
B36: HA | C36: =C33/C30*C33 -> 108.87533 | D36: =D33/D30*D33 -> 122.69537 | E36: =E33/E30*E33 -> 128.66773 | F36: =F33/F30*F33 -> 139.28412 | G36: =G33/G30*G33 -> 154.45038 | H36: =H33/H30*H33 -> 174.16653 | I36: =I33/I30*I33 -> 192.36605 | J36: =J33/J30*J33 -> 202.93534 | ... T36: =T33/T30*T33 -> 715.76796
B37: Concord | C37: =C34/C31*C34 -> 70.581838 | D37: =D34/D31*D34 -> 80.316771 | E37: =E34/E31*E34 -> 85.159022 | F37: =F34/F31*F34 -> 87.945333 | G37: =G34/G31*G34 -> 90.731645 | H37: =H34/H31*H34 -> 118.46584 | I37: =I34/I31*I34 -> 122.00023 | J37: =J34/J31*J34 -> 125.64434 | ... T37: =T34/T31*T34 -> 149.1106

Sheet Pipe Rate
A1: Sewer Pipes | B1: Up to 1.5 | C1: 1.5 - 2.0 | D1: 2.0 - 2.5 | E1: 2.5 - 3.0 | F1: 3.0 - 3.5 | G1: 3.5 - 4.0 | H1: 4.0 - 4.5 | I1: 4.5 - 5.0 | J1: 5.0 - 5.5 | K1: 5.5 - 6.0 | L1: 6.0 - 6.5 | M1: 6.5 - 7.0 | N1: 7.0 - 7.5 | O1: 7.5 - 8.0 | P1: 8.0 - 8.5 | Q1: 8.5 - 9.0 | R1: 9.0 - 9.5 | S1: 9.5 - 10.0 | T1: 10.0 - 10.5 | U1: 10.5 - 11.0 | V1: 11.0 - 11.5 | W1: 11.5 - 12.0 | X1: 12.0 - 12.5 | Y1: 12.5 - 13.0 | Z1: 13.0 - 13.5 | AA1: 13.5 - 14.0 | AB1: 14.0 - 14.5 | AC1: 14.5 - 15.0
A2: 200 | B2: 10.5 | C2: =B2*C$26 -> 11.655 | D2: =C2*D$26 -> 12.93705 | E2: =D2*E$26 -> 14.360126 | F2: =E2*F$26 -> 15.939739 | G2: =F2*G$26 -> 17.693111 | H2: =G2*H$26 -> 19.639353 | I2: =H2*I$26 -> 21.799682 | J2: =I2*J$26 -> 24.197647 | ... AC2: =AB2*AC$26 -> 282.33898
A3: 250 | B3: 13 | C3: =B3*C$26 -> 14.43 | D3: =C3*D$26 -> 16.0173 | E3: =D3*E$26 -> 17.779203 | F3: =E3*F$26 -> 19.734915 | G3: =F3*G$26 -> 21.905756 | H3: =G3*H$26 -> 24.315389 | I3: =H3*I$26 -> 26.990082 | J3: =I3*J$26 -> 29.958991 | ... AC3: =AB3*AC$26 -> 349.56255
A4: 280 | B4: 16.6 | C4: =B4*C$26 -> 18.426 | D4: =C4*D$26 -> 20.45286 | E4: =D4*E$26 -> 22.702675 | F4: =E4*F$26 -> 25.199969 | G4: =F4*G$26 -> 27.971965 | H4: =G4*H$26 -> 31.048882 | I4: =H4*I$26 -> 34.464259 | J4: =I4*J$26 -> 38.255327 | ... AC4: =AB4*AC$26 -> 446.36449
A5: 315 | B5: 21.2 | C5: =B5*C$26 -> 23.532 | D5: =C5*D$26 -> 26.12052 | E5: =D5*E$26 -> 28.993777 | F5: =E5*F$26 -> 32.183093 | G5: =F5*G$26 -> 35.723233 | H5: =G5*H$26 -> 39.652789 | I5: =H5*I$26 -> 44.014595 | J5: =I5*J$26 -> 48.856201 | ... AC5: =AB5*AC$26 -> 570.05585
A6: 355 | B6: 25.7 | C6: =B6*C$26 -> 28.527 | D6: =C6*D$26 -> 31.66497 | E6: =D6*E$26 -> 35.148117 | F6: =E6*F$26 -> 39.01441 | G6: =F6*G$26 -> 43.305995 | H6: =G6*H$26 -> 48.069654 | I6: =H6*I$26 -> 53.357316 | J6: =I6*J$26 -> 59.226621 | ... AC6: =AB6*AC$26 -> 691.05827
A7: 400 | B7: 26.8 | C7: =B7*C$26 -> 29.748 | D7: =C7*D$26 -> 33.02028 | E7: =D7*E$26 -> 36.652511 | F7: =E7*F$26 -> 40.684287 | G7: =F7*G$26 -> 45.159559 | H7: =G7*H$26 -> 50.12711 | I7: =H7*I$26 -> 55.641092 | J7: =I7*J$26 -> 61.761612 | ... AC7: =AB7*AC$26 -> 720.63664
A8: 450 | B8: 34 | C8: =B8*C$26 -> 37.74 | D8: =C8*D$26 -> 41.8914 | E8: =D8*E$26 -> 46.499454 | F8: =E8*F$26 -> 51.614394 | G8: =F8*G$26 -> 57.291977 | H8: =G8*H$26 -> 63.594095 | I8: =H8*I$26 -> 70.589445 | J8: =I8*J$26 -> 78.354284 | ... AC8: =AB8*AC$26 -> 914.24052
A9: 500 | B9: 35 | C9: =B9*C$26 -> 38.85 | D9: =C9*D$26 -> 43.1235 | E9: =D9*E$26 -> 47.867085 | F9: =E9*F$26 -> 53.132464 | G9: =F9*G$26 -> 58.977035 | H9: =G9*H$26 -> 65.464509 | I9: =H9*I$26 -> 72.665605 | J9: =I9*J$26 -> 80.658822 | ... AC9: =AB9*AC$26 -> 941.12995
A10: 560 | B10: 40 | C10: =B10*C$26 -> 44.4 | D10: =C10*D$26 -> 49.284 | E10: =D10*E$26 -> 54.70524 | F10: =E10*F$26 -> 60.722816 | G10: =F10*G$26 -> 67.402326 | H10: =G10*H$26 -> 74.816582 | I10: =H10*I$26 -> 83.046406 | J10: =I10*J$26 -> 92.181511 | ... AC10: =AB10*AC$26 -> 1075.5771
A11: 600 | B11: 44.7 | C11: =B11*C$26 -> 49.617 | D11: =C11*D$26 -> 55.07487 | E11: =D11*E$26 -> 61.133106 | F11: =E11*F$26 -> 67.857747 | G11: =F11*G$26 -> 75.3221 | H11: =G11*H$26 -> 83.60753 | I11: =H11*I$26 -> 92.804359 | J11: =I11*J$26 -> 103.01284 | ... AC11: =AB11*AC$26 -> 1201.9574
A12: 630 | B12: 51 | C12: =B12*C$26 -> 56.61 | D12: =C12*D$26 -> 62.8371 | E12: =D12*E$26 -> 69.749181 | F12: =E12*F$26 -> 77.421591 | G12: =F12*G$26 -> 85.937966 | H12: =G12*H$26 -> 95.391142 | I12: =H12*I$26 -> 105.88417 | J12: =I12*J$26 -> 117.53143 | ... AC12: =AB12*AC$26 -> 1371.3608
A13: 710 | B13: 59.3 | C13: =B13*C$26 -> 65.823 | D13: =C13*D$26 -> 73.06353 | E13: =D13*E$26 -> 81.100518 | F13: =E13*F$26 -> 90.021575 | G13: =F13*G$26 -> 99.923949 | H13: =G13*H$26 -> 110.91558 | I13: =H13*I$26 -> 123.1163 | J13: =I13*J$26 -> 136.65909 | ... AC13: =AB13*AC$26 -> 1594.543
... A23: 2200 | B23: 525.3 | C23: =B23*C$26 -> 583.083 | D23: =C23*D$26 -> 647.22213 | E23: =D23*E$26 -> 718.41656 | F23: =E23*F$26 -> 797.44239 | G23: =F23*G$26 -> 885.16105 | H23: =G23*H$26 -> 982.52876 | I23: =H23*I$26 -> 1090.6069 | J23: =I23*J$26 -> 1210.5737 | ... AC23: =AB23*AC$26 -> 14125.016
A25: Depth | B25: Up to 1.5 | C25: 1.5 - 2.0 | D25: 2.0 - 2.5 | E25: 2.5 - 3.0 | F25: 3.0 - 3.5 | G25: 3.5 - 4.0 | H25: 4.0 - 4.5 | I25: 4.5 - 5.0 | J25: 5.0 - 5.5 | K25: 5.5 - 6.0 | L25: 6.0 - 6.5 | M25: 6.5 - 7.0 | N25: 7.0 - 7.5 | O25: 7.5 - 8.0 | P25: 8.0 - 8.5 | Q25: 8.5 - 9.0 | R25: 9.0 - 9.5 | S25: 9.5 - 10.0 | T25: 10.0 - 10.5 | U25: 10.5 - 11.0 | V25: 11.0 - 11.5 | W25: 11.5 - 12.0 | X25: 12.0 - 12.5 | Y25: 12.5 - 13.0 | Z25: 13.0 - 13.5 | AA25: 13.5 - 14.0 | AB25: 14.0 - 14.5 | AC25: 14.5 - 15.0
A26: Growth | C26: 1.11 | D26: 1.11 | E26: 1.11 | F26: 1.11 | G26: 1.11 | H26: 1.11 | I26: 1.11 | J26: 1.11 | K26: 1.11 | L26: 1.3 | M26: 1.11 | N26: 1.11 | O26: 1.11 | P26: 1.11 | Q26: 1.11 | R26: 1.3 | S26: 1.11 | T26: 1.11 | U26: 1.11 | V26: 1.11 | W26: 1.11 | X26: 1.3 | Y26: 1.11 | Z26: 1.11 | AA26: 1.11 | AB26: 1.11 | AC26: 1.11
A29: Force/TSE Pipes | B29: Up to 1.5 | C29: 1.5 - 2.0 | D29: 2.0 - 2.5 | E29: 2.5 - 3.0 | F29: 3.0 - 3.5 | G29: 3.5 - 4.0 | H29: 4.0 - 4.5 | I29: 4.5 - 5.0 | J29: 5.0 - 5.5 | K29: 5.5 - 6.0 | L29: 6.0 - 6.5 | M29: 6.5 - 7.0 | N29: 7.0 - 7.5 | O29: 7.5 - 8.0 | P29: 8.0 - 8.5 | Q29: 8.5 - 9.0 | R29: 9.0 - 9.5 | S29: 9.5 - 10.0 | T29: 10.0 - 10.5 | U29: 10.5 - 11.0 | V29: 11.0 - 11.5 | W29: 11.5 - 12.0
A30: 100 | B30: 10.2 | C30: =B30*C$26 -> 11.322 | D30: =C30*D$26 -> 12.56742 | E30: =D30*E$26 -> 13.949836 | F30: =E30*F$26 -> 15.484318 | G30: =F30*G$26 -> 17.187593 | H30: =G30*H$26 -> 19.078228 | I30: =H30*I$26 -> 21.176834 | J30: =I30*J$26 -> 23.506285 | ... W30: =V30*W$26 -> 125.20552
A31: 110 | B31: 10.2 | C31: =B31*C$26 -> 11.322 | D31: =C31*D$26 -> 12.56742 | E31: =D31*E$26 -> 13.949836 | F31: =E31*F$26 -> 15.484318 | G31: =F31*G$26 -> 17.187593 | H31: =G31*H$26 -> 19.078228 | I31: =H31*I$26 -> 21.176834 | J31: =I31*J$26 -> 23.506285 | ... W31: =V31*W$26 -> 125.20552
A32: 150 | B32: 14 | C32: =B32*C$26 -> 15.54 | D32: =C32*D$26 -> 17.2494 | E32: =D32*E$26 -> 19.146834 | F32: =E32*F$26 -> 21.252986 | G32: =F32*G$26 -> 23.590814 | H32: =G32*H$26 -> 26.185804 | I32: =H32*I$26 -> 29.066242 | J32: =I32*J$26 -> 32.263529 | ... W32: =V32*W$26 -> 171.85071
A33: 180 | B33: 17.4 | C33: =B33*C$26 -> 19.314 | D33: =C33*D$26 -> 21.43854 | E33: =D33*E$26 -> 23.796779 | F33: =E33*F$26 -> 26.414425 | G33: =F33*G$26 -> 29.320012 | H33: =G33*H$26 -> 32.545213 | I33: =H33*I$26 -> 36.125187 | J33: =I33*J$26 -> 40.098957 | ... W33: =V33*W$26 -> 213.58589
A34: 200 | B34: 32.1 | C34: =B34*C$26 -> 35.631 | D34: =C34*D$26 -> 39.55041 | E34: =D34*E$26 -> 43.900955 | F34: =E34*F$26 -> 48.73006 | G34: =F34*G$26 -> 54.090367 | H34: =G34*H$26 -> 60.040307 | I34: =H34*I$26 -> 66.644741 | J34: =I34*J$26 -> 73.975662 | ... W34: =V34*W$26 -> 394.02913
A35: 225 | B35: 25.2 | C35: =B35*C$26 -> 27.972 | D35: =C35*D$26 -> 31.04892 | E35: =D35*E$26 -> 34.464301 | F35: =E35*F$26 -> 38.255374 | G35: =F35*G$26 -> 42.463466 | H35: =G35*H$26 -> 47.134447 | I35: =H35*I$26 -> 52.319236 | J35: =I35*J$26 -> 58.074352 | ... W35: =V35*W$26 -> 309.33128
A36: 250 | B36: 40.7 | C36: =B36*C$26 -> 45.177 | D36: =C36*D$26 -> 50.14647 | E36: =D36*E$26 -> 55.662582 | F36: =E36*F$26 -> 61.785466 | G36: =F36*G$26 -> 68.581867 | H36: =G36*H$26 -> 76.125872 | I36: =H36*I$26 -> 84.499718 | J36: =I36*J$26 -> 93.794687 | ... W36: =V36*W$26 -> 499.59457
A37: 300 | B37: 49.2 | C37: =B37*C$26 -> 54.612 | D37: =C37*D$26 -> 60.61932 | E37: =D37*E$26 -> 67.287445 | F37: =E37*F$26 -> 74.689064 | G37: =F37*G$26 -> 82.904861 | H37: =G37*H$26 -> 92.024396 | I37: =H37*I$26 -> 102.14708 | J37: =I37*J$26 -> 113.38326 | ... W37: =V37*W$26 -> 603.9325
A38: 315 | B38: 44.7 | C38: =B38*C$26 -> 49.617 | D38: =C38*D$26 -> 55.07487 | E38: =D38*E$26 -> 61.133106 | F38: =E38*F$26 -> 67.857747 | G38: =F38*G$26 -> 75.3221 | H38: =G38*H$26 -> 83.60753 | I38: =H38*I$26 -> 92.804359 | J38: =I38*J$26 -> 103.01284 | ... W38: =V38*W$26 -> 548.69478
A39: 350 | B39: 53 | C39: =B39*C$26 -> 58.83 | D39: =C39*D$26 -> 65.3013 | E39: =D39*E$26 -> 72.484443 | F39: =E39*F$26 -> 80.457732 | G39: =F39*G$26 -> 89.308082 | H39: =G39*H$26 -> 99.131971 | I39: =H39*I$26 -> 110.03649 | J39: =I39*J$26 -> 122.1405 | ... W39: =V39*W$26 -> 650.5777
A40: 400 | B40: 56.8 | C40: =B40*C$26 -> 63.048 | D40: =C40*D$26 -> 69.98328 | E40: =D40*E$26 -> 77.681441 | F40: =E40*F$26 -> 86.226399 | G40: =F40*G$26 -> 95.711303 | H40: =G40*H$26 -> 106.23955 | I40: =H40*I$26 -> 117.9259 | J40: =I40*J$26 -> 130.89775 | ... W40: =V40*W$26 -> 697.22289
A41: 500 | B41: 73.2 | C41: =B41*C$26 -> 81.252 | D41: =C41*D$26 -> 90.18972 | E41: =D41*E$26 -> 100.11059 | F41: =E41*F$26 -> 111.12275 | G41: =F41*G$26 -> 123.34626 | H41: =G41*H$26 -> 136.91435 | I41: =H41*I$26 -> 151.97492 | J41: =I41*J$26 -> 168.69216 | ... W41: =V41*W$26 -> 898.53373
... A47: 1200 | B47: 272.9 | C47: =B47*C$26 -> 302.919 | D47: =C47*D$26 -> 336.24009 | E47: =D47*E$26 -> 373.2265 | F47: =E47*F$26 -> 414.28141 | G47: =F47*G$26 -> 459.85237 | H47: =G47*H$26 -> 510.43613 | I47: =H47*I$26 -> 566.58411 | J47: =I47*J$26 -> 628.90836 | ... W47: =V47*W$26 -> 3349.8614

Sheet Manhole Rate
B1: Up to 1.5 | C1: 1.5 - 2.0 | D1: 2.0 - 2.5 | E1: 2.5 - 3.0 | F1: 3.0 - 3.5 | G1: 3.5 - 4.0 | H1: 4.0 - 4.5 | I1: 4.5 - 5.0 | J1: 5.0 - 5.5 | K1: 5.5 - 6.0 | L1: 6.0 - 6.5 | M1: 6.5 - 7.0 | N1: 7.0 - 7.5 | O1: 7.5 - 8.0 | P1: 8.0 - 8.5 | Q1: 8.5 - 9.0 | R1: 9.0 - 9.5 | S1: 9.5 - 10.0 | T1: 10.0 - 10.5 | U1: 10.5 - 11.0 | V1: 11.0 - 11.5 | W1: 11.5 - 12.0 | X1: 12.0 - 12.5 | Y1: 12.5 - 13.0 | Z1: 13.0 - 13.5 | AA1: 13.5 - 14.0 | AB1: 14.0 - 14.5 | AC1: 14.5 - 15.0
A2: Type 1 - 1200 mm | B2: 703.81171 | C2: 813.60938 | D2: 884.92779 | E2: 1089.5107 | F2: 1253.9371 | G2: =F2*G$7 -> 1391.8702 | H2: =G2*H$7 -> 1544.9759 | I2: =H2*I$7 -> 1714.9232 | J2: =I2*J$7 -> 1903.5648 | K2: =J2*K$7 -> 2112.9569 | L2: =K2*L$7 -> 2746.844 | M2: =L2*M$7 -> 3048.9968 | N2: =M2*N$7 -> 3384.3865 | ... AC2: =AB2*AC$7 -> 22210.86
A3: Type 2 - 1500 mm | B3: 895.2 | C3: =B3*C7 -> 993.672 | D3: =C3*D7 -> 1102.9759 | E3: =D3*E7 -> 1224.3033 | F3: =E3*F7 -> 1358.9766 | G3: =F3*G7 -> 1508.4641 | H3: =G3*H7 -> 1674.3951 | I3: =H3*I7 -> 1858.5786 | J3: =I3*J7 -> 2063.0222 | ... AC3: =AB3*AC7 -> 24071.415
A4: Type 3 - 1800 mm | B4: =C4/C7 -> 1234.7521 | C4: 1370.5748 | D4: 1564.5066 | E4: 1764.0353 | F4: 1988.4946 | G4: 2207.7837 | H4: 2699.9699 | I4: 2992.553 | J4: 3291.6158 | K4: 3548.1071 | L4: 3864.5383 | M4: 4134.5475 | N4: 4391.3321 | O4: 4825.322 | P4: 5030.5 | Q4: 5235.6 | R4: 5440.7699 | S4: 7069.9 | T4: 8699.0725 | U4: =T4*U$7 -> 9655.9705 | V4: =U4*V$7 -> 10718.127 | W4: =V4*W$7 -> 11897.121 | X4: =W4*X$7 -> 15466.258 | Y4: =X4*Y$7 -> 17167.546 | Z4: =Y4*Z$7 -> 19055.976 | AA4: =Z4*AA$7 -> 21152.133 | AB4: =AA4*AB$7 -> 23478.868 | AC4: =AB4*AC$7 -> 26061.543
A6: Depth | B6: Up to 1.5 | C6: 1.5 - 2.0 | D6: 2.0 - 2.5 | E6: 2.5 - 3.0 | F6: 3.0 - 3.5 | G6: 3.5 - 4.0 | H6: 4.0 - 4.5 | I6: 4.5 - 5.0 | J6: 5.0 - 5.5 | K6: 5.5 - 6.0 | L6: 6.0 - 6.5 | M6: 6.5 - 7.0 | N6: 7.0 - 7.5 | O6: 7.5 - 8.0 | P6: 8.0 - 8.5 | Q6: 8.5 - 9.0 | R6: 9.0 - 9.5 | S6: 9.5 - 10.0 | T6: 10.0 - 10.5 | U6: 10.5 - 11.0 | V6: 11.0 - 11.5 | W6: 11.5 - 12.0 | X6: 12.0 - 12.5 | Y6: 12.5 - 13.0 | Z6: 13.0 - 13.5 | AA6: 13.5 - 14.0 | AB6: 14.0 - 14.5 | AC6: 14.5 - 15.0
A7: Growth | C7: 1.11 | D7: 1.11 | E7: 1.11 | F7: 1.11 | G7: 1.11 | H7: 1.11 | I7: 1.11 | J7: 1.11 | K7: 1.11 | L7: 1.3 | M7: 1.11 | N7: 1.11 | O7: 1.11 | P7: 1.11 | Q7: 1.11 | R7: 1.3 | S7: 1.11 | T7: 1.11 | U7: 1.11 | V7: 1.11 | W7: 1.11 | X7: 1.3 | Y7: 1.11 | Z7: 1.11 | AA7: 1.11 | AB7: 1.11 | AC7: 1.11

Sheet Sewer Pipes - CAPEX
A1: Sewer Pipe (mm) | B1: Depth (m) | C1: Rate (OMR/m) | D1: S1 | E1: S2 | F1: S3 | G1: S4 | H1: S5 | I1: S6 | J1: S7 | K1: S1 | L1: S2 | M1: S3 | N1: S4 | O1: S5 | P1: S6 | Q1: S7
D2: Length (m) | E2: Length (m) | F2: Length (m) | G2: Length (m) | H2: Length (m) | I2: Length (m) | J2: Length (m) | K2: Total Amount (OMR) | L2: Total Amount (OMR) | M2: Total Amount (OMR) | N2: Total Amount (OMR) | O2: Total Amount (OMR) | P2: Total Amount (OMR) | Q2: Total Amount (OMR)
A3: 200 | B3: Up to 1.5 | C3: =IFERROR(VLOOKUP($A3,'Pipe Rate'!$A$1:$AC$23,MATCH($B3,'Pipe Rate'!$B$1:$AC$1,0)+1,0),"N/F") -> 10.5 | D3: 41778 | E3: 41778 | F3: 41778 | G3: 41778 | H3: 41778 | I3: 41778 | J3: 41778 | K3: =IFERROR(D3*$C3,0) -> 438669 | L3: =IFERROR(E3*$C3,0) -> 438669 | M3: =IFERROR(F3*$C3,0) -> 438669 | N3: =IFERROR(G3*$C3,0) -> 438669 | O3: =IFERROR(H3*$C3,0) -> 438669 | P3: =IFERROR(I3*$C3,0) -> 438669 | Q3: =IFERROR(J3*$C3,0) -> 438669
A4: 200 | B4: 1.5 - 2.0 | C4: =IFERROR(VLOOKUP($A4,'Pipe Rate'!$A$1:$AC$23,MATCH($B4,'Pipe Rate'!$B$1:$AC$1,0)+1,0),"N/F") -> 11.655 | D4: 514857 | E4: 514747 | F4: 514857 | G4: 515009 | H4: 515043 | I4: 515043 | J4: 514857 | K4: =IFERROR(D4*$C4,0) -> 6000658.3 | L4: =IFERROR(E4*$C4,0) -> 5999376.3 | M4: =IFERROR(F4*$C4,0) -> 6000658.3 | N4: =IFERROR(G4*$C4,0) -> 6002429.9 | O4: =IFERROR(H4*$C4,0) -> 6002826.2 | P4: =IFERROR(I4*$C4,0) -> 6002826.2 | Q4: =IFERROR(J4*$C4,0) -> 6000658.3
A5: 200 | B5: 2.0 - 2.5 | C5: =IFERROR(VLOOKUP($A5,'Pipe Rate'!$A$1:$AC$23,MATCH($B5,'Pipe Rate'!$B$1:$AC$1,0)+1,0),"N/F") -> 12.93705 | D5: 205654 | E5: 205654 | F5: 205654 | G5: 205654 | H5: 205897 | I5: 206004 | J5: 205760 | K5: =IFERROR(D5*$C5,0) -> 2660556.1 | L5: =IFERROR(E5*$C5,0) -> 2660556.1 | M5: =IFERROR(F5*$C5,0) -> 2660556.1 | N5: =IFERROR(G5*$C5,0) -> 2660556.1 | O5: =IFERROR(H5*$C5,0) -> 2663699.8 | P5: =IFERROR(I5*$C5,0) -> 2665084 | Q5: =IFERROR(J5*$C5,0) -> 2661927.4
A6: 200 | B6: 2.5 - 3.0 | C6: =IFERROR(VLOOKUP($A6,'Pipe Rate'!$A$1:$AC$23,MATCH($B6,'Pipe Rate'!$B$1:$AC$1,0)+1,0),"N/F") -> 14.360126 | D6: 115195 | E6: 115195 | F6: 115299 | G6: 115399 | H6: 115541 | I6: 115601 | J6: 115255 | K6: =IFERROR(D6*$C6,0) -> 1654214.7 | L6: =IFERROR(E6*$C6,0) -> 1654214.7 | M6: =IFERROR(F6*$C6,0) -> 1655708.1 | N6: =IFERROR(G6*$C6,0) -> 1657144.1 | O6: =IFERROR(H6*$C6,0) -> 1659183.3 | P6: =IFERROR(I6*$C6,0) -> 1660044.9 | Q6: =IFERROR(J6*$C6,0) -> 1655076.3
A7: 200 | B7: 3.0 - 3.5 | C7: =IFERROR(VLOOKUP($A7,'Pipe Rate'!$A$1:$AC$23,MATCH($B7,'Pipe Rate'!$B$1:$AC$1,0)+1,0),"N/F") -> 15.939739 | D7: 91089 | E7: 91089 | F7: 91301 | G7: 91456 | H7: 91966 | I7: 92548 | J7: 91672 | K7: =IFERROR(D7*$C7,0) -> 1451934.9 | L7: =IFERROR(E7*$C7,0) -> 1451934.9 | M7: =IFERROR(F7*$C7,0) -> 1455314.1 | N7: =IFERROR(G7*$C7,0) -> 1457784.8 | O7: =IFERROR(H7*$C7,0) -> 1465914.1 | P7: =IFERROR(I7*$C7,0) -> 1475191 | Q7: =IFERROR(J7*$C7,0) -> 1461227.8
A8: 200 | B8: 3.5 - 4.0 | C8: =IFERROR(VLOOKUP($A8,'Pipe Rate'!$A$1:$AC$23,MATCH($B8,'Pipe Rate'!$B$1:$AC$1,0)+1,0),"N/F") -> 17.693111 | D8: 68027 | E8: 68027 | F8: 68532 | G8: 68615 | H8: 68961 | I8: 69555 | J8: 68620 | K8: =IFERROR(D8*$C8,0) -> 1203609.2 | L8: =IFERROR(E8*$C8,0) -> 1203609.2 | M8: =IFERROR(F8*$C8,0) -> 1212544.3 | N8: =IFERROR(G8*$C8,0) -> 1214012.8 | O8: =IFERROR(H8*$C8,0) -> 1220134.6 | P8: =IFERROR(I8*$C8,0) -> 1230644.3 | Q8: =IFERROR(J8*$C8,0) -> 1214101.3
A9: 200 | B9: 4.5 - 5.0 | C9: =IFERROR(VLOOKUP($A9,'Pipe Rate'!$A$1:$AC$23,MATCH($B9,'Pipe Rate'!$B$1:$AC$1,0)+1,0),"N/F") -> 21.799682 | D9: 89736 | E9: 89736 | F9: 90371 | G9: 90640 | H9: 91240 | I9: 92062 | J9: 90558 | K9: =IFERROR(D9*$C9,0) -> 1956216.2 | L9: =IFERROR(E9*$C9,0) -> 1956216.2 | M9: =IFERROR(F9*$C9,0) -> 1970059 | N9: =IFERROR(G9*$C9,0) -> 1975923.1 | O9: =IFERROR(H9*$C9,0) -> 1989002.9 | P9: =IFERROR(I9*$C9,0) -> 2006922.3 | Q9: =IFERROR(J9*$C9,0) -> 1974135.6
A10: 200 | B10: 5.5 - 6.0 | C10: =IFERROR(VLOOKUP($A10,'Pipe Rate'!$A$1:$AC$23,MATCH($B10,'Pipe Rate'!$B$1:$AC$1,0)+1,0),"N/F") -> 26.859388 | D10: 60258 | E10: 60258 | F10: 61204 | G10: 61543 | H10: 61880 | I10: 62380 | J10: 60758 | K10: =IFERROR(D10*$C10,0) -> 1618493 | L10: =IFERROR(E10*$C10,0) -> 1618493 | M10: =IFERROR(F10*$C10,0) -> 1643902 | N10: =IFERROR(G10*$C10,0) -> 1653007.3 | O10: =IFERROR(H10*$C10,0) -> 1662058.9 | P10: =IFERROR(I10*$C10,0) -> 1675488.6 | Q10: =IFERROR(J10*$C10,0) -> 1631922.7
A11: 200 | B11: 6.5 - 7.0 | C11: =IFERROR(VLOOKUP($A11,'Pipe Rate'!$A$1:$AC$23,MATCH($B11,'Pipe Rate'!$B$1:$AC$1,0)+1,0),"N/F") -> 38.758096 | D11: 35336 | E11: 35336 | F11: 35848 | G11: 36389 | H11: 36389 | I11: 36389 | J11: 35336 | K11: =IFERROR(D11*$C11,0) -> 1369556.1 | L11: =IFERROR(E11*$C11,0) -> 1369556.1 | M11: =IFERROR(F11*$C11,0) -> 1389400.2 | N11: =IFERROR(G11*$C11,0) -> 1410368.4 | O11: =IFERROR(H11*$C11,0) -> 1410368.4 | P11: =IFERROR(I11*$C11,0) -> 1410368.4 | Q11: =IFERROR(J11*$C11,0) -> 1369556.1
A12: 200 | B12: 7.5 - 8.0 | C12: =IFERROR(VLOOKUP($A12,'Pipe Rate'!$A$1:$AC$23,MATCH($B12,'Pipe Rate'!$B$1:$AC$1,0)+1,0),"N/F") -> 47.753851 | D12: 27781 | E12: 27410 | F12: 27781 | G12: 29074 | H12: 29074 | I12: 29074 | J12: 27781 | K12: =IFERROR(D12*$C12,0) -> 1326649.7 | L12: =IFERROR(E12*$C12,0) -> 1308933 | M12: =IFERROR(F12*$C12,0) -> 1326649.7 | N12: =IFERROR(G12*$C12,0) -> 1388395.5 | O12: =IFERROR(H12*$C12,0) -> 1388395.5 | P12: =IFERROR(I12*$C12,0) -> 1388395.5 | Q12: =IFERROR(J12*$C12,0) -> 1326649.7
A13: 200 | B13: 8.5 - 9.0 | C13: =IFERROR(VLOOKUP($A13,'Pipe Rate'!$A$1:$AC$23,MATCH($B13,'Pipe Rate'!$B$1:$AC$1,0)+1,0),"N/F") -> 58.837519 | D13: 15235 | E13: 14893 | F13: 15235 | G13: 15837 | H13: 15837 | I13: 15837 | J13: 15235 | K13: =IFERROR(D13*$C13,0) -> 896389.61 | L13: =IFERROR(E13*$C13,0) -> 876267.18 | M13: =IFERROR(F13*$C13,0) -> 896389.61 | N13: =IFERROR(G13*$C13,0) -> 931809.79 | O13: =IFERROR(H13*$C13,0) -> 931809.79 | P13: =IFERROR(I13*$C13,0) -> 931809.79 | Q13: =IFERROR(J13*$C13,0) -> 896389.61
A14: 200 | B14: 9.5 - 10.0 | C14: =IFERROR(VLOOKUP($A14,'Pipe Rate'!$A$1:$AC$23,MATCH($B14,'Pipe Rate'!$B$1:$AC$1,0)+1,0),"N/F") -> 84.90254 | D14: 8218 | E14: 7812 | F14: 8218 | G14: 8218 | H14: 8218 | I14: 8218 | J14: 8218 | K14: =IFERROR(D14*$C14,0) -> 697729.08 | L14: =IFERROR(E14*$C14,0) -> 663258.65 | M14: =IFERROR(F14*$C14,0) -> 697729.08 | N14: =IFERROR(G14*$C14,0) -> 697729.08 | O14: =IFERROR(H14*$C14,0) -> 697729.08 | P14: =IFERROR(I14*$C14,0) -> 697729.08 | Q14: =IFERROR(J14*$C14,0) -> 697729.08
... A71: 355 | B71: 10.5 - 11.0 | C71: =IFERROR(VLOOKUP($A71,'Pipe Rate'!$A$1:$AC$23,MATCH($B71,'Pipe Rate'!$B$1:$AC$1,0)+1,0),"N/F") -> 256.04156 | D71: 726 | E71: 726 | F71: 726 | G71: 726 | H71: 726 | I71: 726 | J71: 726 | K71: =IFERROR(D71*$C71,0) -> 185886.17 | L71: =IFERROR(E71*$C71,0) -> 185886.17 | M71: =IFERROR(F71*$C71,0) -> 185886.17 | N71: =IFERROR(G71*$C71,0) -> 185886.17 | O71: =IFERROR(H71*$C71,0) -> 185886.17 | P71: =IFERROR(I71*$C71,0) -> 185886.17 | Q71: =IFERROR(J71*$C71,0) -> 185886.17
A72: 450 | B72: 1.5 - 2.0 | C72: =IFERROR(VLOOKUP($A72,'Pipe Rate'!$A$1:$AC$23,MATCH($B72,'Pipe Rate'!$B$1:$AC$1,0)+1,0),"N/F") -> 37.74 | D72: 659 | F72: 659 | G72: 659 | H72: 659 | I72: 659 | J72: 659 | K72: =IFERROR(D72*$C72,0) -> 24870.66 | L72: =IFERROR(E72*$C72,0) -> 0 | M72: =IFERROR(F72*$C72,0) -> 24870.66 | N72: =IFERROR(G72*$C72,0) -> 24870.66 | O72: =IFERROR(H72*$C72,0) -> 24870.66 | P72: =IFERROR(I72*$C72,0) -> 24870.66 | Q72: =IFERROR(J72*$C72,0) -> 24870.66
A73: 450 | B73: 2.0 - 2.5 | C73: =IFERROR(VLOOKUP($A73,'Pipe Rate'!$A$1:$AC$23,MATCH($B73,'Pipe Rate'!$B$1:$AC$1,0)+1,0),"N/F") -> 41.8914 | D73: 168 | F73: 168 | G73: 168 | H73: 168 | I73: 168 | J73: 168 | K73: =IFERROR(D73*$C73,0) -> 7037.7552 | L73: =IFERROR(E73*$C73,0) -> 0 | M73: =IFERROR(F73*$C73,0) -> 7037.7552 | N73: =IFERROR(G73*$C73,0) -> 7037.7552 | O73: =IFERROR(H73*$C73,0) -> 7037.7552 | P73: =IFERROR(I73*$C73,0) -> 7037.7552 | Q73: =IFERROR(J73*$C73,0) -> 7037.7552
A74: 450 | B74: 2.5 - 3.0 | C74: =IFERROR(VLOOKUP($A74,'Pipe Rate'!$A$1:$AC$23,MATCH($B74,'Pipe Rate'!$B$1:$AC$1,0)+1,0),"N/F") -> 46.499454 | D74: 344 | E74: 200 | F74: 344 | G74: 344 | H74: 344 | I74: 344 | J74: 344 | K74: =IFERROR(D74*$C74,0) -> 15995.812 | L74: =IFERROR(E74*$C74,0) -> 9299.8908 | M74: =IFERROR(F74*$C74,0) -> 15995.812 | N74: =IFERROR(G74*$C74,0) -> 15995.812 | O74: =IFERROR(H74*$C74,0) -> 15995.812 | P74: =IFERROR(I74*$C74,0) -> 15995.812 | Q74: =IFERROR(J74*$C74,0) -> 15995.812
A75: 450 | B75: 3.0 - 3.5 | C75: =IFERROR(VLOOKUP($A75,'Pipe Rate'!$A$1:$AC$23,MATCH($B75,'Pipe Rate'!$B$1:$AC$1,0)+1,0),"N/F") -> 51.614394 | D75: 567 | E75: 467 | F75: 567 | G75: 567 | H75: 567 | I75: 567 | J75: 567 | K75: =IFERROR(D75*$C75,0) -> 29265.361 | L75: =IFERROR(E75*$C75,0) -> 24103.922 | M75: =IFERROR(F75*$C75,0) -> 29265.361 | N75: =IFERROR(G75*$C75,0) -> 29265.361 | O75: =IFERROR(H75*$C75,0) -> 29265.361 | P75: =IFERROR(I75*$C75,0) -> 29265.361 | Q75: =IFERROR(J75*$C75,0) -> 29265.361
A76: 450 | B76: 3.5 - 4.0 | C76: =IFERROR(VLOOKUP($A76,'Pipe Rate'!$A$1:$AC$23,MATCH($B76,'Pipe Rate'!$B$1:$AC$1,0)+1,0),"N/F") -> 57.291977 | D76: 339 | E76: 339 | F76: 339 | G76: 339 | H76: 339 | I76: 339 | J76: 339 | K76: =IFERROR(D76*$C76,0) -> 19421.98 | L76: =IFERROR(E76*$C76,0) -> 19421.98 | M76: =IFERROR(F76*$C76,0) -> 19421.98 | N76: =IFERROR(G76*$C76,0) -> 19421.98 | O76: =IFERROR(H76*$C76,0) -> 19421.98 | P76: =IFERROR(I76*$C76,0) -> 19421.98 | Q76: =IFERROR(J76*$C76,0) -> 19421.98
A77: 450 | B77: 4.5 - 5.0 | C77: =IFERROR(VLOOKUP($A77,'Pipe Rate'!$A$1:$AC$23,MATCH($B77,'Pipe Rate'!$B$1:$AC$1,0)+1,0),"N/F") -> 70.589445 | D77: 927 | E77: 927 | F77: 927 | G77: 927 | H77: 927 | I77: 927 | J77: 927 | K77: =IFERROR(D77*$C77,0) -> 65436.416 | L77: =IFERROR(E77*$C77,0) -> 65436.416 | M77: =IFERROR(F77*$C77,0) -> 65436.416 | N77: =IFERROR(G77*$C77,0) -> 65436.416 | O77: =IFERROR(H77*$C77,0) -> 65436.416 | P77: =IFERROR(I77*$C77,0) -> 65436.416 | Q77: =IFERROR(J77*$C77,0) -> 65436.416
A78: 450 | B78: 5.5 - 6.0 | C78: =IFERROR(VLOOKUP($A78,'Pipe Rate'!$A$1:$AC$23,MATCH($B78,'Pipe Rate'!$B$1:$AC$1,0)+1,0),"N/F") -> 86.973255 | D78: 2260 | E78: 2052 | F78: 2260 | G78: 2260 | H78: 2260 | I78: 2260 | J78: 2260 | K78: =IFERROR(D78*$C78,0) -> 196559.56 | L78: =IFERROR(E78*$C78,0) -> 178469.12 | M78: =IFERROR(F78*$C78,0) -> 196559.56 | N78: =IFERROR(G78*$C78,0) -> 196559.56 | O78: =IFERROR(H78*$C78,0) -> 196559.56 | P78: =IFERROR(I78*$C78,0) -> 196559.56 | Q78: =IFERROR(J78*$C78,0) -> 196559.56
A79: 450 | B79: 6.5 - 7.0 | C79: =IFERROR(VLOOKUP($A79,'Pipe Rate'!$A$1:$AC$23,MATCH($B79,'Pipe Rate'!$B$1:$AC$1,0)+1,0),"N/F") -> 125.50241 | D79: 1006 | E79: 886 | F79: 1006 | G79: 1006 | H79: 1006 | I79: 1006 | J79: 1006 | K79: =IFERROR(D79*$C79,0) -> 126255.42 | L79: =IFERROR(E79*$C79,0) -> 111195.13 | M79: =IFERROR(F79*$C79,0) -> 126255.42 | N79: =IFERROR(G79*$C79,0) -> 126255.42 | O79: =IFERROR(H79*$C79,0) -> 126255.42 | P79: =IFERROR(I79*$C79,0) -> 126255.42 | Q79: =IFERROR(J79*$C79,0) -> 126255.42
A80: 450 | B80: 7.5 - 8.0 | C80: =IFERROR(VLOOKUP($A80,'Pipe Rate'!$A$1:$AC$23,MATCH($B80,'Pipe Rate'!$B$1:$AC$1,0)+1,0),"N/F") -> 154.63152 | D80: 2283 | E80: 2121 | F80: 2283 | G80: 2283 | H80: 2283 | I80: 2283 | J80: 2283 | K80: =IFERROR(D80*$C80,0) -> 353023.75 | L80: =IFERROR(E80*$C80,0) -> 327973.45 | M80: =IFERROR(F80*$C80,0) -> 353023.75 | N80: =IFERROR(G80*$C80,0) -> 353023.75 | O80: =IFERROR(H80*$C80,0) -> 353023.75 | P80: =IFERROR(I80*$C80,0) -> 353023.75 | Q80: =IFERROR(J80*$C80,0) -> 353023.75
A81: 450 | B81: 8.5 - 9.0 | C81: =IFERROR(VLOOKUP($A81,'Pipe Rate'!$A$1:$AC$23,MATCH($B81,'Pipe Rate'!$B$1:$AC$1,0)+1,0),"N/F") -> 190.52149 | D81: 625 | E81: 625 | F81: 625 | G81: 625 | H81: 625 | I81: 625 | J81: 625 | K81: =IFERROR(D81*$C81,0) -> 119075.93 | L81: =IFERROR(E81*$C81,0) -> 119075.93 | M81: =IFERROR(F81*$C81,0) -> 119075.93 | N81: =IFERROR(G81*$C81,0) -> 119075.93 | O81: =IFERROR(H81*$C81,0) -> 119075.93 | P81: =IFERROR(I81*$C81,0) -> 119075.93 | Q81: =IFERROR(J81*$C81,0) -> 119075.93
A82: 450 | B82: 9.5 - 10.0 | C82: =IFERROR(VLOOKUP($A82,'Pipe Rate'!$A$1:$AC$23,MATCH($B82,'Pipe Rate'!$B$1:$AC$1,0)+1,0),"N/F") -> 274.92251 | D82: 800 | E82: 800 | F82: 800 | G82: 800 | H82: 800 | I82: 800 | J82: 800 | K82: =IFERROR(D82*$C82,0) -> 219938.01 | L82: =IFERROR(E82*$C82,0) -> 219938.01 | M82: =IFERROR(F82*$C82,0) -> 219938.01 | N82: =IFERROR(G82*$C82,0) -> 219938.01 | O82: =IFERROR(H82*$C82,0) -> 219938.01 | P82: =IFERROR(I82*$C82,0) -> 219938.01 | Q82: =IFERROR(J82*$C82,0) -> 219938.01
A83: 450 | B83: 10.5 - 11.0 | C83: =IFERROR(VLOOKUP($A83,'Pipe Rate'!$A$1:$AC$23,MATCH($B83,'Pipe Rate'!$B$1:$AC$1,0)+1,0),"N/F") -> 338.73203 | D83: 383 | E83: 383 | F83: 383 | G83: 383 | H83: 383 | I83: 383 | J83: 383 | K83: =IFERROR(D83*$C83,0) -> 129734.37 | L83: =IFERROR(E83*$C83,0) -> 129734.37 | M83: =IFERROR(F83*$C83,0) -> 129734.37 | N83: =IFERROR(G83*$C83,0) -> 129734.37 | O83: =IFERROR(H83*$C83,0) -> 129734.37 | P83: =IFERROR(I83*$C83,0) -> 129734.37 | Q83: =IFERROR(J83*$C83,0) -> 129734.37
A84: 500 | B84: 1.5 - 2.0 | C84: =IFERROR(VLOOKUP($A84,'Pipe Rate'!$A$1:$AC$23,MATCH($B84,'Pipe Rate'!$B$1:$AC$1,0)+1,0),"N/F") -> 38.85 | D84: 176 | E84: 176 | F84: 176 | G84: 176 | H84: 176 | I84: 176 | J84: 176 | K84: =IFERROR(D84*$C84,0) -> 6837.6 | L84: =IFERROR(E84*$C84,0) -> 6837.6 | M84: =IFERROR(F84*$C84,0) -> 6837.6 | N84: =IFERROR(G84*$C84,0) -> 6837.6 | O84: =IFERROR(H84*$C84,0) -> 6837.6 | P84: =IFERROR(I84*$C84,0) -> 6837.6 | Q84: =IFERROR(J84*$C84,0) -> 6837.6
A85: 500 | B85: 2.0 - 2.5 | C85: =IFERROR(VLOOKUP($A85,'Pipe Rate'!$A$1:$AC$23,MATCH($B85,'Pipe Rate'!$B$1:$AC$1,0)+1,0),"N/F") -> 43.1235 | D85: 865 | E85: 865 | F85: 865 | G85: 865 | H85: 865 | I85: 865 | J85: 865 | K85: =IFERROR(D85*$C85,0) -> 37301.828 | L85: =IFERROR(E85*$C85,0) -> 37301.828 | M85: =IFERROR(F85*$C85,0) -> 37301.828 | N85: =IFERROR(G85*$C85,0) -> 37301.828 | O85: =IFERROR(H85*$C85,0) -> 37301.828 | P85: =IFERROR(I85*$C85,0) -> 37301.828 | Q85: =IFERROR(J85*$C85,0) -> 37301.828
... A127: 710 | B127: 8.5 - 9.0 | C127: =IFERROR(VLOOKUP($A127,'Pipe Rate'!$A$1:$AC$23,MATCH($B127,'Pipe Rate'!$B$1:$AC$1,0)+1,0),"N/F") -> 332.2919 | D127: 554 | E127: 554 | F127: 554 | G127: 936 | H127: 936 | I127: 1295 | J127: 914 | K127: =IFERROR(D127*$C127,0) -> 184089.71 | L127: =IFERROR(E127*$C127,0) -> 184089.71 | M127: =IFERROR(F127*$C127,0) -> 184089.71 | N127: =IFERROR(G127*$C127,0) -> 311025.21 | O127: =IFERROR(H127*$C127,0) -> 311025.21 | P127: =IFERROR(I127*$C127,0) -> 430318 | Q127: =IFERROR(J127*$C127,0) -> 303714.79
A128: 710 | B128: 9.5 - 10.0 | C128: =IFERROR(VLOOKUP($A128,'Pipe Rate'!$A$1:$AC$23,MATCH($B128,'Pipe Rate'!$B$1:$AC$1,0)+1,0),"N/F") -> 479.4972 | I128: 197 | J128: 197 | K128: =IFERROR(D128*$C128,0) -> 0 | L128: =IFERROR(E128*$C128,0) -> 0 | M128: =IFERROR(F128*$C128,0) -> 0 | N128: =IFERROR(G128*$C128,0) -> 0 | O128: =IFERROR(H128*$C128,0) -> 0 | P128: =IFERROR(I128*$C128,0) -> 94460.949 | Q128: =IFERROR(J128*$C128,0) -> 94460.949
A129: 710 | B129: 10.5 - 11.0 | C129: =IFERROR(VLOOKUP($A129,'Pipe Rate'!$A$1:$AC$23,MATCH($B129,'Pipe Rate'!$B$1:$AC$1,0)+1,0),"N/F") -> 590.78851 | D129: 288 | E129: 288 | F129: 288 | G129: 288 | H129: 288 | I129: 389 | J129: 389 | K129: =IFERROR(D129*$C129,0) -> 170147.09 | L129: =IFERROR(E129*$C129,0) -> 170147.09 | M129: =IFERROR(F129*$C129,0) -> 170147.09 | N129: =IFERROR(G129*$C129,0) -> 170147.09 | O129: =IFERROR(H129*$C129,0) -> 170147.09 | P129: =IFERROR(I129*$C129,0) -> 229816.73 | Q129: =IFERROR(J129*$C129,0) -> 229816.73
A130: 710 | B130: 11.5 - 12.0 | C130: =IFERROR(VLOOKUP($A130,'Pipe Rate'!$A$1:$AC$23,MATCH($B130,'Pipe Rate'!$B$1:$AC$1,0)+1,0),"N/F") -> 727.91052 | D130: 960 | E130: 960 | F130: 960 | G130: 960 | H130: 960 | I130: 1348 | J130: 1348 | K130: =IFERROR(D130*$C130,0) -> 698794.1 | L130: =IFERROR(E130*$C130,0) -> 698794.1 | M130: =IFERROR(F130*$C130,0) -> 698794.1 | N130: =IFERROR(G130*$C130,0) -> 698794.1 | O130: =IFERROR(H130*$C130,0) -> 698794.1 | P130: =IFERROR(I130*$C130,0) -> 981223.38 | Q130: =IFERROR(J130*$C130,0) -> 981223.38
A131: 710 | B131: 12.5 - 13.0 | C131: =IFERROR(VLOOKUP($A131,'Pipe Rate'!$A$1:$AC$23,MATCH($B131,'Pipe Rate'!$B$1:$AC$1,0)+1,0),"N/F") -> 1050.3749 | I131: 222 | J131: 222 | K131: =IFERROR(D131*$C131,0) -> 0 | L131: =IFERROR(E131*$C131,0) -> 0 | M131: =IFERROR(F131*$C131,0) -> 0 | N131: =IFERROR(G131*$C131,0) -> 0 | O131: =IFERROR(H131*$C131,0) -> 0 | P131: =IFERROR(I131*$C131,0) -> 233183.22 | Q131: =IFERROR(J131*$C131,0) -> 233183.22
A132: 710 | B132: 13.5 - 14.0 | C132: =IFERROR(VLOOKUP($A132,'Pipe Rate'!$A$1:$AC$23,MATCH($B132,'Pipe Rate'!$B$1:$AC$1,0)+1,0),"N/F") -> 1294.1669 | I132: 100 | J132: 100 | K132: =IFERROR(D132*$C132,0) -> 0 | L132: =IFERROR(E132*$C132,0) -> 0 | M132: =IFERROR(F132*$C132,0) -> 0 | N132: =IFERROR(G132*$C132,0) -> 0 | O132: =IFERROR(H132*$C132,0) -> 0 | P132: =IFERROR(I132*$C132,0) -> 129416.69 | Q132: =IFERROR(J132*$C132,0) -> 129416.69
A133: 710 | B133: 14.5 - 15.0 | C133: =IFERROR(VLOOKUP($A133,'Pipe Rate'!$A$1:$AC$23,MATCH($B133,'Pipe Rate'!$B$1:$AC$1,0)+1,0),"N/F") -> 1594.543 | I133: 252 | J133: 252 | K133: =IFERROR(D133*$C133,0) -> 0 | L133: =IFERROR(E133*$C133,0) -> 0 | M133: =IFERROR(F133*$C133,0) -> 0 | N133: =IFERROR(G133*$C133,0) -> 0 | O133: =IFERROR(H133*$C133,0) -> 0 | P133: =IFERROR(I133*$C133,0) -> 401824.84 | Q133: =IFERROR(J133*$C133,0) -> 401824.84
A134: 800 | B134: 2.0 - 2.5 | C134: =IFERROR(VLOOKUP($A134,'Pipe Rate'!$A$1:$AC$23,MATCH($B134,'Pipe Rate'!$B$1:$AC$1,0)+1,0),"N/F") -> 105.46776 | D134: 434 | E134: 434 | F134: 434 | G134: 434 | H134: 434 | I134: 434 | J134: 434 | K134: =IFERROR(D134*$C134,0) -> 45773.008 | L134: =IFERROR(E134*$C134,0) -> 45773.008 | M134: =IFERROR(F134*$C134,0) -> 45773.008 | N134: =IFERROR(G134*$C134,0) -> 45773.008 | O134: =IFERROR(H134*$C134,0) -> 45773.008 | P134: =IFERROR(I134*$C134,0) -> 45773.008 | Q134: =IFERROR(J134*$C134,0) -> 45773.008
A135: 800 | B135: 2.5 - 3.0 | C135: =IFERROR(VLOOKUP($A135,'Pipe Rate'!$A$1:$AC$23,MATCH($B135,'Pipe Rate'!$B$1:$AC$1,0)+1,0),"N/F") -> 117.06921 | D135: 414 | E135: 414 | F135: 414 | G135: 414 | H135: 414 | I135: 414 | J135: 414 | K135: =IFERROR(D135*$C135,0) -> 48466.654 | L135: =IFERROR(E135*$C135,0) -> 48466.654 | M135: =IFERROR(F135*$C135,0) -> 48466.654 | N135: =IFERROR(G135*$C135,0) -> 48466.654 | O135: =IFERROR(H135*$C135,0) -> 48466.654 | P135: =IFERROR(I135*$C135,0) -> 48466.654 | Q135: =IFERROR(J135*$C135,0) -> 48466.654
A136: 800 | B136: 3.0 - 3.5 | C136: =IFERROR(VLOOKUP($A136,'Pipe Rate'!$A$1:$AC$23,MATCH($B136,'Pipe Rate'!$B$1:$AC$1,0)+1,0),"N/F") -> 129.94683 | D136: 277 | E136: 277 | F136: 277 | G136: 334 | H136: 334 | I136: 334 | J136: 277 | K136: =IFERROR(D136*$C136,0) -> 35995.271 | L136: =IFERROR(E136*$C136,0) -> 35995.271 | M136: =IFERROR(F136*$C136,0) -> 35995.271 | N136: =IFERROR(G136*$C136,0) -> 43402.24 | O136: =IFERROR(H136*$C136,0) -> 43402.24 | P136: =IFERROR(I136*$C136,0) -> 43402.24 | Q136: =IFERROR(J136*$C136,0) -> 35995.271
A137: 800 | B137: 3.5 - 4.0 | C137: =IFERROR(VLOOKUP($A137,'Pipe Rate'!$A$1:$AC$23,MATCH($B137,'Pipe Rate'!$B$1:$AC$1,0)+1,0),"N/F") -> 144.24098 | D137: 412 | E137: 412 | F137: 412 | G137: 553 | H137: 553 | I137: 553 | J137: 412 | K137: =IFERROR(D137*$C137,0) -> 59427.283 | L137: =IFERROR(E137*$C137,0) -> 59427.283 | M137: =IFERROR(F137*$C137,0) -> 59427.283 | N137: =IFERROR(G137*$C137,0) -> 79765.261 | O137: =IFERROR(H137*$C137,0) -> 79765.261 | P137: =IFERROR(I137*$C137,0) -> 79765.261 | Q137: =IFERROR(J137*$C137,0) -> 59427.283
A138: 800 | B138: 4.5 - 5.0 | C138: =IFERROR(VLOOKUP($A138,'Pipe Rate'!$A$1:$AC$23,MATCH($B138,'Pipe Rate'!$B$1:$AC$1,0)+1,0),"N/F") -> 177.71931 | D138: 89 | E138: 89 | F138: 89 | G138: 1371 | H138: 1371 | I138: 1371 | J138: 89 | K138: =IFERROR(D138*$C138,0) -> 15817.019 | L138: =IFERROR(E138*$C138,0) -> 15817.019 | M138: =IFERROR(F138*$C138,0) -> 15817.019 | N138: =IFERROR(G138*$C138,0) -> 243653.17 | O138: =IFERROR(H138*$C138,0) -> 243653.17 | P138: =IFERROR(I138*$C138,0) -> 243653.17 | Q138: =IFERROR(J138*$C138,0) -> 15817.019
A139: 800 | B139: 5.5 - 6.0 | C139: =IFERROR(VLOOKUP($A139,'Pipe Rate'!$A$1:$AC$23,MATCH($B139,'Pipe Rate'!$B$1:$AC$1,0)+1,0),"N/F") -> 218.96796 | D139: 459 | E139: 459 | F139: 459 | G139: 1195 | H139: 1195 | I139: 1195 | J139: 459 | K139: =IFERROR(D139*$C139,0) -> 100506.29 | L139: =IFERROR(E139*$C139,0) -> 100506.29 | M139: =IFERROR(F139*$C139,0) -> 100506.29 | N139: =IFERROR(G139*$C139,0) -> 261666.71 | O139: =IFERROR(H139*$C139,0) -> 261666.71 | P139: =IFERROR(I139*$C139,0) -> 261666.71 | Q139: =IFERROR(J139*$C139,0) -> 100506.29
A140: 800 | B140: 6.5 - 7.0 | C140: =IFERROR(VLOOKUP($A140,'Pipe Rate'!$A$1:$AC$23,MATCH($B140,'Pipe Rate'!$B$1:$AC$1,0)+1,0),"N/F") -> 315.97077 | D140: 612 | E140: 612 | F140: 612 | G140: 1113 | H140: 1486 | I140: 945 | J140: 70 | K140: =IFERROR(D140*$C140,0) -> 193374.11 | L140: =IFERROR(E140*$C140,0) -> 193374.11 | M140: =IFERROR(F140*$C140,0) -> 193374.11 | N140: =IFERROR(G140*$C140,0) -> 351675.46 | O140: =IFERROR(H140*$C140,0) -> 469532.56 | P140: =IFERROR(I140*$C140,0) -> 298592.38 | Q140: =IFERROR(J140*$C140,0) -> 22117.954
A141: 800 | B141: 7.5 - 8.0 | C141: =IFERROR(VLOOKUP($A141,'Pipe Rate'!$A$1:$AC$23,MATCH($B141,'Pipe Rate'!$B$1:$AC$1,0)+1,0),"N/F") -> 389.30758 | D141: 1179 | E141: 1179 | F141: 1179 | G141: 1179 | H141: 1627 | I141: 1139 | J141: 691 | K141: =IFERROR(D141*$C141,0) -> 458993.64 | L141: =IFERROR(E141*$C141,0) -> 458993.64 | M141: =IFERROR(F141*$C141,0) -> 458993.64 | N141: =IFERROR(G141*$C141,0) -> 458993.64 | O141: =IFERROR(H141*$C141,0) -> 633403.44 | P141: =IFERROR(I141*$C141,0) -> 443421.34 | Q141: =IFERROR(J141*$C141,0) -> 269011.54
A142: 800 | B142: 8.5 - 9.0 | C142: =IFERROR(VLOOKUP($A142,'Pipe Rate'!$A$1:$AC$23,MATCH($B142,'Pipe Rate'!$B$1:$AC$1,0)+1,0),"N/F") -> 479.66587 | D142: 1166 | E142: 1166 | F142: 1166 | G142: 1166 | H142: 1372 | I142: 1012 | J142: 807 | K142: =IFERROR(D142*$C142,0) -> 559290.41 | L142: =IFERROR(E142*$C142,0) -> 559290.41 | M142: =IFERROR(F142*$C142,0) -> 559290.41 | N142: =IFERROR(G142*$C142,0) -> 559290.41 | O142: =IFERROR(H142*$C142,0) -> 658101.58 | P142: =IFERROR(I142*$C142,0) -> 485421.86 | Q142: =IFERROR(J142*$C142,0) -> 387090.36
A143: 800 | B143: 9.5 - 10.0 | C143: =IFERROR(VLOOKUP($A143,'Pipe Rate'!$A$1:$AC$23,MATCH($B143,'Pipe Rate'!$B$1:$AC$1,0)+1,0),"N/F") -> 692.15785 | D143: 783 | E143: 783 | F143: 783 | G143: 783 | H143: 783 | I143: 586 | J143: 586 | K143: =IFERROR(D143*$C143,0) -> 541959.6 | L143: =IFERROR(E143*$C143,0) -> 541959.6 | M143: =IFERROR(F143*$C143,0) -> 541959.6 | N143: =IFERROR(G143*$C143,0) -> 541959.6 | O143: =IFERROR(H143*$C143,0) -> 541959.6 | P143: =IFERROR(I143*$C143,0) -> 405604.5 | Q143: =IFERROR(J143*$C143,0) -> 405604.5
A144: 800 | B144: 10.5 - 11.0 | C144: =IFERROR(VLOOKUP($A144,'Pipe Rate'!$A$1:$AC$23,MATCH($B144,'Pipe Rate'!$B$1:$AC$1,0)+1,0),"N/F") -> 852.80769 | D144: 178 | E144: 178 | F144: 178 | G144: 286 | H144: 286 | I144: 185 | J144: 77 | K144: =IFERROR(D144*$C144,0) -> 151799.77 | L144: =IFERROR(E144*$C144,0) -> 151799.77 | M144: =IFERROR(F144*$C144,0) -> 151799.77 | N144: =IFERROR(G144*$C144,0) -> 243903 | O144: =IFERROR(H144*$C144,0) -> 243903 | P144: =IFERROR(I144*$C144,0) -> 157769.42 | Q144: =IFERROR(J144*$C144,0) -> 65666.192
A145: 800 | B145: 11.5 - 12.0 | C145: =IFERROR(VLOOKUP($A145,'Pipe Rate'!$A$1:$AC$23,MATCH($B145,'Pipe Rate'!$B$1:$AC$1,0)+1,0),"N/F") -> 1050.7444 | D145: 388 | E145: 388 | F145: 388 | G145: 488 | H145: 488 | I145: 100 | K145: =IFERROR(D145*$C145,0) -> 407688.81 | L145: =IFERROR(E145*$C145,0) -> 407688.81 | M145: =IFERROR(F145*$C145,0) -> 407688.81 | N145: =IFERROR(G145*$C145,0) -> 512763.25 | O145: =IFERROR(H145*$C145,0) -> 512763.25 | P145: =IFERROR(I145*$C145,0) -> 105074.44 | Q145: =IFERROR(J145*$C145,0) -> 0
A146: 800 | B146: 12.5 - 13.0 | C146: =IFERROR(VLOOKUP($A146,'Pipe Rate'!$A$1:$AC$23,MATCH($B146,'Pipe Rate'!$B$1:$AC$1,0)+1,0),"N/F") -> 1516.2241 | D146: 222 | E146: 222 | F146: 222 | G146: 222 | H146: 222 | K146: =IFERROR(D146*$C146,0) -> 336601.75 | L146: =IFERROR(E146*$C146,0) -> 336601.75 | M146: =IFERROR(F146*$C146,0) -> 336601.75 | N146: =IFERROR(G146*$C146,0) -> 336601.75 | O146: =IFERROR(H146*$C146,0) -> 336601.75 | P146: =IFERROR(I146*$C146,0) -> 0 | Q146: =IFERROR(J146*$C146,0) -> 0
A147: 800 | B147: 13.5 - 14.0 | C147: =IFERROR(VLOOKUP($A147,'Pipe Rate'!$A$1:$AC$23,MATCH($B147,'Pipe Rate'!$B$1:$AC$1,0)+1,0),"N/F") -> 1868.1397 | D147: 100 | E147: 100 | F147: 100 | G147: 100 | H147: 100 | K147: =IFERROR(D147*$C147,0) -> 186813.97 | L147: =IFERROR(E147*$C147,0) -> 186813.97 | M147: =IFERROR(F147*$C147,0) -> 186813.97 | N147: =IFERROR(G147*$C147,0) -> 186813.97 | O147: =IFERROR(H147*$C147,0) -> 186813.97 | P147: =IFERROR(I147*$C147,0) -> 0 | Q147: =IFERROR(J147*$C147,0) -> 0
A148: 800 | B148: 14.5 - 15.0 | C148: =IFERROR(VLOOKUP($A148,'Pipe Rate'!$A$1:$AC$23,MATCH($B148,'Pipe Rate'!$B$1:$AC$1,0)+1,0),"N/F") -> 2301.735 | D148: 196 | E148: 196 | F148: 196 | G148: 196 | H148: 196 | K148: =IFERROR(D148*$C148,0) -> 451140.05 | L148: =IFERROR(E148*$C148,0) -> 451140.05 | M148: =IFERROR(F148*$C148,0) -> 451140.05 | N148: =IFERROR(G148*$C148,0) -> 451140.05 | O148: =IFERROR(H148*$C148,0) -> 451140.05 | P148: =IFERROR(I148*$C148,0) -> 0 | Q148: =IFERROR(J148*$C148,0) -> 0
A149: 900 | B149: 2.0 - 2.5 | C149: =IFERROR(VLOOKUP($A149,'Pipe Rate'!$A$1:$AC$23,MATCH($B149,'Pipe Rate'!$B$1:$AC$1,0)+1,0),"N/F") -> 120.99222 | D149: 200 | E149: 200 | F149: 200 | G149: 200 | H149: 1288 | I149: 1288 | J149: 200 | K149: =IFERROR(D149*$C149,0) -> 24198.444 | L149: =IFERROR(E149*$C149,0) -> 24198.444 | M149: =IFERROR(F149*$C149,0) -> 24198.444 | N149: =IFERROR(G149*$C149,0) -> 24198.444 | O149: =IFERROR(H149*$C149,0) -> 155837.98 | P149: =IFERROR(I149*$C149,0) -> 155837.98 | Q149: =IFERROR(J149*$C149,0) -> 24198.444
A150: 900 | B150: 2.5 - 3.0 | C150: =IFERROR(VLOOKUP($A150,'Pipe Rate'!$A$1:$AC$23,MATCH($B150,'Pipe Rate'!$B$1:$AC$1,0)+1,0),"N/F") -> 134.30136 | D150: 326 | E150: 326 | F150: 326 | G150: 326 | H150: 893 | I150: 893 | J150: 326 | K150: =IFERROR(D150*$C150,0) -> 43782.245 | L150: =IFERROR(E150*$C150,0) -> 43782.245 | M150: =IFERROR(F150*$C150,0) -> 43782.245 | N150: =IFERROR(G150*$C150,0) -> 43782.245 | O150: =IFERROR(H150*$C150,0) -> 119931.12 | P150: =IFERROR(I150*$C150,0) -> 119931.12 | Q150: =IFERROR(J150*$C150,0) -> 43782.245
A151: 900 | B151: 3.0 - 3.5 | C151: =IFERROR(VLOOKUP($A151,'Pipe Rate'!$A$1:$AC$23,MATCH($B151,'Pipe Rate'!$B$1:$AC$1,0)+1,0),"N/F") -> 149.07451 | D151: 255 | E151: 255 | F151: 255 | G151: 255 | H151: 333 | I151: 333 | J151: 255 | K151: =IFERROR(D151*$C151,0) -> 38014.001 | L151: =IFERROR(E151*$C151,0) -> 38014.001 | M151: =IFERROR(F151*$C151,0) -> 38014.001 | N151: =IFERROR(G151*$C151,0) -> 38014.001 | O151: =IFERROR(H151*$C151,0) -> 49641.813 | P151: =IFERROR(I151*$C151,0) -> 49641.813 | Q151: =IFERROR(J151*$C151,0) -> 38014.001
A152: 900 | B152: 3.5 - 4.0 | C152: =IFERROR(VLOOKUP($A152,'Pipe Rate'!$A$1:$AC$23,MATCH($B152,'Pipe Rate'!$B$1:$AC$1,0)+1,0),"N/F") -> 165.47271 | D152: 471 | E152: 471 | F152: 471 | G152: 471 | H152: 471 | I152: 471 | J152: 471 | K152: =IFERROR(D152*$C152,0) -> 77937.647 | L152: =IFERROR(E152*$C152,0) -> 77937.647 | M152: =IFERROR(F152*$C152,0) -> 77937.647 | N152: =IFERROR(G152*$C152,0) -> 77937.647 | O152: =IFERROR(H152*$C152,0) -> 77937.647 | P152: =IFERROR(I152*$C152,0) -> 77937.647 | Q152: =IFERROR(J152*$C152,0) -> 77937.647
A153: 900 | B153: 4.5 - 5.0 | C153: =IFERROR(VLOOKUP($A153,'Pipe Rate'!$A$1:$AC$23,MATCH($B153,'Pipe Rate'!$B$1:$AC$1,0)+1,0),"N/F") -> 203.87893 | D153: 996 | E153: 996 | F153: 996 | G153: 996 | H153: 996 | I153: 996 | J153: 996 | K153: =IFERROR(D153*$C153,0) -> 203063.41 | L153: =IFERROR(E153*$C153,0) -> 203063.41 | M153: =IFERROR(F153*$C153,0) -> 203063.41 | N153: =IFERROR(G153*$C153,0) -> 203063.41 | O153: =IFERROR(H153*$C153,0) -> 203063.41 | P153: =IFERROR(I153*$C153,0) -> 203063.41 | Q153: =IFERROR(J153*$C153,0) -> 203063.41
A154: 900 | B154: 5.5 - 6.0 | C154: =IFERROR(VLOOKUP($A154,'Pipe Rate'!$A$1:$AC$23,MATCH($B154,'Pipe Rate'!$B$1:$AC$1,0)+1,0),"N/F") -> 251.19923 | D154: 994 | E154: 994 | F154: 994 | G154: 994 | H154: 1123 | I154: 1123 | J154: 994 | K154: =IFERROR(D154*$C154,0) -> 249692.03 | L154: =IFERROR(E154*$C154,0) -> 249692.03 | M154: =IFERROR(F154*$C154,0) -> 249692.03 | N154: =IFERROR(G154*$C154,0) -> 249692.03 | O154: =IFERROR(H154*$C154,0) -> 282096.73 | P154: =IFERROR(I154*$C154,0) -> 282096.73 | Q154: =IFERROR(J154*$C154,0) -> 249692.03
A155: 900 | B155: 6.5 - 7.0 | C155: =IFERROR(VLOOKUP($A155,'Pipe Rate'!$A$1:$AC$23,MATCH($B155,'Pipe Rate'!$B$1:$AC$1,0)+1,0),"N/F") -> 362.48048 | D155: 299 | E155: 299 | F155: 299 | G155: 299 | H155: 370 | I155: 370 | J155: 299 | K155: =IFERROR(D155*$C155,0) -> 108381.66 | L155: =IFERROR(E155*$C155,0) -> 108381.66 | M155: =IFERROR(F155*$C155,0) -> 108381.66 | N155: =IFERROR(G155*$C155,0) -> 108381.66 | O155: =IFERROR(H155*$C155,0) -> 134117.78 | P155: =IFERROR(I155*$C155,0) -> 134117.78 | Q155: =IFERROR(J155*$C155,0) -> 108381.66
A156: 900 | B156: 7.5 - 8.0 | C156: =IFERROR(VLOOKUP($A156,'Pipe Rate'!$A$1:$AC$23,MATCH($B156,'Pipe Rate'!$B$1:$AC$1,0)+1,0),"N/F") -> 446.6122 | D156: 99 | E156: 99 | F156: 99 | G156: 99 | H156: 99 | I156: 189 | J156: 189 | K156: =IFERROR(D156*$C156,0) -> 44214.608 | L156: =IFERROR(E156*$C156,0) -> 44214.608 | M156: =IFERROR(F156*$C156,0) -> 44214.608 | N156: =IFERROR(G156*$C156,0) -> 44214.608 | O156: =IFERROR(H156*$C156,0) -> 44214.608 | P156: =IFERROR(I156*$C156,0) -> 84409.706 | Q156: =IFERROR(J156*$C156,0) -> 84409.706
A157: 900 | B157: 9.5 - 10.0 | C157: =IFERROR(VLOOKUP($A157,'Pipe Rate'!$A$1:$AC$23,MATCH($B157,'Pipe Rate'!$B$1:$AC$1,0)+1,0),"N/F") -> 794.0409 | D157: 140 | E157: 140 | F157: 140 | G157: 140 | H157: 140 | I157: 140 | J157: 140 | K157: =IFERROR(D157*$C157,0) -> 111165.73 | L157: =IFERROR(E157*$C157,0) -> 111165.73 | M157: =IFERROR(F157*$C157,0) -> 111165.73 | N157: =IFERROR(G157*$C157,0) -> 111165.73 | O157: =IFERROR(H157*$C157,0) -> 111165.73 | P157: =IFERROR(I157*$C157,0) -> 111165.73 | Q157: =IFERROR(J157*$C157,0) -> 111165.73
A158: 900 | B158: 10.5 - 11.0 | C158: =IFERROR(VLOOKUP($A158,'Pipe Rate'!$A$1:$AC$23,MATCH($B158,'Pipe Rate'!$B$1:$AC$1,0)+1,0),"N/F") -> 978.3378 | D158: 337 | E158: 337 | F158: 337 | G158: 337 | H158: 337 | I158: 337 | J158: 337 | K158: =IFERROR(D158*$C158,0) -> 329699.84 | L158: =IFERROR(E158*$C158,0) -> 329699.84 | M158: =IFERROR(F158*$C158,0) -> 329699.84 | N158: =IFERROR(G158*$C158,0) -> 329699.84 | O158: =IFERROR(H158*$C158,0) -> 329699.84 | P158: =IFERROR(I158*$C158,0) -> 329699.84 | Q158: =IFERROR(J158*$C158,0) -> 329699.84
A159: 900 | B159: 11.5 - 12.0 | C159: =IFERROR(VLOOKUP($A159,'Pipe Rate'!$A$1:$AC$23,MATCH($B159,'Pipe Rate'!$B$1:$AC$1,0)+1,0),"N/F") -> 1205.41 | D159: 677 | E159: 677 | F159: 677 | G159: 677 | H159: 677 | I159: 677 | J159: 677 | K159: =IFERROR(D159*$C159,0) -> 816062.57 | L159: =IFERROR(E159*$C159,0) -> 816062.57 | M159: =IFERROR(F159*$C159,0) -> 816062.57 | N159: =IFERROR(G159*$C159,0) -> 816062.57 | O159: =IFERROR(H159*$C159,0) -> 816062.57 | P159: =IFERROR(I159*$C159,0) -> 816062.57 | Q159: =IFERROR(J159*$C159,0) -> 816062.57
A160: 900 | B160: 12.5 - 13.0 | C160: =IFERROR(VLOOKUP($A160,'Pipe Rate'!$A$1:$AC$23,MATCH($B160,'Pipe Rate'!$B$1:$AC$1,0)+1,0),"N/F") -> 1739.4066 | D160: 122 | E160: 122 | F160: 122 | G160: 122 | H160: 122 | I160: 122 | J160: 122 | K160: =IFERROR(D160*$C160,0) -> 212207.61 | L160: =IFERROR(E160*$C160,0) -> 212207.61 | M160: =IFERROR(F160*$C160,0) -> 212207.61 | N160: =IFERROR(G160*$C160,0) -> 212207.61 | O160: =IFERROR(H160*$C160,0) -> 212207.61 | P160: =IFERROR(I160*$C160,0) -> 212207.61 | Q160: =IFERROR(J160*$C160,0) -> 212207.61
A161: 1000 | B161: 2.0 - 2.5 | C161: =IFERROR(VLOOKUP($A161,'Pipe Rate'!$A$1:$AC$23,MATCH($B161,'Pipe Rate'!$B$1:$AC$1,0)+1,0),"N/F") -> 140.4594 | D161: 638 | E161: 638 | H161: 300 | I161: 300 | J161: 638 | K161: =IFERROR(D161*$C161,0) -> 89613.097 | L161: =IFERROR(E161*$C161,0) -> 89613.097 | M161: =IFERROR(F161*$C161,0) -> 0 | N161: =IFERROR(G161*$C161,0) -> 0 | O161: =IFERROR(H161*$C161,0) -> 42137.82 | P161: =IFERROR(I161*$C161,0) -> 42137.82 | Q161: =IFERROR(J161*$C161,0) -> 89613.097
A162: 1000 | B162: 2.5 - 3.0 | C162: =IFERROR(VLOOKUP($A162,'Pipe Rate'!$A$1:$AC$23,MATCH($B162,'Pipe Rate'!$B$1:$AC$1,0)+1,0),"N/F") -> 155.90993 | D162: 1267 | E162: 1267 | F162: 380 | G162: 380 | H162: 680 | I162: 680 | J162: 1267 | K162: =IFERROR(D162*$C162,0) -> 197537.89 | L162: =IFERROR(E162*$C162,0) -> 197537.89 | M162: =IFERROR(F162*$C162,0) -> 59245.775 | N162: =IFERROR(G162*$C162,0) -> 59245.775 | O162: =IFERROR(H162*$C162,0) -> 106018.76 | P162: =IFERROR(I162*$C162,0) -> 106018.76 | Q162: =IFERROR(J162*$C162,0) -> 197537.89
A163: 1000 | B163: 3.0 - 3.5 | C163: =IFERROR(VLOOKUP($A163,'Pipe Rate'!$A$1:$AC$23,MATCH($B163,'Pipe Rate'!$B$1:$AC$1,0)+1,0),"N/F") -> 173.06003 | D163: 820 | E163: 820 | F163: 421 | G163: 421 | H163: 510 | I163: 510 | J163: 820 | K163: =IFERROR(D163*$C163,0) -> 141909.22 | L163: =IFERROR(E163*$C163,0) -> 141909.22 | M163: =IFERROR(F163*$C163,0) -> 72858.271 | N163: =IFERROR(G163*$C163,0) -> 72858.271 | O163: =IFERROR(H163*$C163,0) -> 88260.614 | P163: =IFERROR(I163*$C163,0) -> 88260.614 | Q163: =IFERROR(J163*$C163,0) -> 141909.22
A164: 1000 | B164: 3.5 - 4.0 | C164: =IFERROR(VLOOKUP($A164,'Pipe Rate'!$A$1:$AC$23,MATCH($B164,'Pipe Rate'!$B$1:$AC$1,0)+1,0),"N/F") -> 192.09663 | D164: 649 | E164: 649 | F164: 308 | G164: 308 | H164: 469 | I164: 469 | J164: 649 | K164: =IFERROR(D164*$C164,0) -> 124670.71 | L164: =IFERROR(E164*$C164,0) -> 124670.71 | M164: =IFERROR(F164*$C164,0) -> 59165.762 | N164: =IFERROR(G164*$C164,0) -> 59165.762 | O164: =IFERROR(H164*$C164,0) -> 90093.319 | P164: =IFERROR(I164*$C164,0) -> 90093.319 | Q164: =IFERROR(J164*$C164,0) -> 124670.71
A165: 1000 | B165: 4.5 - 5.0 | C165: =IFERROR(VLOOKUP($A165,'Pipe Rate'!$A$1:$AC$23,MATCH($B165,'Pipe Rate'!$B$1:$AC$1,0)+1,0),"N/F") -> 236.68226 | D165: 1601 | E165: 1601 | F165: 1104 | G165: 1104 | H165: 1390 | I165: 1390 | J165: 1601 | K165: =IFERROR(D165*$C165,0) -> 378928.29 | L165: =IFERROR(E165*$C165,0) -> 378928.29 | M165: =IFERROR(F165*$C165,0) -> 261297.21 | N165: =IFERROR(G165*$C165,0) -> 261297.21 | O165: =IFERROR(H165*$C165,0) -> 328988.34 | P165: =IFERROR(I165*$C165,0) -> 328988.34 | Q165: =IFERROR(J165*$C165,0) -> 378928.29
A166: 1000 | B166: 5.5 - 6.0 | C166: =IFERROR(VLOOKUP($A166,'Pipe Rate'!$A$1:$AC$23,MATCH($B166,'Pipe Rate'!$B$1:$AC$1,0)+1,0),"N/F") -> 291.61621 | D166: 1347 | E166: 1347 | F166: 1195 | G166: 1195 | H166: 1807 | I166: 1807 | J166: 1347 | K166: =IFERROR(D166*$C166,0) -> 392807.03 | L166: =IFERROR(E166*$C166,0) -> 392807.03 | M166: =IFERROR(F166*$C166,0) -> 348481.37 | N166: =IFERROR(G166*$C166,0) -> 348481.37 | O166: =IFERROR(H166*$C166,0) -> 526950.49 | P166: =IFERROR(I166*$C166,0) -> 526950.49 | Q166: =IFERROR(J166*$C166,0) -> 392807.03
A167: 1000 | B167: 6.5 - 7.0 | C167: =IFERROR(VLOOKUP($A167,'Pipe Rate'!$A$1:$AC$23,MATCH($B167,'Pipe Rate'!$B$1:$AC$1,0)+1,0),"N/F") -> 420.80219 | D167: 1043 | E167: 1043 | F167: 1043 | G167: 1043 | H167: 2357 | I167: 2357 | J167: 1043 | K167: =IFERROR(D167*$C167,0) -> 438896.68 | L167: =IFERROR(E167*$C167,0) -> 438896.68 | M167: =IFERROR(F167*$C167,0) -> 438896.68 | N167: =IFERROR(G167*$C167,0) -> 438896.68 | O167: =IFERROR(H167*$C167,0) -> 991830.76 | P167: =IFERROR(I167*$C167,0) -> 991830.76 | Q167: =IFERROR(J167*$C167,0) -> 438896.68
A168: 1000 | B168: 7.5 - 8.0 | C168: =IFERROR(VLOOKUP($A168,'Pipe Rate'!$A$1:$AC$23,MATCH($B168,'Pipe Rate'!$B$1:$AC$1,0)+1,0),"N/F") -> 518.47038 | D168: 2077 | E168: 2077 | F168: 2077 | G168: 2077 | H168: 2623 | I168: 2534 | J168: 1987 | K168: =IFERROR(D168*$C168,0) -> 1076863 | L168: =IFERROR(E168*$C168,0) -> 1076863 | M168: =IFERROR(F168*$C168,0) -> 1076863 | N168: =IFERROR(G168*$C168,0) -> 1076863 | O168: =IFERROR(H168*$C168,0) -> 1359947.8 | P168: =IFERROR(I168*$C168,0) -> 1313803.9 | Q168: =IFERROR(J168*$C168,0) -> 1030200.6
A169: 1000 | B169: 8.5 - 9.0 | C169: =IFERROR(VLOOKUP($A169,'Pipe Rate'!$A$1:$AC$23,MATCH($B169,'Pipe Rate'!$B$1:$AC$1,0)+1,0),"N/F") -> 638.80735 | D169: 1233 | E169: 1233 | F169: 1233 | G169: 1233 | H169: 1355 | I169: 1355 | J169: 1233 | K169: =IFERROR(D169*$C169,0) -> 787649.47 | L169: =IFERROR(E169*$C169,0) -> 787649.47 | M169: =IFERROR(F169*$C169,0) -> 787649.47 | N169: =IFERROR(G169*$C169,0) -> 787649.47 | O169: =IFERROR(H169*$C169,0) -> 865583.96 | P169: =IFERROR(I169*$C169,0) -> 865583.96 | Q169: =IFERROR(J169*$C169,0) -> 787649.47
A170: 1000 | B170: 9.5 - 10.0 | C170: =IFERROR(VLOOKUP($A170,'Pipe Rate'!$A$1:$AC$23,MATCH($B170,'Pipe Rate'!$B$1:$AC$1,0)+1,0),"N/F") -> 921.79901 | D170: 1115 | E170: 1115 | F170: 1115 | G170: 1115 | H170: 1215 | I170: 1215 | J170: 1115 | K170: =IFERROR(D170*$C170,0) -> 1027805.9 | L170: =IFERROR(E170*$C170,0) -> 1027805.9 | M170: =IFERROR(F170*$C170,0) -> 1027805.9 | N170: =IFERROR(G170*$C170,0) -> 1027805.9 | O170: =IFERROR(H170*$C170,0) -> 1119985.8 | P170: =IFERROR(I170*$C170,0) -> 1119985.8 | Q170: =IFERROR(J170*$C170,0) -> 1027805.9
A171: 1000 | B171: 10.5 - 11.0 | C171: =IFERROR(VLOOKUP($A171,'Pipe Rate'!$A$1:$AC$23,MATCH($B171,'Pipe Rate'!$B$1:$AC$1,0)+1,0),"N/F") -> 1135.7486 | D171: 461 | E171: 461 | F171: 461 | G171: 461 | H171: 461 | I171: 461 | J171: 461 | K171: =IFERROR(D171*$C171,0) -> 523580.09 | L171: =IFERROR(E171*$C171,0) -> 523580.09 | M171: =IFERROR(F171*$C171,0) -> 523580.09 | N171: =IFERROR(G171*$C171,0) -> 523580.09 | O171: =IFERROR(H171*$C171,0) -> 523580.09 | P171: =IFERROR(I171*$C171,0) -> 523580.09 | Q171: =IFERROR(J171*$C171,0) -> 523580.09
A172: 1000 | B172: 11.5 - 12.0 | C172: =IFERROR(VLOOKUP($A172,'Pipe Rate'!$A$1:$AC$23,MATCH($B172,'Pipe Rate'!$B$1:$AC$1,0)+1,0),"N/F") -> 1399.3558 | D172: 288 | E172: 288 | F172: 288 | G172: 288 | H172: 288 | I172: 288 | J172: 288 | K172: =IFERROR(D172*$C172,0) -> 403014.47 | L172: =IFERROR(E172*$C172,0) -> 403014.47 | M172: =IFERROR(F172*$C172,0) -> 403014.47 | N172: =IFERROR(G172*$C172,0) -> 403014.47 | O172: =IFERROR(H172*$C172,0) -> 403014.47 | P172: =IFERROR(I172*$C172,0) -> 403014.47 | Q172: =IFERROR(J172*$C172,0) -> 403014.47
A173: 1100 | B173: 2.0 - 2.5 | C173: =IFERROR(VLOOKUP($A173,'Pipe Rate'!$A$1:$AC$23,MATCH($B173,'Pipe Rate'!$B$1:$AC$1,0)+1,0),"N/F") -> 175.69746 | D173: 340 | E173: 340 | F173: 976 | G173: 976 | J173: 340 | K173: =IFERROR(D173*$C173,0) -> 59737.136 | L173: =IFERROR(E173*$C173,0) -> 59737.136 | M173: =IFERROR(F173*$C173,0) -> 171480.72 | N173: =IFERROR(G173*$C173,0) -> 171480.72 | O173: =IFERROR(H173*$C173,0) -> 0 | P173: =IFERROR(I173*$C173,0) -> 0 | Q173: =IFERROR(J173*$C173,0) -> 59737.136
A174: 1100 | B174: 2.5 - 3.0 | C174: =IFERROR(VLOOKUP($A174,'Pipe Rate'!$A$1:$AC$23,MATCH($B174,'Pipe Rate'!$B$1:$AC$1,0)+1,0),"N/F") -> 195.02418 | D174: 500 | E174: 500 | F174: 1000 | G174: 1000 | J174: 500 | K174: =IFERROR(D174*$C174,0) -> 97512.09 | L174: =IFERROR(E174*$C174,0) -> 97512.09 | M174: =IFERROR(F174*$C174,0) -> 195024.18 | N174: =IFERROR(G174*$C174,0) -> 195024.18 | O174: =IFERROR(H174*$C174,0) -> 0 | P174: =IFERROR(I174*$C174,0) -> 0 | Q174: =IFERROR(J174*$C174,0) -> 97512.09
A175: 1100 | B175: 3.0 - 3.5 | C175: =IFERROR(VLOOKUP($A175,'Pipe Rate'!$A$1:$AC$23,MATCH($B175,'Pipe Rate'!$B$1:$AC$1,0)+1,0),"N/F") -> 216.47684 | D175: 320 | E175: 320 | F175: 237 | G175: 237 | J175: 320 | K175: =IFERROR(D175*$C175,0) -> 69272.589 | L175: =IFERROR(E175*$C175,0) -> 69272.589 | M175: =IFERROR(F175*$C175,0) -> 51305.011 | N175: =IFERROR(G175*$C175,0) -> 51305.011 | O175: =IFERROR(H175*$C175,0) -> 0 | P175: =IFERROR(I175*$C175,0) -> 0 | Q175: =IFERROR(J175*$C175,0) -> 69272.589
A176: 1100 | B176: 3.5 - 4.0 | C176: =IFERROR(VLOOKUP($A176,'Pipe Rate'!$A$1:$AC$23,MATCH($B176,'Pipe Rate'!$B$1:$AC$1,0)+1,0),"N/F") -> 240.28929 | D176: 429 | E176: 429 | J176: 429 | K176: =IFERROR(D176*$C176,0) -> 103084.11 | L176: =IFERROR(E176*$C176,0) -> 103084.11 | M176: =IFERROR(F176*$C176,0) -> 0 | N176: =IFERROR(G176*$C176,0) -> 0 | O176: =IFERROR(H176*$C176,0) -> 0 | P176: =IFERROR(I176*$C176,0) -> 0 | Q176: =IFERROR(J176*$C176,0) -> 103084.11
A177: 1100 | B177: 4.5 - 5.0 | C177: =IFERROR(VLOOKUP($A177,'Pipe Rate'!$A$1:$AC$23,MATCH($B177,'Pipe Rate'!$B$1:$AC$1,0)+1,0),"N/F") -> 296.06044 | D177: 1567 | E177: 1567 | F177: 280 | G177: 280 | J177: 1567 | K177: =IFERROR(D177*$C177,0) -> 463926.71 | L177: =IFERROR(E177*$C177,0) -> 463926.71 | M177: =IFERROR(F177*$C177,0) -> 82896.923 | N177: =IFERROR(G177*$C177,0) -> 82896.923 | O177: =IFERROR(H177*$C177,0) -> 0 | P177: =IFERROR(I177*$C177,0) -> 0 | Q177: =IFERROR(J177*$C177,0) -> 463926.71
A178: 1100 | B178: 5.5 - 6.0 | C178: =IFERROR(VLOOKUP($A178,'Pipe Rate'!$A$1:$AC$23,MATCH($B178,'Pipe Rate'!$B$1:$AC$1,0)+1,0),"N/F") -> 364.77607 | D178: 1034 | E178: 1034 | F178: 660 | G178: 660 | H178: 240 | I178: 240 | J178: 1034 | K178: =IFERROR(D178*$C178,0) -> 377178.45 | L178: =IFERROR(E178*$C178,0) -> 377178.45 | M178: =IFERROR(F178*$C178,0) -> 240752.2 | N178: =IFERROR(G178*$C178,0) -> 240752.2 | O178: =IFERROR(H178*$C178,0) -> 87546.256 | P178: =IFERROR(I178*$C178,0) -> 87546.256 | Q178: =IFERROR(J178*$C178,0) -> 377178.45
A179: 1100 | B179: 6.5 - 7.0 | C179: =IFERROR(VLOOKUP($A179,'Pipe Rate'!$A$1:$AC$23,MATCH($B179,'Pipe Rate'!$B$1:$AC$1,0)+1,0),"N/F") -> 526.37186 | D179: 765 | E179: 765 | F179: 448 | G179: 448 | H179: 163 | I179: 163 | J179: 765 | K179: =IFERROR(D179*$C179,0) -> 402674.47 | L179: =IFERROR(E179*$C179,0) -> 402674.47 | M179: =IFERROR(F179*$C179,0) -> 235814.59 | N179: =IFERROR(G179*$C179,0) -> 235814.59 | O179: =IFERROR(H179*$C179,0) -> 85798.614 | P179: =IFERROR(I179*$C179,0) -> 85798.614 | Q179: =IFERROR(J179*$C179,0) -> 402674.47
A180: 1100 | B180: 7.5 - 8.0 | C180: =IFERROR(VLOOKUP($A180,'Pipe Rate'!$A$1:$AC$23,MATCH($B180,'Pipe Rate'!$B$1:$AC$1,0)+1,0),"N/F") -> 648.54277 | D180: 703 | E180: 703 | F180: 274 | G180: 274 | H180: 133 | I180: 133 | J180: 703 | K180: =IFERROR(D180*$C180,0) -> 455925.57 | L180: =IFERROR(E180*$C180,0) -> 455925.57 | M180: =IFERROR(F180*$C180,0) -> 177700.72 | N180: =IFERROR(G180*$C180,0) -> 177700.72 | O180: =IFERROR(H180*$C180,0) -> 86256.189 | P180: =IFERROR(I180*$C180,0) -> 86256.189 | Q180: =IFERROR(J180*$C180,0) -> 455925.57
A181: 1100 | B181: 8.5 - 9.0 | C181: =IFERROR(VLOOKUP($A181,'Pipe Rate'!$A$1:$AC$23,MATCH($B181,'Pipe Rate'!$B$1:$AC$1,0)+1,0),"N/F") -> 799.06955 | D181: 308 | E181: 308 | J181: 308 | K181: =IFERROR(D181*$C181,0) -> 246113.42 | L181: =IFERROR(E181*$C181,0) -> 246113.42 | M181: =IFERROR(F181*$C181,0) -> 0 | N181: =IFERROR(G181*$C181,0) -> 0 | O181: =IFERROR(H181*$C181,0) -> 0 | P181: =IFERROR(I181*$C181,0) -> 0 | Q181: =IFERROR(J181*$C181,0) -> 246113.42
A182: 1100 | B182: 9.5 - 10.0 | C182: =IFERROR(VLOOKUP($A182,'Pipe Rate'!$A$1:$AC$23,MATCH($B182,'Pipe Rate'!$B$1:$AC$1,0)+1,0),"N/F") -> 1153.0574 | D182: 500 | E182: 500 | F182: 500 | G182: 500 | H182: 500 | I182: 500 | J182: 500 | K182: =IFERROR(D182*$C182,0) -> 576528.68 | L182: =IFERROR(E182*$C182,0) -> 576528.68 | M182: =IFERROR(F182*$C182,0) -> 576528.68 | N182: =IFERROR(G182*$C182,0) -> 576528.68 | O182: =IFERROR(H182*$C182,0) -> 576528.68 | P182: =IFERROR(I182*$C182,0) -> 576528.68 | Q182: =IFERROR(J182*$C182,0) -> 576528.68
A183: 1100 | B183: 10.5 - 11.0 | C183: =IFERROR(VLOOKUP($A183,'Pipe Rate'!$A$1:$AC$23,MATCH($B183,'Pipe Rate'!$B$1:$AC$1,0)+1,0),"N/F") -> 1420.682 | D183: 918 | E183: 918 | F183: 918 | G183: 918 | H183: 918 | I183: 918 | J183: 918 | K183: =IFERROR(D183*$C183,0) -> 1304186.1 | L183: =IFERROR(E183*$C183,0) -> 1304186.1 | M183: =IFERROR(F183*$C183,0) -> 1304186.1 | N183: =IFERROR(G183*$C183,0) -> 1304186.1 | O183: =IFERROR(H183*$C183,0) -> 1304186.1 | P183: =IFERROR(I183*$C183,0) -> 1304186.1 | Q183: =IFERROR(J183*$C183,0) -> 1304186.1
A184: 1100 | B184: 11.5 - 12.0 | C184: =IFERROR(VLOOKUP($A184,'Pipe Rate'!$A$1:$AC$23,MATCH($B184,'Pipe Rate'!$B$1:$AC$1,0)+1,0),"N/F") -> 1750.4223 | D184: 40 | E184: 40 | F184: 40 | G184: 40 | H184: 40 | I184: 40 | J184: 40 | K184: =IFERROR(D184*$C184,0) -> 70016.89 | L184: =IFERROR(E184*$C184,0) -> 70016.89 | M184: =IFERROR(F184*$C184,0) -> 70016.89 | N184: =IFERROR(G184*$C184,0) -> 70016.89 | O184: =IFERROR(H184*$C184,0) -> 70016.89 | P184: =IFERROR(I184*$C184,0) -> 70016.89 | Q184: =IFERROR(J184*$C184,0) -> 70016.89
A185: 1200 | B185: 4.5 - 5.0 | C185: =IFERROR(VLOOKUP($A185,'Pipe Rate'!$A$1:$AC$23,MATCH($B185,'Pipe Rate'!$B$1:$AC$1,0)+1,0),"N/F") -> 348.79491 | D185: 200 | E185: 200 | F185: 200 | G185: 200 | H185: 200 | I185: 200 | J185: 200 | K185: =IFERROR(D185*$C185,0) -> 69758.981 | L185: =IFERROR(E185*$C185,0) -> 69758.981 | M185: =IFERROR(F185*$C185,0) -> 69758.981 | N185: =IFERROR(G185*$C185,0) -> 69758.981 | O185: =IFERROR(H185*$C185,0) -> 69758.981 | P185: =IFERROR(I185*$C185,0) -> 69758.981 | Q185: =IFERROR(J185*$C185,0) -> 69758.981
A186: 1200 | B186: 5.5 - 6.0 | C186: =IFERROR(VLOOKUP($A186,'Pipe Rate'!$A$1:$AC$23,MATCH($B186,'Pipe Rate'!$B$1:$AC$1,0)+1,0),"N/F") -> 429.7502 | D186: 200 | E186: 200 | F186: 200 | G186: 200 | H186: 200 | I186: 200 | J186: 200 | K186: =IFERROR(D186*$C186,0) -> 85950.041 | L186: =IFERROR(E186*$C186,0) -> 85950.041 | M186: =IFERROR(F186*$C186,0) -> 85950.041 | N186: =IFERROR(G186*$C186,0) -> 85950.041 | O186: =IFERROR(H186*$C186,0) -> 85950.041 | P186: =IFERROR(I186*$C186,0) -> 85950.041 | Q186: =IFERROR(J186*$C186,0) -> 85950.041
A187: 1200 | B187: 6.5 - 7.0 | C187: =IFERROR(VLOOKUP($A187,'Pipe Rate'!$A$1:$AC$23,MATCH($B187,'Pipe Rate'!$B$1:$AC$1,0)+1,0),"N/F") -> 620.12954 | D187: 100 | E187: 100 | F187: 100 | G187: 100 | H187: 100 | I187: 100 | J187: 100 | K187: =IFERROR(D187*$C187,0) -> 62012.954 | L187: =IFERROR(E187*$C187,0) -> 62012.954 | M187: =IFERROR(F187*$C187,0) -> 62012.954 | N187: =IFERROR(G187*$C187,0) -> 62012.954 | O187: =IFERROR(H187*$C187,0) -> 62012.954 | P187: =IFERROR(I187*$C187,0) -> 62012.954 | Q187: =IFERROR(J187*$C187,0) -> 62012.954
A188: 1200 | B188: 7.5 - 8.0 | C188: =IFERROR(VLOOKUP($A188,'Pipe Rate'!$A$1:$AC$23,MATCH($B188,'Pipe Rate'!$B$1:$AC$1,0)+1,0),"N/F") -> 764.06161 | F188: 297 | G188: 297 | K188: =IFERROR(D188*$C188,0) -> 0 | L188: =IFERROR(E188*$C188,0) -> 0 | M188: =IFERROR(F188*$C188,0) -> 226926.3 | N188: =IFERROR(G188*$C188,0) -> 226926.3 | O188: =IFERROR(H188*$C188,0) -> 0 | P188: =IFERROR(I188*$C188,0) -> 0 | Q188: =IFERROR(J188*$C188,0) -> 0
A189: 1200 | B189: 8.5 - 9.0 | C189: =IFERROR(VLOOKUP($A189,'Pipe Rate'!$A$1:$AC$23,MATCH($B189,'Pipe Rate'!$B$1:$AC$1,0)+1,0),"N/F") -> 941.40031 | F189: 357 | G189: 357 | H189: 300 | I189: 300 | K189: =IFERROR(D189*$C189,0) -> 0 | L189: =IFERROR(E189*$C189,0) -> 0 | M189: =IFERROR(F189*$C189,0) -> 336079.91 | N189: =IFERROR(G189*$C189,0) -> 336079.91 | O189: =IFERROR(H189*$C189,0) -> 282420.09 | P189: =IFERROR(I189*$C189,0) -> 282420.09 | Q189: =IFERROR(J189*$C189,0) -> 0
A190: 1200 | B190: 9.5 - 10.0 | C190: =IFERROR(VLOOKUP($A190,'Pipe Rate'!$A$1:$AC$23,MATCH($B190,'Pipe Rate'!$B$1:$AC$1,0)+1,0),"N/F") -> 1358.4406 | H190: 1109 | I190: 1109 | K190: =IFERROR(D190*$C190,0) -> 0 | L190: =IFERROR(E190*$C190,0) -> 0 | M190: =IFERROR(F190*$C190,0) -> 0 | N190: =IFERROR(G190*$C190,0) -> 0 | O190: =IFERROR(H190*$C190,0) -> 1506510.7 | P190: =IFERROR(I190*$C190,0) -> 1506510.7 | Q190: =IFERROR(J190*$C190,0) -> 0
A191: 1200 | B191: 10.5 - 11.0 | C191: =IFERROR(VLOOKUP($A191,'Pipe Rate'!$A$1:$AC$23,MATCH($B191,'Pipe Rate'!$B$1:$AC$1,0)+1,0),"N/F") -> 1673.7347 | H191: 333 | I191: 333 | K191: =IFERROR(D191*$C191,0) -> 0 | L191: =IFERROR(E191*$C191,0) -> 0 | M191: =IFERROR(F191*$C191,0) -> 0 | N191: =IFERROR(G191*$C191,0) -> 0 | O191: =IFERROR(H191*$C191,0) -> 557353.66 | P191: =IFERROR(I191*$C191,0) -> 557353.66 | Q191: =IFERROR(J191*$C191,0) -> 0
A192: 1200 | B192: 11.5 - 12.0 | C192: =IFERROR(VLOOKUP($A192,'Pipe Rate'!$A$1:$AC$23,MATCH($B192,'Pipe Rate'!$B$1:$AC$1,0)+1,0),"N/F") -> 2062.2086 | H192: 100 | I192: 100 | K192: =IFERROR(D192*$C192,0) -> 0 | L192: =IFERROR(E192*$C192,0) -> 0 | M192: =IFERROR(F192*$C192,0) -> 0 | N192: =IFERROR(G192*$C192,0) -> 0 | O192: =IFERROR(H192*$C192,0) -> 206220.86 | P192: =IFERROR(I192*$C192,0) -> 206220.86 | Q192: =IFERROR(J192*$C192,0) -> 0
A193: 1400 | B193: 2.5 - 3.0 | C193: =IFERROR(VLOOKUP($A193,'Pipe Rate'!$A$1:$AC$23,MATCH($B193,'Pipe Rate'!$B$1:$AC$1,0)+1,0),"N/F") -> 307.03316 | D193: 2938 | E193: 2938 | F193: 3258 | G193: 1909 | J193: 2938 | K193: =IFERROR(D193*$C193,0) -> 902063.42 | L193: =IFERROR(E193*$C193,0) -> 902063.42 | M193: =IFERROR(F193*$C193,0) -> 1000314 | N193: =IFERROR(G193*$C193,0) -> 586126.3 | O193: =IFERROR(H193*$C193,0) -> 0 | P193: =IFERROR(I193*$C193,0) -> 0 | Q193: =IFERROR(J193*$C193,0) -> 902063.42
A194: 1400 | B194: 3.0 - 3.5 | C194: =IFERROR(VLOOKUP($A194,'Pipe Rate'!$A$1:$AC$23,MATCH($B194,'Pipe Rate'!$B$1:$AC$1,0)+1,0),"N/F") -> 340.80681 | D194: 1115 | E194: 1115 | F194: 927 | G194: 372 | J194: 1115 | K194: =IFERROR(D194*$C194,0) -> 379999.59 | L194: =IFERROR(E194*$C194,0) -> 379999.59 | M194: =IFERROR(F194*$C194,0) -> 315927.91 | N194: =IFERROR(G194*$C194,0) -> 126780.13 | O194: =IFERROR(H194*$C194,0) -> 0 | P194: =IFERROR(I194*$C194,0) -> 0 | Q194: =IFERROR(J194*$C194,0) -> 379999.59
A195: 1400 | B195: 3.5 - 4.0 | C195: =IFERROR(VLOOKUP($A195,'Pipe Rate'!$A$1:$AC$23,MATCH($B195,'Pipe Rate'!$B$1:$AC$1,0)+1,0),"N/F") -> 378.29556 | D195: 680 | E195: 680 | F195: 757 | G195: 141 | J195: 680 | K195: =IFERROR(D195*$C195,0) -> 257240.98 | L195: =IFERROR(E195*$C195,0) -> 257240.98 | M195: =IFERROR(F195*$C195,0) -> 286369.74 | N195: =IFERROR(G195*$C195,0) -> 53339.673 | O195: =IFERROR(H195*$C195,0) -> 0 | P195: =IFERROR(I195*$C195,0) -> 0 | Q195: =IFERROR(J195*$C195,0) -> 257240.98
A196: 1400 | B196: 4.5 - 5.0 | C196: =IFERROR(VLOOKUP($A196,'Pipe Rate'!$A$1:$AC$23,MATCH($B196,'Pipe Rate'!$B$1:$AC$1,0)+1,0),"N/F") -> 466.09795 | D196: 2210 | E196: 2210 | F196: 2191 | G196: 261 | J196: 2210 | K196: =IFERROR(D196*$C196,0) -> 1030076.5 | L196: =IFERROR(E196*$C196,0) -> 1030076.5 | M196: =IFERROR(F196*$C196,0) -> 1021220.6 | N196: =IFERROR(G196*$C196,0) -> 121651.57 | O196: =IFERROR(H196*$C196,0) -> 0 | P196: =IFERROR(I196*$C196,0) -> 0 | Q196: =IFERROR(J196*$C196,0) -> 1030076.5
A197: 1400 | B197: 5.5 - 6.0 | C197: =IFERROR(VLOOKUP($A197,'Pipe Rate'!$A$1:$AC$23,MATCH($B197,'Pipe Rate'!$B$1:$AC$1,0)+1,0),"N/F") -> 574.27929 | D197: 1663 | E197: 1663 | F197: 1712 | G197: 421 | J197: 1663 | K197: =IFERROR(D197*$C197,0) -> 955026.46 | L197: =IFERROR(E197*$C197,0) -> 955026.46 | M197: =IFERROR(F197*$C197,0) -> 983166.14 | N197: =IFERROR(G197*$C197,0) -> 241771.58 | O197: =IFERROR(H197*$C197,0) -> 0 | P197: =IFERROR(I197*$C197,0) -> 0 | Q197: =IFERROR(J197*$C197,0) -> 955026.46
...

Sheet Manholes - CAPEX
A1: Manholes | B1: Depth (m) | C1: Rate (OMR/m) | D1: S1 | E1: S2 | F1: S3 | G1: S4 | H1: S5 | I1: S6 | J1: S7 | K1: S1 | L1: S2 | M1: S3 | N1: S4 | O1: S5 | P1: S6 | Q1: S7
D2: Quantity (No.) | E2: Quantity (No.) | F2: Quantity (No.) | G2: Quantity (No.) | H2: Quantity (No.) | I2: Quantity (No.) | J2: Quantity (No.) | K2: Total Amount (OMR) | L2: Total Amount (OMR) | M2: Total Amount (OMR) | N2: Total Amount (OMR) | O2: Total Amount (OMR) | P2: Total Amount (OMR) | Q2: Total Amount (OMR)
A3: Type 1 - 1200 mm | B3: Up to 1.5 | C3: =IFERROR(VLOOKUP($A3,'Manhole Rate'!$A$1:$AC$4,MATCH($B3,'Manhole Rate'!$B$1:$AC$1,0)+1,0),"N/F") -> 703.81171 | D3: 3315 | E3: 3314 | F3: 3315 | G3: 3316 | H3: 3317 | I3: 3318 | J3: 3316 | K3: =IFERROR(D3*$C3,0) -> 2333135.8 | L3: =IFERROR(E3*$C3,0) -> 2332432 | M3: =IFERROR(F3*$C3,0) -> 2333135.8 | N3: =IFERROR(G3*$C3,0) -> 2333839.6 | O3: =IFERROR(H3*$C3,0) -> 2334543.4 | P3: =IFERROR(I3*$C3,0) -> 2335247.2 | Q3: =IFERROR(J3*$C3,0) -> 2333839.6
A4: Type 1 - 1200 mm | B4: 1.5 - 2.0 | C4: =IFERROR(VLOOKUP($A4,'Manhole Rate'!$A$1:$AC$4,MATCH($B4,'Manhole Rate'!$B$1:$AC$1,0)+1,0),"N/F") -> 813.60938 | D4: 4210 | E4: 4202 | F4: 4210 | G4: 4211 | H4: 4211 | I4: 4206 | J4: 4205 | K4: =IFERROR(D4*$C4,0) -> 3425295.5 | L4: =IFERROR(E4*$C4,0) -> 3418786.6 | M4: =IFERROR(F4*$C4,0) -> 3425295.5 | N4: =IFERROR(G4*$C4,0) -> 3426109.1 | O4: =IFERROR(H4*$C4,0) -> 3426109.1 | P4: =IFERROR(I4*$C4,0) -> 3422041.1 | Q4: =IFERROR(J4*$C4,0) -> 3421227.5
A5: Type 1 - 1200 mm | B5: 2.0 - 2.5 | C5: =IFERROR(VLOOKUP($A5,'Manhole Rate'!$A$1:$AC$4,MATCH($B5,'Manhole Rate'!$B$1:$AC$1,0)+1,0),"N/F") -> 884.92779 | D5: 2667 | E5: 2663 | F5: 2669 | G5: 2671 | H5: 2688 | I5: 2684 | J5: 2663 | K5: =IFERROR(D5*$C5,0) -> 2360102.4 | L5: =IFERROR(E5*$C5,0) -> 2356562.7 | M5: =IFERROR(F5*$C5,0) -> 2361872.3 | N5: =IFERROR(G5*$C5,0) -> 2363642.1 | O5: =IFERROR(H5*$C5,0) -> 2378685.9 | P5: =IFERROR(I5*$C5,0) -> 2375146.2 | Q5: =IFERROR(J5*$C5,0) -> 2356562.7
A6: Type 1 - 1200 mm | B6: 2.5 - 3.0 | C6: =IFERROR(VLOOKUP($A6,'Manhole Rate'!$A$1:$AC$4,MATCH($B6,'Manhole Rate'!$B$1:$AC$1,0)+1,0),"N/F") -> 1089.5107 | D6: 1594 | E6: 1594 | F6: 1599 | G6: 1600 | H6: 1607 | I6: 1605 | J6: 1592 | K6: =IFERROR(D6*$C6,0) -> 1736680 | L6: =IFERROR(E6*$C6,0) -> 1736680 | M6: =IFERROR(F6*$C6,0) -> 1742127.6 | N6: =IFERROR(G6*$C6,0) -> 1743217.1 | O6: =IFERROR(H6*$C6,0) -> 1750843.7 | P6: =IFERROR(I6*$C6,0) -> 1748664.7 | Q6: =IFERROR(J6*$C6,0) -> 1734501
A7: Type 1 - 1200 mm | B7: 3.0 - 3.5 | C7: =IFERROR(VLOOKUP($A7,'Manhole Rate'!$A$1:$AC$4,MATCH($B7,'Manhole Rate'!$B$1:$AC$1,0)+1,0),"N/F") -> 1253.9371 | D7: 1236 | E7: 1235 | F7: 1242 | G7: 1243 | H7: 1250 | I7: 1249 | J7: 1235 | K7: =IFERROR(D7*$C7,0) -> 1549866.2 | L7: =IFERROR(E7*$C7,0) -> 1548612.3 | M7: =IFERROR(F7*$C7,0) -> 1557389.9 | N7: =IFERROR(G7*$C7,0) -> 1558643.8 | O7: =IFERROR(H7*$C7,0) -> 1567421.4 | P7: =IFERROR(I7*$C7,0) -> 1566167.4 | Q7: =IFERROR(J7*$C7,0) -> 1548612.3
A8: Type 1 - 1200 mm | B8: 3.5 - 4.0 | C8: =IFERROR(VLOOKUP($A8,'Manhole Rate'!$A$1:$AC$4,MATCH($B8,'Manhole Rate'!$B$1:$AC$1,0)+1,0),"N/F") -> 1391.8702 | D8: 968 | E8: 967 | F8: 975 | G8: 978 | H8: 986 | I8: 986 | J8: 968 | K8: =IFERROR(D8*$C8,0) -> 1347330.3 | L8: =IFERROR(E8*$C8,0) -> 1345938.5 | M8: =IFERROR(F8*$C8,0) -> 1357073.4 | N8: =IFERROR(G8*$C8,0) -> 1361249 | O8: =IFERROR(H8*$C8,0) -> 1372384 | P8: =IFERROR(I8*$C8,0) -> 1372384 | Q8: =IFERROR(J8*$C8,0) -> 1347330.3
A9: Type 1 - 1200 mm | B9: 4.5 - 5.0 | C9: =IFERROR(VLOOKUP($A9,'Manhole Rate'!$A$1:$AC$4,MATCH($B9,'Manhole Rate'!$B$1:$AC$1,0)+1,0),"N/F") -> 1714.9232 | D9: 1403 | E9: 1403 | F9: 1428 | G9: 1448 | H9: 1454 | I9: 1460 | J9: 1409 | K9: =IFERROR(D9*$C9,0) -> 2406037.3 | L9: =IFERROR(E9*$C9,0) -> 2406037.3 | M9: =IFERROR(F9*$C9,0) -> 2448910.4 | N9: =IFERROR(G9*$C9,0) -> 2483208.8 | O9: =IFERROR(H9*$C9,0) -> 2493498.4 | P9: =IFERROR(I9*$C9,0) -> 2503787.9 | Q9: =IFERROR(J9*$C9,0) -> 2416326.8
A10: Type 1 - 1200 mm | B10: 5.5 - 6.0 | C10: =IFERROR(VLOOKUP($A10,'Manhole Rate'!$A$1:$AC$4,MATCH($B10,'Manhole Rate'!$B$1:$AC$1,0)+1,0),"N/F") -> 2112.9569 | D10: 962 | E10: 962 | F10: 982 | G10: 995 | H10: 1003 | I10: 1008 | J10: 967 | K10: =IFERROR(D10*$C10,0) -> 2032664.6 | L10: =IFERROR(E10*$C10,0) -> 2032664.6 | M10: =IFERROR(F10*$C10,0) -> 2074923.7 | N10: =IFERROR(G10*$C10,0) -> 2102392.1 | O10: =IFERROR(H10*$C10,0) -> 2119295.8 | P10: =IFERROR(I10*$C10,0) -> 2129860.6 | Q10: =IFERROR(J10*$C10,0) -> 2043229.3
A11: Type 1 - 1200 mm | B11: 6.5 - 7.0 | C11: =IFERROR(VLOOKUP($A11,'Manhole Rate'!$A$1:$AC$4,MATCH($B11,'Manhole Rate'!$B$1:$AC$1,0)+1,0),"N/F") -> 3048.9968 | D11: 678 | E11: 676 | F11: 694 | G11: 715 | H11: 732 | I11: 730 | J11: 676 | K11: =IFERROR(D11*$C11,0) -> 2067219.9 | L11: =IFERROR(E11*$C11,0) -> 2061121.9 | M11: =IFERROR(F11*$C11,0) -> 2116003.8 | N11: =IFERROR(G11*$C11,0) -> 2180032.7 | O11: =IFERROR(H11*$C11,0) -> 2231865.7 | P11: =IFERROR(I11*$C11,0) -> 2225767.7 | Q11: =IFERROR(J11*$C11,0) -> 2061121.9
A12: Type 1 - 1200 mm | B12: 7.5 - 8.0 | C12: =IFERROR(VLOOKUP($A12,'Manhole Rate'!$A$1:$AC$4,MATCH($B12,'Manhole Rate'!$B$1:$AC$1,0)+1,0),"N/F") -> 3756.669 | D12: 617 | E12: 612 | F12: 626 | G12: 652 | H12: 659 | I12: 662 | J12: 620 | K12: =IFERROR(D12*$C12,0) -> 2317864.8 | L12: =IFERROR(E12*$C12,0) -> 2299081.4 | M12: =IFERROR(F12*$C12,0) -> 2351674.8 | N12: =IFERROR(G12*$C12,0) -> 2449348.2 | O12: =IFERROR(H12*$C12,0) -> 2475644.9 | P12: =IFERROR(I12*$C12,0) -> 2486914.9 | Q12: =IFERROR(J12*$C12,0) -> 2329134.8
A13: Type 1 - 1200 mm | B13: 8.5 - 9.0 | C13: =IFERROR(VLOOKUP($A13,'Manhole Rate'!$A$1:$AC$4,MATCH($B13,'Manhole Rate'!$B$1:$AC$1,0)+1,0),"N/F") -> 4628.5919 | D13: 436 | E13: 429 | F13: 441 | G13: 454 | H13: 458 | I13: 458 | J13: 436 | K13: =IFERROR(D13*$C13,0) -> 2018066.1 | L13: =IFERROR(E13*$C13,0) -> 1985665.9 | M13: =IFERROR(F13*$C13,0) -> 2041209 | N13: =IFERROR(G13*$C13,0) -> 2101380.7 | O13: =IFERROR(H13*$C13,0) -> 2119895.1 | P13: =IFERROR(I13*$C13,0) -> 2119895.1 | Q13: =IFERROR(J13*$C13,0) -> 2018066.1
A14: Type 1 - 1200 mm | B14: 9.5 - 10.0 | C14: =IFERROR(VLOOKUP($A14,'Manhole Rate'!$A$1:$AC$4,MATCH($B14,'Manhole Rate'!$B$1:$AC$1,0)+1,0),"N/F") -> 6679.0581 | D14: 252 | E14: 235 | F14: 252 | G14: 252 | H14: 252 | I14: 252 | J14: 252 | K14: =IFERROR(D14*$C14,0) -> 1683122.6 | L14: =IFERROR(E14*$C14,0) -> 1569578.6 | M14: =IFERROR(F14*$C14,0) -> 1683122.6 | N14: =IFERROR(G14*$C14,0) -> 1683122.6 | O14: =IFERROR(H14*$C14,0) -> 1683122.6 | P14: =IFERROR(I14*$C14,0) -> 1683122.6 | Q14: =IFERROR(J14*$C14,0) -> 1683122.6
... A19: Type 1 - 1200 mm | B19: 14.5 - 15.0 | C19: =IFERROR(VLOOKUP($A19,'Manhole Rate'!$A$1:$AC$4,MATCH($B19,'Manhole Rate'!$B$1:$AC$1,0)+1,0),"N/F") -> 22210.86 | D19: 9 | E19: 9 | F19: 9 | G19: 9 | H19: 9 | I19: 9 | J19: 9 | K19: =IFERROR(D19*$C19,0) -> 199897.74 | L19: =IFERROR(E19*$C19,0) -> 199897.74 | M19: =IFERROR(F19*$C19,0) -> 199897.74 | N19: =IFERROR(G19*$C19,0) -> 199897.74 | O19: =IFERROR(H19*$C19,0) -> 199897.74 | P19: =IFERROR(I19*$C19,0) -> 199897.74 | Q19: =IFERROR(J19*$C19,0) -> 199897.74
A20: Type 2 - 1500 mm | B20: 2.0 - 2.5 | C20: =IFERROR(VLOOKUP($A20,'Manhole Rate'!$A$1:$AC$4,MATCH($B20,'Manhole Rate'!$B$1:$AC$1,0)+1,0),"N/F") -> 1102.9759 | D20: 9 | E20: 9 | F20: 12 | G20: 12 | J20: 9 | K20: =IFERROR(D20*$C20,0) -> 9926.7833 | L20: =IFERROR(E20*$C20,0) -> 9926.7833 | M20: =IFERROR(F20*$C20,0) -> 13235.711 | N20: =IFERROR(G20*$C20,0) -> 13235.711 | O20: =IFERROR(H20*$C20,0) -> 0 | P20: =IFERROR(I20*$C20,0) -> 0 | Q20: =IFERROR(J20*$C20,0) -> 9926.7833
A21: Type 2 - 1500 mm | B21: 2.5 - 3.0 | C21: =IFERROR(VLOOKUP($A21,'Manhole Rate'!$A$1:$AC$4,MATCH($B21,'Manhole Rate'!$B$1:$AC$1,0)+1,0),"N/F") -> 1224.3033 | D21: 47 | E21: 47 | F21: 42 | G21: 28 | H21: 8 | I21: 8 | J21: 47 | K21: =IFERROR(D21*$C21,0) -> 57542.254 | L21: =IFERROR(E21*$C21,0) -> 57542.254 | M21: =IFERROR(F21*$C21,0) -> 51420.737 | N21: =IFERROR(G21*$C21,0) -> 34280.492 | O21: =IFERROR(H21*$C21,0) -> 9794.4262 | P21: =IFERROR(I21*$C21,0) -> 9794.4262 | Q21: =IFERROR(J21*$C21,0) -> 57542.254
A22: Type 2 - 1500 mm | B22: 3.0 - 3.5 | C22: =IFERROR(VLOOKUP($A22,'Manhole Rate'!$A$1:$AC$4,MATCH($B22,'Manhole Rate'!$B$1:$AC$1,0)+1,0),"N/F") -> 1358.9766 | D22: 32 | E22: 32 | F22: 23 | G22: 17 | H22: 7 | I22: 7 | J22: 32 | K22: =IFERROR(D22*$C22,0) -> 43487.252 | L22: =IFERROR(E22*$C22,0) -> 43487.252 | M22: =IFERROR(F22*$C22,0) -> 31256.463 | N22: =IFERROR(G22*$C22,0) -> 23102.603 | O22: =IFERROR(H22*$C22,0) -> 9512.8364 | P22: =IFERROR(I22*$C22,0) -> 9512.8364 | Q22: =IFERROR(J22*$C22,0) -> 43487.252
A23: Type 2 - 1500 mm | B23: 3.5 - 4.0 | C23: =IFERROR(VLOOKUP($A23,'Manhole Rate'!$A$1:$AC$4,MATCH($B23,'Manhole Rate'!$B$1:$AC$1,0)+1,0),"N/F") -> 1508.4641 | D23: 22 | E23: 22 | F23: 17 | G23: 12 | H23: 7 | I23: 7 | J23: 22 | K23: =IFERROR(D23*$C23,0) -> 33186.209 | L23: =IFERROR(E23*$C23,0) -> 33186.209 | M23: =IFERROR(F23*$C23,0) -> 25643.889 | N23: =IFERROR(G23*$C23,0) -> 18101.569 | O23: =IFERROR(H23*$C23,0) -> 10559.248 | P23: =IFERROR(I23*$C23,0) -> 10559.248 | Q23: =IFERROR(J23*$C23,0) -> 33186.209
A24: Type 2 - 1500 mm | B24: 4.5 - 5.0 | C24: =IFERROR(VLOOKUP($A24,'Manhole Rate'!$A$1:$AC$4,MATCH($B24,'Manhole Rate'!$B$1:$AC$1,0)+1,0),"N/F") -> 1858.5786 | D24: 69 | E24: 69 | F24: 51 | G24: 24 | H24: 19 | I24: 19 | J24: 69 | K24: =IFERROR(D24*$C24,0) -> 128241.92 | L24: =IFERROR(E24*$C24,0) -> 128241.92 | M24: =IFERROR(F24*$C24,0) -> 94787.507 | N24: =IFERROR(G24*$C24,0) -> 44605.886 | O24: =IFERROR(H24*$C24,0) -> 35312.993 | P24: =IFERROR(I24*$C24,0) -> 35312.993 | Q24: =IFERROR(J24*$C24,0) -> 128241.92
A25: Type 2 - 1500 mm | B25: 5.5 - 6.0 | C25: =IFERROR(VLOOKUP($A25,'Manhole Rate'!$A$1:$AC$4,MATCH($B25,'Manhole Rate'!$B$1:$AC$1,0)+1,0),"N/F") -> 2289.9547 | D25: 48 | E25: 48 | F25: 42 | G25: 25 | H25: 23 | I25: 23 | J25: 48 | K25: =IFERROR(D25*$C25,0) -> 109917.82 | L25: =IFERROR(E25*$C25,0) -> 109917.82 | M25: =IFERROR(F25*$C25,0) -> 96178.095 | N25: =IFERROR(G25*$C25,0) -> 57248.866 | O25: =IFERROR(H25*$C25,0) -> 52668.957 | P25: =IFERROR(I25*$C25,0) -> 52668.957 | Q25: =IFERROR(J25*$C25,0) -> 109917.82
A26: Type 2 - 1500 mm | B26: 6.5 - 7.0 | C26: =IFERROR(VLOOKUP($A26,'Manhole Rate'!$A$1:$AC$4,MATCH($B26,'Manhole Rate'!$B$1:$AC$1,0)+1,0),"N/F") -> 3304.4046 | D26: 45 | E26: 45 | F26: 59 | G26: 40 | H26: 30 | I26: 30 | J26: 45 | K26: =IFERROR(D26*$C26,0) -> 148698.21 | L26: =IFERROR(E26*$C26,0) -> 148698.21 | M26: =IFERROR(F26*$C26,0) -> 194959.87 | N26: =IFERROR(G26*$C26,0) -> 132176.18 | O26: =IFERROR(H26*$C26,0) -> 99132.137 | P26: =IFERROR(I26*$C26,0) -> 99132.137 | Q26: =IFERROR(J26*$C26,0) -> 148698.21
A27: Type 2 - 1500 mm | B27: 7.5 - 8.0 | C27: =IFERROR(VLOOKUP($A27,'Manhole Rate'!$A$1:$AC$4,MATCH($B27,'Manhole Rate'!$B$1:$AC$1,0)+1,0),"N/F") -> 4071.3569 | D27: 41 | E27: 41 | F27: 51 | G27: 37 | H27: 26 | I27: 25 | J27: 40 | K27: =IFERROR(D27*$C27,0) -> 166925.63 | L27: =IFERROR(E27*$C27,0) -> 166925.63 | M27: =IFERROR(F27*$C27,0) -> 207639.2 | N27: =IFERROR(G27*$C27,0) -> 150640.2 | O27: =IFERROR(H27*$C27,0) -> 105855.28 | P27: =IFERROR(I27*$C27,0) -> 101783.92 | Q27: =IFERROR(J27*$C27,0) -> 162854.27
A28: Type 2 - 1500 mm | B28: 8.5 - 9.0 | C28: =IFERROR(VLOOKUP($A28,'Manhole Rate'!$A$1:$AC$4,MATCH($B28,'Manhole Rate'!$B$1:$AC$1,0)+1,0),"N/F") -> 5016.3188 | D28: 23 | E28: 23 | F28: 25 | G28: 25 | H28: 24 | I28: 24 | J28: 23 | K28: =IFERROR(D28*$C28,0) -> 115375.33 | L28: =IFERROR(E28*$C28,0) -> 115375.33 | M28: =IFERROR(F28*$C28,0) -> 125407.97 | N28: =IFERROR(G28*$C28,0) -> 125407.97 | O28: =IFERROR(H28*$C28,0) -> 120391.65 | P28: =IFERROR(I28*$C28,0) -> 120391.65 | Q28: =IFERROR(J28*$C28,0) -> 115375.33
A29: Type 2 - 1500 mm | B29: 9.5 - 10.0 | C29: =IFERROR(VLOOKUP($A29,'Manhole Rate'!$A$1:$AC$4,MATCH($B29,'Manhole Rate'!$B$1:$AC$1,0)+1,0),"N/F") -> 7238.548 | D29: 20 | E29: 20 | F29: 23 | G29: 23 | H29: 33 | I29: 33 | J29: 20 | K29: =IFERROR(D29*$C29,0) -> 144770.96 | L29: =IFERROR(E29*$C29,0) -> 144770.96 | M29: =IFERROR(F29*$C29,0) -> 166486.6 | N29: =IFERROR(G29*$C29,0) -> 166486.6 | O29: =IFERROR(H29*$C29,0) -> 238872.08 | P29: =IFERROR(I29*$C29,0) -> 238872.08 | Q29: =IFERROR(J29*$C29,0) -> 144770.96
A30: Type 2 - 1500 mm | B30: 10.5 - 11.0 | C30: =IFERROR(VLOOKUP($A30,'Manhole Rate'!$A$1:$AC$4,MATCH($B30,'Manhole Rate'!$B$1:$AC$1,0)+1,0),"N/F") -> 8918.615 | D30: 14 | E30: 14 | F30: 14 | G30: 14 | H30: 18 | I30: 18 | J30: 14 | K30: =IFERROR(D30*$C30,0) -> 124860.61 | L30: =IFERROR(E30*$C30,0) -> 124860.61 | M30: =IFERROR(F30*$C30,0) -> 124860.61 | N30: =IFERROR(G30*$C30,0) -> 124860.61 | O30: =IFERROR(H30*$C30,0) -> 160535.07 | P30: =IFERROR(I30*$C30,0) -> 160535.07 | Q30: =IFERROR(J30*$C30,0) -> 124860.61
A31: Type 2 - 1500 mm | B31: 11.5 - 12.0 | C31: =IFERROR(VLOOKUP($A31,'Manhole Rate'!$A$1:$AC$4,MATCH($B31,'Manhole Rate'!$B$1:$AC$1,0)+1,0),"N/F") -> 10988.626 | D31: 8 | E31: 8 | F31: 8 | G31: 6 | H31: 8 | I31: 8 | J31: 8 | K31: =IFERROR(D31*$C31,0) -> 87909.005 | L31: =IFERROR(E31*$C31,0) -> 87909.005 | M31: =IFERROR(F31*$C31,0) -> 87909.005 | N31: =IFERROR(G31*$C31,0) -> 65931.753 | O31: =IFERROR(H31*$C31,0) -> 87909.005 | P31: =IFERROR(I31*$C31,0) -> 87909.005 | Q31: =IFERROR(J31*$C31,0) -> 87909.005
A32: Type 3 - 1800 mm | B32: 2.5 - 3.0 | C32: =IFERROR(VLOOKUP($A32,'Manhole Rate'!$A$1:$AC$4,MATCH($B32,'Manhole Rate'!$B$1:$AC$1,0)+1,0),"N/F") -> 1764.0353 | D32: 11 | E32: 11 | J32: 11 | K32: =IFERROR(D32*$C32,0) -> 19404.388 | L32: =IFERROR(E32*$C32,0) -> 19404.388 | M32: =IFERROR(F32*$C32,0) -> 0 | N32: =IFERROR(G32*$C32,0) -> 0 | O32: =IFERROR(H32*$C32,0) -> 0 | P32: =IFERROR(I32*$C32,0) -> 0 | Q32: =IFERROR(J32*$C32,0) -> 19404.388
A33: Type 3 - 1800 mm | B33: 3.0 - 3.5 | C33: =IFERROR(VLOOKUP($A33,'Manhole Rate'!$A$1:$AC$4,MATCH($B33,'Manhole Rate'!$B$1:$AC$1,0)+1,0),"N/F") -> 1988.4946 | D33: 11 | E33: 17 | J33: 11 | K33: =IFERROR(D33*$C33,0) -> 21873.44 | L33: =IFERROR(E33*$C33,0) -> 33804.407 | M33: =IFERROR(F33*$C33,0) -> 0 | N33: =IFERROR(G33*$C33,0) -> 0 | O33: =IFERROR(H33*$C33,0) -> 0 | P33: =IFERROR(I33*$C33,0) -> 0 | Q33: =IFERROR(J33*$C33,0) -> 21873.44
A34: Type 3 - 1800 mm | B34: 3.5 - 4.0 | C34: =IFERROR(VLOOKUP($A34,'Manhole Rate'!$A$1:$AC$4,MATCH($B34,'Manhole Rate'!$B$1:$AC$1,0)+1,0),"N/F") -> 2207.7837 | D34: 6 | E34: 14 | J34: 6 | K34: =IFERROR(D34*$C34,0) -> 13246.702 | L34: =IFERROR(E34*$C34,0) -> 30908.972 | M34: =IFERROR(F34*$C34,0) -> 0 | N34: =IFERROR(G34*$C34,0) -> 0 | O34: =IFERROR(H34*$C34,0) -> 0 | P34: =IFERROR(I34*$C34,0) -> 0 | Q34: =IFERROR(J34*$C34,0) -> 13246.702
A35: Type 3 - 1800 mm | B35: 4.5 - 5.0 | C35: =IFERROR(VLOOKUP($A35,'Manhole Rate'!$A$1:$AC$4,MATCH($B35,'Manhole Rate'!$B$1:$AC$1,0)+1,0),"N/F") -> 2992.553 | D35: 4 | E35: 13 | J35: 4 | K35: =IFERROR(D35*$C35,0) -> 11970.212 | L35: =IFERROR(E35*$C35,0) -> 38903.189 | M35: =IFERROR(F35*$C35,0) -> 0 | N35: =IFERROR(G35*$C35,0) -> 0 | O35: =IFERROR(H35*$C35,0) -> 0 | P35: =IFERROR(I35*$C35,0) -> 0 | Q35: =IFERROR(J35*$C35,0) -> 11970.212
A36: Type 3 - 1800 mm | B36: 5.5 - 6.0 | C36: =IFERROR(VLOOKUP($A36,'Manhole Rate'!$A$1:$AC$4,MATCH($B36,'Manhole Rate'!$B$1:$AC$1,0)+1,0),"N/F") -> 3548.1071 | D36: 2 | E36: 6 | J36: 2 | K36: =IFERROR(D36*$C36,0) -> 7096.2142 | L36: =IFERROR(E36*$C36,0) -> 21288.643 | M36: =IFERROR(F36*$C36,0) -> 0 | N36: =IFERROR(G36*$C36,0) -> 0 | O36: =IFERROR(H36*$C36,0) -> 0 | P36: =IFERROR(I36*$C36,0) -> 0 | Q36: =IFERROR(J36*$C36,0) -> 7096.2142
A37: Type 3 - 1800 mm | B37: 6.5 - 7.0 | C37: =IFERROR(VLOOKUP($A37,'Manhole Rate'!$A$1:$AC$4,MATCH($B37,'Manhole Rate'!$B$1:$AC$1,0)+1,0),"N/F") -> 4134.5475 | D37: 20 | E37: 30 | J37: 20 | K37: =IFERROR(D37*$C37,0) -> 82690.95 | L37: =IFERROR(E37*$C37,0) -> 124036.43 | M37: =IFERROR(F37*$C37,0) -> 0 | N37: =IFERROR(G37*$C37,0) -> 0 | O37: =IFERROR(H37*$C37,0) -> 0 | P37: =IFERROR(I37*$C37,0) -> 0 | Q37: =IFERROR(J37*$C37,0) -> 82690.95
A38: Type 3 - 1800 mm | B38: 7.5 - 8.0 | C38: =IFERROR(VLOOKUP($A38,'Manhole Rate'!$A$1:$AC$4,MATCH($B38,'Manhole Rate'!$B$1:$AC$1,0)+1,0),"N/F") -> 4825.322 | D38: 16 | E38: 27 | J38: 16 | K38: =IFERROR(D38*$C38,0) -> 77205.152 | L38: =IFERROR(E38*$C38,0) -> 130283.69 | M38: =IFERROR(F38*$C38,0) -> 0 | N38: =IFERROR(G38*$C38,0) -> 0 | O38: =IFERROR(H38*$C38,0) -> 0 | P38: =IFERROR(I38*$C38,0) -> 0 | Q38: =IFERROR(J38*$C38,0) -> 77205.152
A39: Type 3 - 1800 mm | B39: 8.5 - 9.0 | C39: =IFERROR(VLOOKUP($A39,'Manhole Rate'!$A$1:$AC$4,MATCH($B39,'Manhole Rate'!$B$1:$AC$1,0)+1,0),"N/F") -> 5235.6 | D39: 10 | E39: 17 | J39: 10 | K39: =IFERROR(D39*$C39,0) -> 52356 | L39: =IFERROR(E39*$C39,0) -> 89005.2 | M39: =IFERROR(F39*$C39,0) -> 0 | N39: =IFERROR(G39*$C39,0) -> 0 | O39: =IFERROR(H39*$C39,0) -> 0 | P39: =IFERROR(I39*$C39,0) -> 0 | Q39: =IFERROR(J39*$C39,0) -> 52356
A40: Type 3 - 1800 mm | B40: 9.5 - 10.0 | C40: =IFERROR(VLOOKUP($A40,'Manhole Rate'!$A$1:$AC$4,MATCH($B40,'Manhole Rate'!$B$1:$AC$1,0)+1,0),"N/F") -> 7069.9 | D40: 8 | E40: 11 | F40: 9 | G40: 13 | H40: 1 | I40: 1 | J40: 8 | K40: =IFERROR(D40*$C40,0) -> 56559.2 | L40: =IFERROR(E40*$C40,0) -> 77768.9 | M40: =IFERROR(F40*$C40,0) -> 63629.1 | N40: =IFERROR(G40*$C40,0) -> 91908.7 | O40: =IFERROR(H40*$C40,0) -> 7069.9 | P40: =IFERROR(I40*$C40,0) -> 7069.9 | Q40: =IFERROR(J40*$C40,0) -> 56559.2
A41: Type 3 - 1800 mm | B41: 10.5 - 11.0 | C41: =IFERROR(VLOOKUP($A41,'Manhole Rate'!$A$1:$AC$4,MATCH($B41,'Manhole Rate'!$B$1:$AC$1,0)+1,0),"N/F") -> 9655.9705 | D41: 14 | E41: 14 | F41: 9 | G41: 5 | J41: 14 | K41: =IFERROR(D41*$C41,0) -> 135183.59 | L41: =IFERROR(E41*$C41,0) -> 135183.59 | M41: =IFERROR(F41*$C41,0) -> 86903.734 | N41: =IFERROR(G41*$C41,0) -> 48279.852 | O41: =IFERROR(H41*$C41,0) -> 0 | P41: =IFERROR(I41*$C41,0) -> 0 | Q41: =IFERROR(J41*$C41,0) -> 135183.59
A42: Type 3 - 1800 mm | B42: 11.5 - 12.0 | C42: =IFERROR(VLOOKUP($A42,'Manhole Rate'!$A$1:$AC$4,MATCH($B42,'Manhole Rate'!$B$1:$AC$1,0)+1,0),"N/F") -> 11897.121 | D42: 5 | E42: 5 | F42: 5 | G42: 5 | J42: 5 | K42: =IFERROR(D42*$C42,0) -> 59485.606 | L42: =IFERROR(E42*$C42,0) -> 59485.606 | M42: =IFERROR(F42*$C42,0) -> 59485.606 | N42: =IFERROR(G42*$C42,0) -> 59485.606 | O42: =IFERROR(H42*$C42,0) -> 0 | P42: =IFERROR(I42*$C42,0) -> 0 | Q42: =IFERROR(J42*$C42,0) -> 59485.606
C43: =IFERROR(VLOOKUP($A43,'Manhole Rate'!$A$1:$AC$4,MATCH($B43,'Manhole Rate'!$B$1:$AC$1,0)+1,0),"N/F") -> N/F | K43: =IFERROR(D43*$C43,0) -> 0 | L43: =IFERROR(E43*$C43,0) -> 0 | M43: =IFERROR(F43*$C43,0) -> 0 | N43: =IFERROR(G43*$C43,0) -> 0 | O43: =IFERROR(H43*$C43,0) -> 0 | P43: =IFERROR(I43*$C43,0) -> 0 | Q43: =IFERROR(J43*$C43,0) -> 0
C44: =IFERROR(VLOOKUP($A44,'Manhole Rate'!$A$1:$AC$4,MATCH($B44,'Manhole Rate'!$B$1:$AC$1,0)+1,0),"N/F") -> N/F | K44: =IFERROR(D44*$C44,0) -> 0 | L44: =IFERROR(E44*$C44,0) -> 0 | M44: =IFERROR(F44*$C44,0) -> 0 | N44: =IFERROR(G44*$C44,0) -> 0 | O44: =IFERROR(H44*$C44,0) -> 0 | P44: =IFERROR(I44*$C44,0) -> 0 | Q44: =IFERROR(J44*$C44,0) -> 0
C45: =IFERROR(VLOOKUP($A45,'Manhole Rate'!$A$1:$AC$4,MATCH($B45,'Manhole Rate'!$B$1:$AC$1,0)+1,0),"N/F") -> N/F | K45: =IFERROR(D45*$C45,0) -> 0 | L45: =IFERROR(E45*$C45,0) -> 0 | M45: =IFERROR(F45*$C45,0) -> 0 | N45: =IFERROR(G45*$C45,0) -> 0 | O45: =IFERROR(H45*$C45,0) -> 0 | P45: =IFERROR(I45*$C45,0) -> 0 | Q45: =IFERROR(J45*$C45,0) -> 0
C46: =IFERROR(VLOOKUP($A46,'Manhole Rate'!$A$1:$AC$4,MATCH($B46,'Manhole Rate'!$B$1:$AC$1,0)+1,0),"N/F") -> N/F | K46: =IFERROR(D46*$C46,0) -> 0 | L46: =IFERROR(E46*$C46,0) -> 0 | M46: =IFERROR(F46*$C46,0) -> 0 | N46: =IFERROR(G46*$C46,0) -> 0 | O46: =IFERROR(H46*$C46,0) -> 0 | P46: =IFERROR(I46*$C46,0) -> 0 | Q46: =IFERROR(J46*$C46,0) -> 0
C47: =IFERROR(VLOOKUP($A47,'Manhole Rate'!$A$1:$AC$4,MATCH($B47,'Manhole Rate'!$B$1:$AC$1,0)+1,0),"N/F") -> N/F | K47: =IFERROR(D47*$C47,0) -> 0 | L47: =IFERROR(E47*$C47,0) -> 0 | M47: =IFERROR(F47*$C47,0) -> 0 | N47: =IFERROR(G47*$C47,0) -> 0 | O47: =IFERROR(H47*$C47,0) -> 0 | P47: =IFERROR(I47*$C47,0) -> 0 | Q47: =IFERROR(J47*$C47,0) -> 0
C48: =IFERROR(VLOOKUP($A48,'Manhole Rate'!$A$1:$AC$4,MATCH($B48,'Manhole Rate'!$B$1:$AC$1,0)+1,0),"N/F") -> N/F | K48: =IFERROR(D48*$C48,0) -> 0 | L48: =IFERROR(E48*$C48,0) -> 0 | M48: =IFERROR(F48*$C48,0) -> 0 | N48: =IFERROR(G48*$C48,0) -> 0 | O48: =IFERROR(H48*$C48,0) -> 0 | P48: =IFERROR(I48*$C48,0) -> 0 | Q48: =IFERROR(J48*$C48,0) -> 0
C49: =IFERROR(VLOOKUP($A49,'Manhole Rate'!$A$1:$AC$4,MATCH($B49,'Manhole Rate'!$B$1:$AC$1,0)+1,0),"N/F") -> N/F | K49: =IFERROR(D49*$C49,0) -> 0 | L49: =IFERROR(E49*$C49,0) -> 0 | M49: =IFERROR(F49*$C49,0) -> 0 | N49: =IFERROR(G49*$C49,0) -> 0 | O49: =IFERROR(H49*$C49,0) -> 0 | P49: =IFERROR(I49*$C49,0) -> 0 | Q49: =IFERROR(J49*$C49,0) -> 0
C50: =IFERROR(VLOOKUP($A50,'Manhole Rate'!$A$1:$AC$4,MATCH($B50,'Manhole Rate'!$B$1:$AC$1,0)+1,0),"N/F") -> N/F | K50: =IFERROR(D50*$C50,0) -> 0 | L50: =IFERROR(E50*$C50,0) -> 0 | M50: =IFERROR(F50*$C50,0) -> 0 | N50: =IFERROR(G50*$C50,0) -> 0 | O50: =IFERROR(H50*$C50,0) -> 0 | P50: =IFERROR(I50*$C50,0) -> 0 | Q50: =IFERROR(J50*$C50,0) -> 0
C51: =IFERROR(VLOOKUP($A51,'Manhole Rate'!$A$1:$AC$4,MATCH($B51,'Manhole Rate'!$B$1:$AC$1,0)+1,0),"N/F") -> N/F | K51: =IFERROR(D51*$C51,0) -> 0 | L51: =IFERROR(E51*$C51,0) -> 0 | M51: =IFERROR(F51*$C51,0) -> 0 | N51: =IFERROR(G51*$C51,0) -> 0 | O51: =IFERROR(H51*$C51,0) -> 0 | P51: =IFERROR(I51*$C51,0) -> 0 | Q51: =IFERROR(J51*$C51,0) -> 0
C52: =IFERROR(VLOOKUP($A52,'Manhole Rate'!$A$1:$AC$4,MATCH($B52,'Manhole Rate'!$B$1:$AC$1,0)+1,0),"N/F") -> N/F | K52: =IFERROR(D52*$C52,0) -> 0 | L52: =IFERROR(E52*$C52,0) -> 0 | M52: =IFERROR(F52*$C52,0) -> 0 | N52: =IFERROR(G52*$C52,0) -> 0 | O52: =IFERROR(H52*$C52,0) -> 0 | P52: =IFERROR(I52*$C52,0) -> 0 | Q52: =IFERROR(J52*$C52,0) -> 0
C53: =IFERROR(VLOOKUP($A53,'Manhole Rate'!$A$1:$AC$4,MATCH($B53,'Manhole Rate'!$B$1:$AC$1,0)+1,0),"N/F") -> N/F | K53: =IFERROR(D53*$C53,0) -> 0 | L53: =IFERROR(E53*$C53,0) -> 0 | M53: =IFERROR(F53*$C53,0) -> 0 | N53: =IFERROR(G53*$C53,0) -> 0 | O53: =IFERROR(H53*$C53,0) -> 0 | P53: =IFERROR(I53*$C53,0) -> 0 | Q53: =IFERROR(J53*$C53,0) -> 0
C54: =IFERROR(VLOOKUP($A54,'Manhole Rate'!$A$1:$AC$4,MATCH($B54,'Manhole Rate'!$B$1:$AC$1,0)+1,0),"N/F") -> N/F | K54: =IFERROR(D54*$C54,0) -> 0 | L54: =IFERROR(E54*$C54,0) -> 0 | M54: =IFERROR(F54*$C54,0) -> 0 | N54: =IFERROR(G54*$C54,0) -> 0 | O54: =IFERROR(H54*$C54,0) -> 0 | P54: =IFERROR(I54*$C54,0) -> 0 | Q54: =IFERROR(J54*$C54,0) -> 0
... C157: =IFERROR(VLOOKUP($A157,'Manhole Rate'!$A$1:$AC$4,MATCH($B157,'Manhole Rate'!$B$1:$AC$1,0)+1,0),"N/F") -> N/F | K157: =IFERROR(D157*$C157,0) -> 0 | L157: =IFERROR(E157*$C157,0) -> 0 | M157: =IFERROR(F157*$C157,0) -> 0 | N157: =IFERROR(G157*$C157,0) -> 0 | O157: =IFERROR(H157*$C157,0) -> 0 | P157: =IFERROR(I157*$C157,0) -> 0 | Q157: =IFERROR(J157*$C157,0) -> 0
A158: Total Amount (OMR) | D158: =SUM(D3:D157) -> 19082 | E158: =SUM(E3:E157) -> 19082 | F158: =SUM(F3:F157) -> 19082 | G158: =SUM(G3:G157) -> 19082 | H158: =SUM(H3:H157) -> 19082 | I158: =SUM(I3:I157) -> 19082 | J158: =SUM(J3:J157) -> 19082 | K158: =SUM(K3:K157) -> 29599890 | ... Q158: =SUM(Q3:Q157) -> 29611508

Sheet BPS - LS - CAPEX
A1: BPS/LS | B1: Rate (OMR/Kw) | C1: S1 | D1: S2 | E1: S3 | F1: S4 | G1: S5 | H1: S6 | I1: S7 | J1: S1 | K1: S2 | L1: S3 | M1: S4 | N1: S5 | O1: S6 | P1: S7
C2: Total Required Power (Kw) | D2: Total Required Power (Kw) | E2: Total Required Power (Kw) | F2: Total Required Power (Kw) | G2: Total Required Power (Kw) | H2: Total Required Power (Kw) | I2: Total Required Power (Kw) | J2: Total Amount (OMR) | K2: Total Amount (OMR) | L2: Total Amount (OMR) | M2: Total Amount (OMR) | N2: Total Amount (OMR) | O2: Total Amount (OMR) | P2: Total Amount (OMR)
A3: BPS | B3: 5000 | J3: =IFERROR(C3*$B3,0) -> 0 | K3: =IFERROR(D3*$B3,0) -> 0 | L3: =IFERROR(E3*$B3,0) -> 0 | M3: =IFERROR(F3*$B3,0) -> 0 | N3: =IFERROR(G3*$B3,0) -> 0 | O3: =IFERROR(H3*$B3,0) -> 0 | P3: =IFERROR(I3*$B3,0) -> 0
A4: LS (Up to 10 Kw) | B4: 25000 | C4: 54.5 | D4: 55.1 | E4: 54.5 | F4: 54.5 | G4: 54.5 | H4: 54.6 | I4: 54.6 | J4: =IFERROR(C4*$B4,0) -> 1362500 | K4: =IFERROR(D4*$B4,0) -> 1377500 | L4: =IFERROR(E4*$B4,0) -> 1362500 | M4: =IFERROR(F4*$B4,0) -> 1362500 | N4: =IFERROR(G4*$B4,0) -> 1362500 | O4: =IFERROR(H4*$B4,0) -> 1365000 | P4: =IFERROR(I4*$B4,0) -> 1365000
A5: LS (More than 10 Kw) | B5: 5000 | C5: 367.6 | D5: 429.4 | E5: 306.8 | F5: 264.4 | G5: 222.7 | H5: 143.9 | I5: 288.8 | J5: =IFERROR(C5*$B5,0) -> 1838000 | K5: =IFERROR(D5*$B5,0) -> 2147000 | L5: =IFERROR(E5*$B5,0) -> 1534000 | M5: =IFERROR(F5*$B5,0) -> 1322000 | N5: =IFERROR(G5*$B5,0) -> 1113500 | O5: =IFERROR(H5*$B5,0) -> 719500 | P5: =IFERROR(I5*$B5,0) -> 1444000
A6: Total Amount (OMR) | C6: =SUM(C3:C5) -> 422.1 | D6: =SUM(D3:D5) -> 484.5 | E6: =SUM(E3:E5) -> 361.3 | F6: =SUM(F3:F5) -> 318.9 | G6: =SUM(G3:G5) -> 277.2 | H6: =SUM(H3:H5) -> 198.5 | I6: =SUM(I3:I5) -> 343.4 | J6: =SUM(J3:J5) -> 3200500 | ... P6: =SUM(P3:P5) -> 2809000
A10: BPS/LS | B10: Land (m2/Kw) | C10: S1 | D10: S2 | E10: S3 | F10: S4 | G10: S5 | H10: S6 | I10: S7
C11: Total Required Land (m2) | D11: Total Required Land (m2) | E11: Total Required Land (m2) | F11: Total Required Land (m2) | G11: Total Required Land (m2) | H11: Total Required Land (m2) | I11: Total Required Land (m2)
A12: BPS | B12: 3 | C12: =ROUNDUP(C3*$B12,-2) -> 0 | D12: =ROUNDUP(D3*$B12,-2) -> 0 | E12: =ROUNDUP(E3*$B12,-2) -> 0 | F12: =ROUNDUP(F3*$B12,-2) -> 0 | G12: =ROUNDUP(G3*$B12,-2) -> 0 | H12: =ROUNDUP(H3*$B12,-2) -> 0 | I12: =ROUNDUP(I3*$B12,-2) -> 0
A13: LS (Up to 10 Kw) | B13: 5 | C13: =ROUNDUP(C4*$B13,-2) -> 300 | D13: =ROUNDUP(D4*$B13,-2) -> 300 | E13: =ROUNDUP(E4*$B13,-2) -> 300 | F13: =ROUNDUP(F4*$B13,-2) -> 300 | G13: =ROUNDUP(G4*$B13,-2) -> 300 | H13: =ROUNDUP(H4*$B13,-2) -> 300 | I13: =ROUNDUP(I4*$B13,-2) -> 300
A14: LS (More than 10 Kw) | B14: 3 | C14: =ROUNDUP(C5*$B14,-2) -> 1200 | D14: =ROUNDUP(D5*$B14,-2) -> 1300 | E14: =ROUNDUP(E5*$B14,-2) -> 1000 | F14: =ROUNDUP(F5*$B14,-2) -> 800 | G14: =ROUNDUP(G5*$B14,-2) -> 700 | H14: =ROUNDUP(H5*$B14,-2) -> 500 | I14: =ROUNDUP(I5*$B14,-2) -> 900
A15: Total Amount (OMR) | C15: =SUM(C12:C14) -> 1500 | D15: =SUM(D12:D14) -> 1600 | E15: =SUM(E12:E14) -> 1300 | F15: =SUM(F12:F14) -> 1100 | G15: =SUM(G12:G14) -> 1000 | H15: =SUM(H12:H14) -> 800 | I15: =SUM(I12:I14) -> 1200

Sheet Rising Pipes - CAPEX
A1: Rising Pipe (mm) | B1: Depth (m) | C1: Rate (OMR/m) | D1: S1 | E1: S2 | F1: S3 | G1: S4 | H1: S5 | I1: S6 | J1: S7 | K1: S1 | L1: S2 | M1: S3 | N1: S4 | O1: S5 | P1: S6 | Q1: S7
D2: Length (m) | E2: Length (m) | F2: Length (m) | G2: Length (m) | H2: Length (m) | I2: Length (m) | J2: Length (m) | K2: Total Amount (OMR) | L2: Total Amount (OMR) | M2: Total Amount (OMR) | N2: Total Amount (OMR) | O2: Total Amount (OMR) | P2: Total Amount (OMR) | Q2: Total Amount (OMR)
A3: 100 | B3: Up to 1.5 | C3: =IFERROR(VLOOKUP($A3,'Pipe Rate'!$A$29:$W$47,MATCH($B3,'Pipe Rate'!$B$29:$W$29,0)+1,0),"N/F") -> 10.2 | D3: 9917 | E3: 10518 | F3: 9917 | G3: 9917 | H3: 9917 | I3: 7510 | J3: 7510 | K3: =IFERROR(D3*$C3,0) -> 101153.4 | L3: =IFERROR(E3*$C3,0) -> 107283.6 | M3: =IFERROR(F3*$C3,0) -> 101153.4 | N3: =IFERROR(G3*$C3,0) -> 101153.4 | O3: =IFERROR(H3*$C3,0) -> 101153.4 | P3: =IFERROR(I3*$C3,0) -> 76602 | Q3: =IFERROR(J3*$C3,0) -> 76602
A4: 150 | B4: Up to 1.5 | C4: =IFERROR(VLOOKUP($A4,'Pipe Rate'!$A$29:$W$47,MATCH($B4,'Pipe Rate'!$B$29:$W$29,0)+1,0),"N/F") -> 14 | D4: 24180 | E4: 18842 | F4: 24180 | G4: 24180 | H4: 24180 | I4: 17036 | J4: 17036 | K4: =IFERROR(D4*$C4,0) -> 338520 | L4: =IFERROR(E4*$C4,0) -> 263788 | M4: =IFERROR(F4*$C4,0) -> 338520 | N4: =IFERROR(G4*$C4,0) -> 338520 | O4: =IFERROR(H4*$C4,0) -> 338520 | P4: =IFERROR(I4*$C4,0) -> 238504 | Q4: =IFERROR(J4*$C4,0) -> 238504
A5: 200 | B5: Up to 1.5 | C5: =IFERROR(VLOOKUP($A5,'Pipe Rate'!$A$29:$W$47,MATCH($B5,'Pipe Rate'!$B$29:$W$29,0)+1,0),"N/F") -> 32.1 | D5: 66 | E5: 66 | F5: 66 | G5: 66 | H5: 66 | I5: 66 | J5: 66 | K5: =IFERROR(D5*$C5,0) -> 2118.6 | L5: =IFERROR(E5*$C5,0) -> 2118.6 | M5: =IFERROR(F5*$C5,0) -> 2118.6 | N5: =IFERROR(G5*$C5,0) -> 2118.6 | O5: =IFERROR(H5*$C5,0) -> 2118.6 | P5: =IFERROR(I5*$C5,0) -> 2118.6 | Q5: =IFERROR(J5*$C5,0) -> 2118.6
A6: 250 | B6: Up to 1.5 | C6: =IFERROR(VLOOKUP($A6,'Pipe Rate'!$A$29:$W$47,MATCH($B6,'Pipe Rate'!$B$29:$W$29,0)+1,0),"N/F") -> 40.7 | D6: 1308 | E6: 1308 | F6: 1308 | G6: 1308 | H6: 1308 | I6: 1308 | J6: 1308 | K6: =IFERROR(D6*$C6,0) -> 53235.6 | L6: =IFERROR(E6*$C6,0) -> 53235.6 | M6: =IFERROR(F6*$C6,0) -> 53235.6 | N6: =IFERROR(G6*$C6,0) -> 53235.6 | O6: =IFERROR(H6*$C6,0) -> 53235.6 | P6: =IFERROR(I6*$C6,0) -> 53235.6 | Q6: =IFERROR(J6*$C6,0) -> 53235.6
A7: 300 | B7: Up to 1.5 | C7: =IFERROR(VLOOKUP($A7,'Pipe Rate'!$A$29:$W$47,MATCH($B7,'Pipe Rate'!$B$29:$W$29,0)+1,0),"N/F") -> 49.2 | D7: 5330 | E7: 574 | F7: 5330 | G7: 5330 | H7: 5330 | I7: 574 | J7: 574 | K7: =IFERROR(D7*$C7,0) -> 262236 | L7: =IFERROR(E7*$C7,0) -> 28240.8 | M7: =IFERROR(F7*$C7,0) -> 262236 | N7: =IFERROR(G7*$C7,0) -> 262236 | O7: =IFERROR(H7*$C7,0) -> 262236 | P7: =IFERROR(I7*$C7,0) -> 28240.8 | Q7: =IFERROR(J7*$C7,0) -> 28240.8
A8: 350 | B8: Up to 1.5 | C8: =IFERROR(VLOOKUP($A8,'Pipe Rate'!$A$29:$W$47,MATCH($B8,'Pipe Rate'!$B$29:$W$29,0)+1,0),"N/F") -> 53 | D8: 44 | E8: 44 | F8: 44 | G8: 44 | H8: 44 | I8: 2076 | J8: 2076 | K8: =IFERROR(D8*$C8,0) -> 2332 | L8: =IFERROR(E8*$C8,0) -> 2332 | M8: =IFERROR(F8*$C8,0) -> 2332 | N8: =IFERROR(G8*$C8,0) -> 2332 | O8: =IFERROR(H8*$C8,0) -> 2332 | P8: =IFERROR(I8*$C8,0) -> 110028 | Q8: =IFERROR(J8*$C8,0) -> 110028
A9: 400 | B9: Up to 1.5 | C9: =IFERROR(VLOOKUP($A9,'Pipe Rate'!$A$29:$W$47,MATCH($B9,'Pipe Rate'!$B$29:$W$29,0)+1,0),"N/F") -> 56.8 | D9: 2135 | E9: 2135 | F9: 2135 | G9: 2135 | H9: 2178 | I9: 146 | J9: 103 | K9: =IFERROR(D9*$C9,0) -> 121268 | L9: =IFERROR(E9*$C9,0) -> 121268 | M9: =IFERROR(F9*$C9,0) -> 121268 | N9: =IFERROR(G9*$C9,0) -> 121268 | O9: =IFERROR(H9*$C9,0) -> 123710.4 | P9: =IFERROR(I9*$C9,0) -> 8292.8 | Q9: =IFERROR(J9*$C9,0) -> 5850.4
A10: 500 | B10: Up to 1.5 | C10: =IFERROR(VLOOKUP($A10,'Pipe Rate'!$A$29:$W$47,MATCH($B10,'Pipe Rate'!$B$29:$W$29,0)+1,0),"N/F") -> 73.2 | D10: 666 | E10: 666 | F10: 17 | G10: 17 | J10: 666 | K10: =IFERROR(D10*$C10,0) -> 48751.2 | L10: =IFERROR(E10*$C10,0) -> 48751.2 | M10: =IFERROR(F10*$C10,0) -> 1244.4 | N10: =IFERROR(G10*$C10,0) -> 1244.4 | O10: =IFERROR(H10*$C10,0) -> 0 | P10: =IFERROR(I10*$C10,0) -> 0 | Q10: =IFERROR(J10*$C10,0) -> 48751.2
A11: 700 | B11: Up to 1.5 | C11: =IFERROR(VLOOKUP($A11,'Pipe Rate'!$A$29:$W$47,MATCH($B11,'Pipe Rate'!$B$29:$W$29,0)+1,0),"N/F") -> 113.3 | D11: 166 | E11: 166 | F11: 192 | G11: 43 | J11: 166 | K11: =IFERROR(D11*$C11,0) -> 18807.8 | L11: =IFERROR(E11*$C11,0) -> 18807.8 | M11: =IFERROR(F11*$C11,0) -> 21753.6 | N11: =IFERROR(G11*$C11,0) -> 4871.9 | O11: =IFERROR(H11*$C11,0) -> 0 | P11: =IFERROR(I11*$C11,0) -> 0 | Q11: =IFERROR(J11*$C11,0) -> 18807.8
A12: 900 | B12: Up to 1.5 | C12: =IFERROR(VLOOKUP($A12,'Pipe Rate'!$A$29:$W$47,MATCH($B12,'Pipe Rate'!$B$29:$W$29,0)+1,0),"N/F") -> 157.8 | D12: 43 | E12: 43 | J12: 43 | K12: =IFERROR(D12*$C12,0) -> 6785.4 | L12: =IFERROR(E12*$C12,0) -> 6785.4 | M12: =IFERROR(F12*$C12,0) -> 0 | N12: =IFERROR(G12*$C12,0) -> 0 | O12: =IFERROR(H12*$C12,0) -> 0 | P12: =IFERROR(I12*$C12,0) -> 0 | Q12: =IFERROR(J12*$C12,0) -> 6785.4
A13: 1200 | B13: Up to 1.5 | C13: =IFERROR(VLOOKUP($A13,'Pipe Rate'!$A$29:$W$47,MATCH($B13,'Pipe Rate'!$B$29:$W$29,0)+1,0),"N/F") -> 272.9 | E13: 2965 | K13: =IFERROR(D13*$C13,0) -> 0 | L13: =IFERROR(E13*$C13,0) -> 809148.5 | M13: =IFERROR(F13*$C13,0) -> 0 | N13: =IFERROR(G13*$C13,0) -> 0 | O13: =IFERROR(H13*$C13,0) -> 0 | P13: =IFERROR(I13*$C13,0) -> 0 | Q13: =IFERROR(J13*$C13,0) -> 0
C14: =IFERROR(VLOOKUP($A14,'Pipe Rate'!$A$29:$W$47,MATCH($B14,'Pipe Rate'!$B$29:$W$29,0)+1,0),"N/F") -> N/F | K14: =IFERROR(D14*$C14,0) -> 0 | L14: =IFERROR(E14*$C14,0) -> 0 | M14: =IFERROR(F14*$C14,0) -> 0 | N14: =IFERROR(G14*$C14,0) -> 0 | O14: =IFERROR(H14*$C14,0) -> 0 | P14: =IFERROR(I14*$C14,0) -> 0 | Q14: =IFERROR(J14*$C14,0) -> 0
C15: =IFERROR(VLOOKUP($A15,'Pipe Rate'!$A$29:$W$47,MATCH($B15,'Pipe Rate'!$B$29:$W$29,0)+1,0),"N/F") -> N/F | K15: =IFERROR(D15*$C15,0) -> 0 | L15: =IFERROR(E15*$C15,0) -> 0 | M15: =IFERROR(F15*$C15,0) -> 0 | N15: =IFERROR(G15*$C15,0) -> 0 | O15: =IFERROR(H15*$C15,0) -> 0 | P15: =IFERROR(I15*$C15,0) -> 0 | Q15: =IFERROR(J15*$C15,0) -> 0
C16: =IFERROR(VLOOKUP($A16,'Pipe Rate'!$A$29:$W$47,MATCH($B16,'Pipe Rate'!$B$29:$W$29,0)+1,0),"N/F") -> N/F | K16: =IFERROR(D16*$C16,0) -> 0 | L16: =IFERROR(E16*$C16,0) -> 0 | M16: =IFERROR(F16*$C16,0) -> 0 | N16: =IFERROR(G16*$C16,0) -> 0 | O16: =IFERROR(H16*$C16,0) -> 0 | P16: =IFERROR(I16*$C16,0) -> 0 | Q16: =IFERROR(J16*$C16,0) -> 0
C17: =IFERROR(VLOOKUP($A17,'Pipe Rate'!$A$29:$W$47,MATCH($B17,'Pipe Rate'!$B$29:$W$29,0)+1,0),"N/F") -> N/F | K17: =IFERROR(D17*$C17,0) -> 0 | L17: =IFERROR(E17*$C17,0) -> 0 | M17: =IFERROR(F17*$C17,0) -> 0 | N17: =IFERROR(G17*$C17,0) -> 0 | O17: =IFERROR(H17*$C17,0) -> 0 | P17: =IFERROR(I17*$C17,0) -> 0 | Q17: =IFERROR(J17*$C17,0) -> 0
C18: =IFERROR(VLOOKUP($A18,'Pipe Rate'!$A$29:$W$47,MATCH($B18,'Pipe Rate'!$B$29:$W$29,0)+1,0),"N/F") -> N/F | K18: =IFERROR(D18*$C18,0) -> 0 | L18: =IFERROR(E18*$C18,0) -> 0 | M18: =IFERROR(F18*$C18,0) -> 0 | N18: =IFERROR(G18*$C18,0) -> 0 | O18: =IFERROR(H18*$C18,0) -> 0 | P18: =IFERROR(I18*$C18,0) -> 0 | Q18: =IFERROR(J18*$C18,0) -> 0
C19: =IFERROR(VLOOKUP($A19,'Pipe Rate'!$A$29:$W$47,MATCH($B19,'Pipe Rate'!$B$29:$W$29,0)+1,0),"N/F") -> N/F | K19: =IFERROR(D19*$C19,0) -> 0 | L19: =IFERROR(E19*$C19,0) -> 0 | M19: =IFERROR(F19*$C19,0) -> 0 | N19: =IFERROR(G19*$C19,0) -> 0 | O19: =IFERROR(H19*$C19,0) -> 0 | P19: =IFERROR(I19*$C19,0) -> 0 | Q19: =IFERROR(J19*$C19,0) -> 0
C20: =IFERROR(VLOOKUP($A20,'Pipe Rate'!$A$29:$W$47,MATCH($B20,'Pipe Rate'!$B$29:$W$29,0)+1,0),"N/F") -> N/F | K20: =IFERROR(D20*$C20,0) -> 0 | L20: =IFERROR(E20*$C20,0) -> 0 | M20: =IFERROR(F20*$C20,0) -> 0 | N20: =IFERROR(G20*$C20,0) -> 0 | O20: =IFERROR(H20*$C20,0) -> 0 | P20: =IFERROR(I20*$C20,0) -> 0 | Q20: =IFERROR(J20*$C20,0) -> 0
C21: =IFERROR(VLOOKUP($A21,'Pipe Rate'!$A$29:$W$47,MATCH($B21,'Pipe Rate'!$B$29:$W$29,0)+1,0),"N/F") -> N/F | K21: =IFERROR(D21*$C21,0) -> 0 | L21: =IFERROR(E21*$C21,0) -> 0 | M21: =IFERROR(F21*$C21,0) -> 0 | N21: =IFERROR(G21*$C21,0) -> 0 | O21: =IFERROR(H21*$C21,0) -> 0 | P21: =IFERROR(I21*$C21,0) -> 0 | Q21: =IFERROR(J21*$C21,0) -> 0
C22: =IFERROR(VLOOKUP($A22,'Pipe Rate'!$A$29:$W$47,MATCH($B22,'Pipe Rate'!$B$29:$W$29,0)+1,0),"N/F") -> N/F | K22: =IFERROR(D22*$C22,0) -> 0 | L22: =IFERROR(E22*$C22,0) -> 0 | M22: =IFERROR(F22*$C22,0) -> 0 | N22: =IFERROR(G22*$C22,0) -> 0 | O22: =IFERROR(H22*$C22,0) -> 0 | P22: =IFERROR(I22*$C22,0) -> 0 | Q22: =IFERROR(J22*$C22,0) -> 0
C23: =IFERROR(VLOOKUP($A23,'Pipe Rate'!$A$29:$W$47,MATCH($B23,'Pipe Rate'!$B$29:$W$29,0)+1,0),"N/F") -> N/F | K23: =IFERROR(D23*$C23,0) -> 0 | L23: =IFERROR(E23*$C23,0) -> 0 | M23: =IFERROR(F23*$C23,0) -> 0 | N23: =IFERROR(G23*$C23,0) -> 0 | O23: =IFERROR(H23*$C23,0) -> 0 | P23: =IFERROR(I23*$C23,0) -> 0 | Q23: =IFERROR(J23*$C23,0) -> 0
C24: =IFERROR(VLOOKUP($A24,'Pipe Rate'!$A$29:$W$47,MATCH($B24,'Pipe Rate'!$B$29:$W$29,0)+1,0),"N/F") -> N/F | K24: =IFERROR(D24*$C24,0) -> 0 | L24: =IFERROR(E24*$C24,0) -> 0 | M24: =IFERROR(F24*$C24,0) -> 0 | N24: =IFERROR(G24*$C24,0) -> 0 | O24: =IFERROR(H24*$C24,0) -> 0 | P24: =IFERROR(I24*$C24,0) -> 0 | Q24: =IFERROR(J24*$C24,0) -> 0
C25: =IFERROR(VLOOKUP($A25,'Pipe Rate'!$A$29:$W$47,MATCH($B25,'Pipe Rate'!$B$29:$W$29,0)+1,0),"N/F") -> N/F | K25: =IFERROR(D25*$C25,0) -> 0 | L25: =IFERROR(E25*$C25,0) -> 0 | M25: =IFERROR(F25*$C25,0) -> 0 | N25: =IFERROR(G25*$C25,0) -> 0 | O25: =IFERROR(H25*$C25,0) -> 0 | P25: =IFERROR(I25*$C25,0) -> 0 | Q25: =IFERROR(J25*$C25,0) -> 0
... C39: =IFERROR(VLOOKUP($A39,'Pipe Rate'!$A$29:$W$47,MATCH($B39,'Pipe Rate'!$B$29:$W$29,0)+1,0),"N/F") -> N/F | K39: =IFERROR(D39*$C39,0) -> 0 | L39: =IFERROR(E39*$C39,0) -> 0 | M39: =IFERROR(F39*$C39,0) -> 0 | N39: =IFERROR(G39*$C39,0) -> 0 | O39: =IFERROR(H39*$C39,0) -> 0 | P39: =IFERROR(I39*$C39,0) -> 0 | Q39: =IFERROR(J39*$C39,0) -> 0
A40: Total Amount (OMR) | D40: =SUM(D3:D39) -> 43855 | E40: =SUM(E3:E39) -> 37327 | F40: =SUM(F3:F39) -> 43189 | G40: =SUM(G3:G39) -> 43040 | H40: =SUM(H3:H39) -> 43023 | I40: =SUM(I3:I39) -> 28716 | J40: =SUM(J3:J39) -> 29548 | K40: =SUM(K3:K39) -> 955208 | ... Q40: =SUM(Q3:Q39) -> 588923.8

Sheet STP - CAPEX
A1: STP | B1: Rate (OMR/(m3/day)) | C1: S1 | D1: S2 | E1: S3 | F1: S4 | G1: S5 | H1: S6 | I1: S7 | J1: S1 | K1: S2 | L1: S3 | M1: S4 | N1: S5 | O1: S6 | P1: S7
C2: Capacity (m3/day) | D2: Capacity (m3/day) | E2: Capacity (m3/day) | F2: Capacity (m3/day) | G2: Capacity (m3/day) | H2: Capacity (m3/day) | I2: Capacity (m3/day) | J2: Total Amount (OMR) | K2: Total Amount (OMR) | L2: Total Amount (OMR) | M2: Total Amount (OMR) | N2: Total Amount (OMR) | O2: Total Amount (OMR) | P2: Total Amount (OMR)
A3: STP (Up to 1000 m3/day) | B3: 1000 | H3: 491 | I3: 491 | J3: =IFERROR(C3*$B3,0) -> 0 | K3: =IFERROR(D3*$B3,0) -> 0 | L3: =IFERROR(E3*$B3,0) -> 0 | M3: =IFERROR(F3*$B3,0) -> 0 | N3: =IFERROR(G3*$B3,0) -> 0 | O3: =IFERROR(H3*$B3,0) -> 491000 | P3: =IFERROR(I3*$B3,0) -> 491000
A4: STP (Up to 5000 m3/day) | B4: 900 | H4: 2862 | I4: 2862 | J4: =IFERROR(C4*$B4,0) -> 0 | K4: =IFERROR(D4*$B4,0) -> 0 | L4: =IFERROR(E4*$B4,0) -> 0 | M4: =IFERROR(F4*$B4,0) -> 0 | N4: =IFERROR(G4*$B4,0) -> 0 | O4: =IFERROR(H4*$B4,0) -> 2575800 | P4: =IFERROR(I4*$B4,0) -> 2575800
A5: STP (Up to 10000 m3/day) | B5: 800 | E5: 8729 | F5: 8729 | G5: 8729 | H5: 8729 | J5: =IFERROR(C5*$B5,0) -> 0 | K5: =IFERROR(D5*$B5,0) -> 0 | L5: =IFERROR(E5*$B5,0) -> 6983200 | M5: =IFERROR(F5*$B5,0) -> 6983200 | N5: =IFERROR(G5*$B5,0) -> 6983200 | O5: =IFERROR(H5*$B5,0) -> 6983200 | P5: =IFERROR(I5*$B5,0) -> 0
A6: STP (Up to 20000 m3/day) | B6: 700 | F6: 17204 | G6: 29267 | H6: 29267 | J6: =IFERROR(C6*$B6,0) -> 0 | K6: =IFERROR(D6*$B6,0) -> 0 | L6: =IFERROR(E6*$B6,0) -> 0 | M6: =IFERROR(F6*$B6,0) -> 12042800 | N6: =IFERROR(G6*$B6,0) -> 20486900 | O6: =IFERROR(H6*$B6,0) -> 20486900 | P6: =IFERROR(I6*$B6,0) -> 0
A7: STP (Up to 50000 m3/day) | B7: 600 | F7: 40569 | G7: 28506 | H7: 25153 | J7: =IFERROR(C7*$B7,0) -> 0 | K7: =IFERROR(D7*$B7,0) -> 0 | L7: =IFERROR(E7*$B7,0) -> 0 | M7: =IFERROR(F7*$B7,0) -> 24341400 | N7: =IFERROR(G7*$B7,0) -> 17103600 | O7: =IFERROR(H7*$B7,0) -> 15091800 | P7: =IFERROR(I7*$B7,0) -> 0
A8: STP (Up to 100000 m3/day) | B8: 500 | C8: 66502 | D8: 66502 | E8: 57773 | I8: 63149 | J8: =IFERROR(C8*$B8,0) -> 33251000 | K8: =IFERROR(D8*$B8,0) -> 33251000 | L8: =IFERROR(E8*$B8,0) -> 28886500 | M8: =IFERROR(F8*$B8,0) -> 0 | N8: =IFERROR(G8*$B8,0) -> 0 | O8: =IFERROR(H8*$B8,0) -> 0 | P8: =IFERROR(I8*$B8,0) -> 31574500
A9: Total Amount (OMR) | C9: =SUM(C3:C8) -> 66502 | D9: =SUM(D3:D8) -> 66502 | E9: =SUM(E3:E8) -> 66502 | F9: =SUM(F3:F8) -> 66502 | G9: =SUM(G3:G8) -> 66502 | H9: =SUM(H3:H8) -> 66502 | I9: =SUM(I3:I8) -> 66502 | J9: =SUM(J3:J8) -> 33251000 | ... P9: =SUM(P3:P8) -> 34641300
A12: STP | B12: Required Power (Kw/(m3/day)) | C12: S1 | D12: S2 | E12: S3 | F12: S4 | G12: S5 | H12: S6 | I12: S7
C13: Power (Kw) | D13: Power (Kw) | E13: Power (Kw) | F13: Power (Kw) | G13: Power (Kw) | H13: Power (Kw) | I13: Power (Kw)
A14: STP | B14: 0.025 | C14: =C9*$B14 -> 1662.55 | D14: =D9*$B14 -> 1662.55 | E14: =E9*$B14 -> 1662.55 | F14: =F9*$B14 -> 1662.55 | G14: =G9*$B14 -> 1662.55 | H14: =H9*$B14 -> 1662.55 | I14: =I9*$B14 -> 1662.55
A16: STP | B16: Land (m2/(m3/day)) | C16: S1 | D16: S2 | E16: S3 | F16: S4 | G16: S5 | H16: S6 | I16: S7
C17: Total Required Land (m2) | D17: Total Required Land (m2) | E17: Total Required Land (m2) | F17: Total Required Land (m2) | G17: Total Required Land (m2) | H17: Total Required Land (m2) | I17: Total Required Land (m2)
A18: STP (Up to 1000 m3/day) | B18: 8 | C18: =C3*$B18 -> 0 | D18: =D3*$B18 -> 0 | E18: =E3*$B18 -> 0 | F18: =F3*$B18 -> 0 | G18: =G3*$B18 -> 0 | H18: =H3*$B18 -> 3928 | I18: =I3*$B18 -> 3928
A19: STP (Up to 5000 m3/day) | B19: 6 | C19: =C4*$B19 -> 0 | D19: =D4*$B19 -> 0 | E19: =E4*$B19 -> 0 | F19: =F4*$B19 -> 0 | G19: =G4*$B19 -> 0 | H19: =H4*$B19 -> 17172 | I19: =I4*$B19 -> 17172
A20: STP (Up to 10000 m3/day) | B20: 4 | C20: =C5*$B20 -> 0 | D20: =D5*$B20 -> 0 | E20: =E5*$B20 -> 34916 | F20: =F5*$B20 -> 34916 | G20: =G5*$B20 -> 34916 | H20: =H5*$B20 -> 34916 | I20: =I5*$B20 -> 0
A21: STP (Up to 20000 m3/day) | B21: 3 | C21: =C6*$B21 -> 0 | D21: =D6*$B21 -> 0 | E21: =E6*$B21 -> 0 | F21: =F6*$B21 -> 51612 | G21: =G6*$B21 -> 87801 | H21: =H6*$B21 -> 87801 | I21: =I6*$B21 -> 0
A22: STP (Up to 50000 m3/day) | B22: 2 | C22: =C7*$B22 -> 0 | D22: =D7*$B22 -> 0 | E22: =E7*$B22 -> 0 | F22: =F7*$B22 -> 81138 | G22: =G7*$B22 -> 57012 | H22: =H7*$B22 -> 50306 | I22: =I7*$B22 -> 0
A23: STP (Up to 100000 m3/day) | B23: 1 | C23: =C8*$B23 -> 66502 | D23: =D8*$B23 -> 66502 | E23: =E8*$B23 -> 57773 | F23: =F8*$B23 -> 0 | G23: =G8*$B23 -> 0 | H23: =H8*$B23 -> 0 | I23: =I8*$B23 -> 63149
A24: Total Amount (OMR) | C24: =SUM(C18:C23) -> 66502 | D24: =SUM(D18:D23) -> 66502 | E24: =SUM(E18:E23) -> 92689 | F24: =SUM(F18:F23) -> 167666 | G24: =SUM(G18:G23) -> 179729 | H24: =SUM(H18:H23) -> 194123 | I24: =SUM(I18:I23) -> 84249

Sheet OPEX
A1: Description | B1: S1 | C1: S2 | D1: S3 | E1: S4 | F1: S5 | G1: S6 | H1: S7 | J1: Description | K1: S1 | L1: S2 | M1: S3 | N1: S4 | O1: S5 | P1: S6 | Q1: S7
B2: Total Amount (OMR) | C2: Total Amount (OMR) | D2: Total Amount (OMR) | E2: Total Amount (OMR) | F2: Total Amount (OMR) | G2: Total Amount (OMR) | H2: Total Amount (OMR) | K2: OPEX (First Year) (OMR) | L2: OPEX (First Year) (OMR) | M2: OPEX (First Year) (OMR) | N2: OPEX (First Year) (OMR) | O2: OPEX (First Year) (OMR) | P2: OPEX (First Year) (OMR) | Q2: OPEX (First Year) (OMR)
A3: Sewer Pipe | B3: ='Sewer Pipes - CAPEX'!K239 -> 75852551 | C3: ='Sewer Pipes - CAPEX'!L239 -> 84823470 | D3: ='Sewer Pipes - CAPEX'!M239 -> 69540447 | E3: ='Sewer Pipes - CAPEX'!N239 -> 64136008 | F3: ='Sewer Pipes - CAPEX'!O239 -> 58366290 | G3: ='Sewer Pipes - CAPEX'!P239 -> 57803226 | H3: ='Sewer Pipes - CAPEX'!Q239 -> 75289450 | J3: Maintenance & Operation | K3: =B11*0.01 -> 1428591.5 | L3: =C11*0.01 -> 1526006.5 | M3: =D11*0.01 -> 1387476.4 | N3: =E11*0.01 -> 1406497.9 | O3: =F11*0.01 -> 1358231.8 | P3: =G11*0.01 -> 1355689.5 | Q3: =H11*0.01 -> 1429401.8
A4: Manholes | B4: ='Manholes - CAPEX'!K158 -> 29599890 | C4: ='Manholes - CAPEX'!L158 -> 29539917 | D4: ='Manholes - CAPEX'!M158 -> 29537134 | E4: ='Manholes - CAPEX'!N158 -> 29574898 | F4: ='Manholes - CAPEX'!O158 -> 29523883 | G4: ='Manholes - CAPEX'!P158 -> 29535501 | H4: ='Manholes - CAPEX'!Q158 -> 29611508 | J4: Power | K4: =(B14+B15)*B16*24*365 -> 365230.68 | L4: =(C14+C15)*C16*24*365 -> 376163.16 | M4: =(D14+D15)*D16*24*365 -> 354578.52 | N4: =(E14+E15)*E16*24*365 -> 347150.04 | O4: =(F14+F15)*F16*24*365 -> 339844.2 | P4: =(G14+G15)*G16*24*365 -> 326055.96 | Q4: =(H14+H15)*H16*24*365 -> 351442.44
A5: BPS/LS | B5: ='BPS - LS - CAPEX'!J6 -> 3200500 | C5: ='BPS - LS - CAPEX'!K6 -> 3524500 | D5: ='BPS - LS - CAPEX'!L6 -> 2896500 | E5: ='BPS - LS - CAPEX'!M6 -> 2684500 | F5: ='BPS - LS - CAPEX'!N6 -> 2476000 | G5: ='BPS - LS - CAPEX'!O6 -> 2084500 | H5: ='BPS - LS - CAPEX'!P6 -> 2809000 | J5: Plot Rent | K5: =B17*B18*12 -> 816024 | L5: =C17*C18*12 -> 817224 | M5: =D17*D18*12 -> 1127868 | N5: =E17*E18*12 -> 2025192 | O5: =F17*F18*12 -> 2168748 | P5: =G17*G18*12 -> 2339076 | Q5: =H17*H18*12 -> 1025388
A6: Rising Mains | B6: ='Rising Pipes - CAPEX'!K40 -> 955208 | C6: ='Rising Pipes - CAPEX'!L40 -> 1461759.5 | D6: ='Rising Pipes - CAPEX'!M40 -> 903861.6 | E6: ='Rising Pipes - CAPEX'!N40 -> 886979.9 | F6: ='Rising Pipes - CAPEX'!O40 -> 883306 | G6: ='Rising Pipes - CAPEX'!P40 -> 517021.8 | H6: ='Rising Pipes - CAPEX'!Q40 -> 588923.8 | J6: Staff | K6: =B21*B22*13 -> 975000 | L6: =C21*C22*13 -> 975000 | M6: =D21*D22*13 -> 1235000 | N6: =E21*E22*13 -> 1462500 | O6: =F21*F22*13 -> 1657500 | P6: =G21*G22*13 -> 1820000 | Q6: =H21*H22*13 -> 1300000
A7: STP | B7: ='STP - CAPEX'!J9 -> 33251000 | C7: ='STP - CAPEX'!K9 -> 33251000 | D7: ='STP - CAPEX'!L9 -> 35869700 | E7: ='STP - CAPEX'!M9 -> 43367400 | F7: ='STP - CAPEX'!N9 -> 44573700 | G7: ='STP - CAPEX'!O9 -> 45628700 | H7: ='STP - CAPEX'!P9 -> 34641300 | J7: Total OPEX (First Year) (OMR) | K7: =SUM(K3:K6) -> 3584846.2 | L7: =SUM(L3:L6) -> 3694393.6 | M7: =SUM(M3:M6) -> 4104922.9 | N7: =SUM(N3:N6) -> 5241339.9 | O7: =SUM(O3:O6) -> 5524324 | P7: =SUM(P3:P6) -> 5840821.5 | Q7: =SUM(Q3:Q6) -> 4106232.3
J8: Inflation Rate per Year | K8: 0.05 | L8: 0.05 | M8: 0.05 | N8: 0.05 | O8: 0.05 | P8: 0.05 | Q8: 0.05
A11: Total CAPEX (OMR) | B11: =SUM(B3:B10) -> 1.4285915e+08 | C11: =SUM(C3:C10) -> 1.5260065e+08 | D11: =SUM(D3:D10) -> 1.3874764e+08 | E11: =SUM(E3:E10) -> 1.4064979e+08 | F11: =SUM(F3:F10) -> 1.3582318e+08 | G11: =SUM(G3:G10) -> 1.3556895e+08 | H11: =SUM(H3:H10) -> 1.4294018e+08 | J11: Year | K11: OPEX (OMR) | L11: OPEX (OMR) | M11: OPEX (OMR) | N11: OPEX (OMR) | O11: OPEX (OMR) | P11: OPEX (OMR) | Q11: OPEX (OMR)
J12: 0 | K12: =K$7*(1+K$8)^$J12 -> 3584846.2 | L12: =L$7*(1+L$8)^$J12 -> 3694393.6 | M12: =M$7*(1+M$8)^$J12 -> 4104922.9 | N12: =N$7*(1+N$8)^$J12 -> 5241339.9 | O12: =O$7*(1+O$8)^$J12 -> 5524324 | P12: =P$7*(1+P$8)^$J12 -> 5840821.5 | Q12: =Q$7*(1+Q$8)^$J12 -> 4106232.3
A13: Description | B13: Quantity | C13: Quantity | D13: Quantity | E13: Quantity | F13: Quantity | G13: Quantity | H13: Quantity | J13: 1 | K13: =K$7*(1+K$8)^$J13 -> 3764088.5 | L13: =L$7*(1+L$8)^$J13 -> 3879113.3 | M13: =M$7*(1+M$8)^$J13 -> 4310169.1 | N13: =N$7*(1+N$8)^$J13 -> 5503406.9 | O13: =O$7*(1+O$8)^$J13 -> 5800540.2 | P13: =P$7*(1+P$8)^$J13 -> 6132862.5 | Q13: =Q$7*(1+Q$8)^$J13 -> 4311543.9
A14: BPS Required Power (Kw) | B14: ='BPS - LS - CAPEX'!C6 -> 422.1 | C14: ='BPS - LS - CAPEX'!D6 -> 484.5 | D14: ='BPS - LS - CAPEX'!E6 -> 361.3 | E14: ='BPS - LS - CAPEX'!F6 -> 318.9 | F14: ='BPS - LS - CAPEX'!G6 -> 277.2 | G14: ='BPS - LS - CAPEX'!H6 -> 198.5 | H14: ='BPS - LS - CAPEX'!I6 -> 343.4 | J14: 2 | K14: =K$7*(1+K$8)^$J14 -> 3952292.9 | L14: =L$7*(1+L$8)^$J14 -> 4073069 | M14: =M$7*(1+M$8)^$J14 -> 4525677.5 | N14: =N$7*(1+N$8)^$J14 -> 5778577.2 | O14: =O$7*(1+O$8)^$J14 -> 6090567.2 | P14: =P$7*(1+P$8)^$J14 -> 6439505.6 | Q14: =Q$7*(1+Q$8)^$J14 -> 4527121.1
A15: STP Required Power (Kw) | B15: ='STP - CAPEX'!C14 -> 1662.55 | C15: ='STP - CAPEX'!D14 -> 1662.55 | D15: ='STP - CAPEX'!E14 -> 1662.55 | E15: ='STP - CAPEX'!F14 -> 1662.55 | F15: ='STP - CAPEX'!G14 -> 1662.55 | G15: ='STP - CAPEX'!H14 -> 1662.55 | H15: ='STP - CAPEX'!I14 -> 1662.55 | J15: 3 | K15: =K$7*(1+K$8)^$J15 -> 4149907.6 | L15: =L$7*(1+L$8)^$J15 -> 4276722.4 | M15: =M$7*(1+M$8)^$J15 -> 4751961.4 | N15: =N$7*(1+N$8)^$J15 -> 6067506.1 | O15: =O$7*(1+O$8)^$J15 -> 6395095.6 | P15: =P$7*(1+P$8)^$J15 -> 6761480.9 | Q15: =Q$7*(1+Q$8)^$J15 -> 4753477.1
A16: Power Rate (OMR/Kw) | B16: 0.02 | C16: 0.02 | D16: 0.02 | E16: 0.02 | F16: 0.02 | G16: 0.02 | H16: 0.02 | J16: 4 | K16: =K$7*(1+K$8)^$J16 -> 4357402.9 | L16: =L$7*(1+L$8)^$J16 -> 4490558.5 | M16: =M$7*(1+M$8)^$J16 -> 4989559.5 | N16: =N$7*(1+N$8)^$J16 -> 6370881.4 | O16: =O$7*(1+O$8)^$J16 -> 6714850.3 | P16: =P$7*(1+P$8)^$J16 -> 7099555 | Q16: =Q$7*(1+Q$8)^$J16 -> 4991151
A17: Required Plot Area (m2) | B17: ='BPS - LS - CAPEX'!C15+'STP - CAPEX'!C24 -> 68002 | C17: ='BPS - LS - CAPEX'!D15+'STP - CAPEX'!D24 -> 68102 | D17: ='BPS - LS - CAPEX'!E15+'STP - CAPEX'!E24 -> 93989 | E17: ='BPS - LS - CAPEX'!F15+'STP - CAPEX'!F24 -> 168766 | F17: ='BPS - LS - CAPEX'!G15+'STP - CAPEX'!G24 -> 180729 | G17: ='BPS - LS - CAPEX'!H15+'STP - CAPEX'!H24 -> 194923 | H17: ='BPS - LS - CAPEX'!I15+'STP - CAPEX'!I24 -> 85449 | J17: 5 | K17: =K$7*(1+K$8)^$J17 -> 4575273.1 | L17: =L$7*(1+L$8)^$J17 -> 4715086.5 | M17: =M$7*(1+M$8)^$J17 -> 5239037.5 | N17: =N$7*(1+N$8)^$J17 -> 6689425.5 | O17: =O$7*(1+O$8)^$J17 -> 7050592.9 | P17: =P$7*(1+P$8)^$J17 -> 7454532.7 | Q17: =Q$7*(1+Q$8)^$J17 -> 5240708.5
A18: Plot Rent per Month (OMR/m2) | B18: 1 | C18: 1 | D18: 1 | E18: 1 | F18: 1 | G18: 1 | H18: 1 | J18: 6 | K18: =K$7*(1+K$8)^$J18 -> 4804036.7 | L18: =L$7*(1+L$8)^$J18 -> 4950840.8 | M18: =M$7*(1+M$8)^$J18 -> 5500989.3 | N18: =N$7*(1+N$8)^$J18 -> 7023896.8 | O18: =O$7*(1+O$8)^$J18 -> 7403122.5 | P18: =P$7*(1+P$8)^$J18 -> 7827259.4 | Q18: =Q$7*(1+Q$8)^$J18 -> 5502744
A19: No. of LS | B19: 23 | C19: 23 | D19: 22 | E19: 21 | F19: 20 | G19: 18 | H19: 21 | J19: 7 | K19: =K$7*(1+K$8)^$J19 -> 5044238.6 | L19: =L$7*(1+L$8)^$J19 -> 5198382.8 | M19: =M$7*(1+M$8)^$J19 -> 5776038.8 | N19: =N$7*(1+N$8)^$J19 -> 7375091.6 | O19: =O$7*(1+O$8)^$J19 -> 7773278.6 | P19: =P$7*(1+P$8)^$J19 -> 8218622.3 | Q19: =Q$7*(1+Q$8)^$J19 -> 5777881.2
A20: No. of STPs | B20: 1 | C20: 1 | D20: 2 | E20: 3 | F20: 4 | G20: 6 | H20: 3 | J20: 8 | K20: =K$7*(1+K$8)^$J20 -> 5296450.5 | L20: =L$7*(1+L$8)^$J20 -> 5458302 | M20: =M$7*(1+M$8)^$J20 -> 6064840.8 | N20: =N$7*(1+N$8)^$J20 -> 7743846.2 | O20: =O$7*(1+O$8)^$J20 -> 8161942.6 | P20: =P$7*(1+P$8)^$J20 -> 8629553.4 | Q20: =Q$7*(1+Q$8)^$J20 -> 6066775.2
A21: No. of Staff | B21: =ROUNDUP(B19/5,0)*2+20 -> 30 | C21: =ROUNDUP(C19/5,0)*2+20 -> 30 | D21: =ROUNDUP(D19/5,0)*2+28 -> 38 | E21: =ROUNDUP(E19/5,0)*2+35 -> 45 | F21: =ROUNDUP(F19/5,0)*2+43 -> 51 | G21: =ROUNDUP(G19/5,0)*2+48 -> 56 | H21: =ROUNDUP(H19/5,0)*2+30 -> 40 | J21: 9 | K21: =K$7*(1+K$8)^$J21 -> 5561273 | L21: =L$7*(1+L$8)^$J21 -> 5731217.1 | M21: =M$7*(1+M$8)^$J21 -> 6368082.8 | N21: =N$7*(1+N$8)^$J21 -> 8131038.5 | O21: =O$7*(1+O$8)^$J21 -> 8570039.7 | P21: =P$7*(1+P$8)^$J21 -> 9061031.1 | Q21: =Q$7*(1+Q$8)^$J21 -> 6370114
A22: Staff Rate per Month (OMR/S) | B22: 2500 | C22: 2500 | D22: 2500 | E22: 2500 | F22: 2500 | G22: 2500 | H22: 2500 | J22: 10 | K22: =K$7*(1+K$8)^$J22 -> 5839336.7 | L22: =L$7*(1+L$8)^$J22 -> 6017777.9 | M22: =M$7*(1+M$8)^$J22 -> 6686486.9 | N22: =N$7*(1+N$8)^$J22 -> 8537590.4 | O22: =O$7*(1+O$8)^$J22 -> 8998541.7 | P22: =P$7*(1+P$8)^$J22 -> 9514082.7 | Q22: =Q$7*(1+Q$8)^$J22 -> 6688619.7
J23: 11 | K23: =K$7*(1+K$8)^$J23 -> 6131303.5 | L23: =L$7*(1+L$8)^$J23 -> 6318666.8 | M23: =M$7*(1+M$8)^$J23 -> 7020811.3 | N23: =N$7*(1+N$8)^$J23 -> 8964469.9 | O23: =O$7*(1+O$8)^$J23 -> 9448468.8 | P23: =P$7*(1+P$8)^$J23 -> 9989786.8 | Q23: =Q$7*(1+Q$8)^$J23 -> 7023050.7
J24: 12 | K24: =K$7*(1+K$8)^$J24 -> 6437868.7 | L24: =L$7*(1+L$8)^$J24 -> 6634600.2 | M24: =M$7*(1+M$8)^$J24 -> 7371851.8 | N24: =N$7*(1+N$8)^$J24 -> 9412693.4 | O24: =O$7*(1+O$8)^$J24 -> 9920892.2 | P24: =P$7*(1+P$8)^$J24 -> 10489276 | Q24: =Q$7*(1+Q$8)^$J24 -> 7374203.2
J25: 13 | K25: =K$7*(1+K$8)^$J25 -> 6759762.1 | L25: =L$7*(1+L$8)^$J25 -> 6966330.2 | M25: =M$7*(1+M$8)^$J25 -> 7740444.4 | N25: =N$7*(1+N$8)^$J25 -> 9883328.1 | O25: =O$7*(1+O$8)^$J25 -> 10416937 | P25: =P$7*(1+P$8)^$J25 -> 11013740 | Q25: =Q$7*(1+Q$8)^$J25 -> 7742913.3
J26: 14 | K26: =K$7*(1+K$8)^$J26 -> 7097750.2 | L26: =L$7*(1+L$8)^$J26 -> 7314646.7 | M26: =M$7*(1+M$8)^$J26 -> 8127466.7 | N26: =N$7*(1+N$8)^$J26 -> 10377495 | O26: =O$7*(1+O$8)^$J26 -> 10937784 | P26: =P$7*(1+P$8)^$J26 -> 11564427 | Q26: =Q$7*(1+Q$8)^$J26 -> 8130059
J27: 15 | K27: =K$7*(1+K$8)^$J27 -> 7452637.7 | L27: =L$7*(1+L$8)^$J27 -> 7680379 | M27: =M$7*(1+M$8)^$J27 -> 8533840 | N27: =N$7*(1+N$8)^$J27 -> 10896369 | O27: =O$7*(1+O$8)^$J27 -> 11484673 | P27: =P$7*(1+P$8)^$J27 -> 12142648 | Q27: =Q$7*(1+Q$8)^$J27 -> 8536562
J28: 16 | K28: =K$7*(1+K$8)^$J28 -> 7825269.6 | L28: =L$7*(1+L$8)^$J28 -> 8064398 | M28: =M$7*(1+M$8)^$J28 -> 8960532 | N28: =N$7*(1+N$8)^$J28 -> 11441188 | O28: =O$7*(1+O$8)^$J28 -> 12058906 | P28: =P$7*(1+P$8)^$J28 -> 12749781 | Q28: =Q$7*(1+Q$8)^$J28 -> 8963390.1
J29: 17 | K29: =K$7*(1+K$8)^$J29 -> 8216533.1 | L29: =L$7*(1+L$8)^$J29 -> 8467617.9 | M29: =M$7*(1+M$8)^$J29 -> 9408558.6 | N29: =N$7*(1+N$8)^$J29 -> 12013247 | O29: =O$7*(1+O$8)^$J29 -> 12661852 | P29: =P$7*(1+P$8)^$J29 -> 13387270 | Q29: =Q$7*(1+Q$8)^$J29 -> 9411559.6
J30: 18 | K30: =K$7*(1+K$8)^$J30 -> 8627359.8 | L30: =L$7*(1+L$8)^$J30 -> 8890998.8 | M30: =M$7*(1+M$8)^$J30 -> 9878986.5 | N30: =N$7*(1+N$8)^$J30 -> 12613909 | O30: =O$7*(1+O$8)^$J30 -> 13294944 | P30: =P$7*(1+P$8)^$J30 -> 14056633 | Q30: =Q$7*(1+Q$8)^$J30 -> 9882137.5
J31: 19 | K31: =K$7*(1+K$8)^$J31 -> 9058727.7 | L31: =L$7*(1+L$8)^$J31 -> 9335548.7 | M31: =M$7*(1+M$8)^$J31 -> 10372936 | N31: =N$7*(1+N$8)^$J31 -> 13244605 | O31: =O$7*(1+O$8)^$J31 -> 13959692 | P31: =P$7*(1+P$8)^$J31 -> 14759465 | Q31: =Q$7*(1+Q$8)^$J31 -> 10376244
J32: 20 | K32: =K$7*(1+K$8)^$J32 -> 9511664.1 | L32: =L$7*(1+L$8)^$J32 -> 9802326.1 | M32: =M$7*(1+M$8)^$J32 -> 10891583 | N32: =N$7*(1+N$8)^$J32 -> 13906835 | O32: =O$7*(1+O$8)^$J32 -> 14657676 | P32: =P$7*(1+P$8)^$J32 -> 15497438 | Q32: =Q$7*(1+Q$8)^$J32 -> 10895057
J33: 21 | K33: =K$7*(1+K$8)^$J33 -> 9987247.3 | L33: =L$7*(1+L$8)^$J33 -> 10292442 | M33: =M$7*(1+M$8)^$J33 -> 11436162 | N33: =N$7*(1+N$8)^$J33 -> 14602177 | O33: =O$7*(1+O$8)^$J33 -> 15390560 | P33: =P$7*(1+P$8)^$J33 -> 16272310 | Q33: =Q$7*(1+Q$8)^$J33 -> 11439809
J34: 22 | K34: =K$7*(1+K$8)^$J34 -> 10486610 | L34: =L$7*(1+L$8)^$J34 -> 10807065 | M34: =M$7*(1+M$8)^$J34 -> 12007970 | N34: =N$7*(1+N$8)^$J34 -> 15332286 | O34: =O$7*(1+O$8)^$J34 -> 16160088 | P34: =P$7*(1+P$8)^$J34 -> 17085926 | Q34: =Q$7*(1+Q$8)^$J34 -> 12011800
... J36: 24 | K36: =K$7*(1+K$8)^$J36 -> 11561487 | L36: =L$7*(1+L$8)^$J36 -> 11914789 | M36: =M$7*(1+M$8)^$J36 -> 13238787 | N36: =N$7*(1+N$8)^$J36 -> 16903845 | O36: =O$7*(1+O$8)^$J36 -> 17816497 | P36: =P$7*(1+P$8)^$J36 -> 18837233 | Q36: =Q$7*(1+Q$8)^$J36 -> 13243009
J37: Total OPEX (25 Years) (OMR) | K37: =SUM(K12:K36) -> 1.7109431e+08 | L37: =SUM(L12:L36) -> 1.7632269e+08 | M37: =SUM(M12:M36) -> 1.9591606e+08 | N37: =SUM(N12:N36) -> 2.5015395e+08 | O37: =SUM(O12:O36) -> 2.6365996e+08 | P37: =SUM(P12:P36) -> 2.7876546e+08 | Q37: =SUM(Q12:Q36) -> 1.9597855e+08

Sheet Total CAPEX - OPEX
A1: Description | B1: S1 | C1: S2 | D1: S3 | E1: S4 | F1: S5 | G1: S6 | H1: S7
B2: Total Amount (OMR) | C2: Total Amount (OMR) | D2: Total Amount (OMR) | E2: Total Amount (OMR) | F2: Total Amount (OMR) | G2: Total Amount (OMR) | H2: Total Amount (OMR)
A3: CAPEX | B3: =OPEX!B11 -> 1.4285915e+08 | C3: =OPEX!C11 -> 1.5260065e+08 | D3: =OPEX!D11 -> 1.3874764e+08 | E3: =OPEX!E11 -> 1.4064979e+08 | F3: =OPEX!F11 -> 1.3582318e+08 | G3: =OPEX!G11 -> 1.3556895e+08 | H3: =OPEX!H11 -> 1.4294018e+08
A4: OPEX | B4: =OPEX!K37 -> 1.7109431e+08 | C4: =OPEX!L37 -> 1.7632269e+08 | D4: =OPEX!M37 -> 1.9591606e+08 | E4: =OPEX!N37 -> 2.5015395e+08 | F4: =OPEX!O37 -> 2.6365996e+08 | G4: =OPEX!P37 -> 2.7876546e+08 | H4: =OPEX!Q37 -> 1.9597855e+08
A5: Total CAPEX & OPEX (OMR) | B5: =SUM(B3:B4) -> 3.1395346e+08 | C5: =SUM(C3:C4) -> 3.2892334e+08 | D5: =SUM(D3:D4) -> 3.3466371e+08 | E5: =SUM(E3:E4) -> 3.9080373e+08 | F5: =SUM(F3:F4) -> 3.9948314e+08 | G5: =SUM(G3:G4) -> 4.1433441e+08 | H5: =SUM(H3:H4) -> 3.3891874e+08
