Workbook
Name DWELL_PLOT: Inputs!$C$16
Name GOV_RATIO: Inputs!$C$8
Name INFIL_KM: Inputs!$C$11
Name LPCD: Inputs!$C$6
Name ND_RATIO: Inputs!$C$7
Name NET_KM: Inputs!$C$14
Name OR_RATE: Inputs!$C$15
Name PF_CAP: Inputs!$C$12
Name POP_PLOTS: Inputs!$C$17
Name RET_DOM: Inputs!$C$9
Name RET_NDG: Inputs!$C$10
Name STP_MARGIN: Inputs!$C$13

Sheet READ ME
B2: Ibri sewer — load calculation, step by step
B4: Every value is calculated live from the 'Inputs' sheet. Change an input (e.g. occupancy 6.0 -> 4.9) and the whole workbook follows.
B6: Sheets:
B7: Inputs all criteria values with their PAM-GUD-201 page refs. Yellow cells are editable.
B8: Population the 25 project towns, NCSI series at the model years. Source and method explained on the sheet.
B9: Load water demand -> wastewater -> infiltration -> Qadf -> peak factor -> peak flow, one row per model year.
B10: By Town 2055 the same load split per town. Non-domestic + governmental volume is placed on non-residential
B11: plot area, not spread per person (GUD-201 §7.3.2-7.3.3 — see A7 note).
B12: Saturation how much population the plots can hold at a given occupancy, and when the projection hits it.
B14: Colour code: yellow fill = input, edit these | green text = pulled from another sheet | black = formula or data.
B16: Three cautions:
B17: 1. Occupancy 6.0 and 1 dwelling/plot are unconfirmed [GAP-5]. Measured anchor: ~7.0 persons per built plot.
... B19: 3. The NCSI projection never levels off (691k by 2100). The 'ultimate' case must come from land capacity — see Saturation.

Sheet Inputs
B2: Inputs — every number the calculation uses
B3: Yellow cells are the ones to edit. Nothing else in the workbook is typed in twice.
B5: Parameter | C5: Value | D5: Unit | E5: Source | F5: Status
B6: Domestic consumption (Adh Dhahirah) | C6: 164 | D6: l/c/d | E6: GUD-201 Tab 11, G1-p60 | F6: Standard
B7: Non-domestic ratio | C7: 0.22 | D7: of domestic | E7: GUD-201 Tab 11, G1-p60 | F7: FALLBACK — Table 12 land-use rates replace this when floor areas / counts arrive
B8: Governmental ratio | C8: 0.14 | D8: of domestic | E8: GUD-201 Tab 11, G1-p60 | F8: FALLBACK — same as above
B9: Return rate, domestic | C9: 0.85 | D9: - | E9: GUD-201 Tab 19, G1-p71 | F9: Standard
B10: Return rate, non-dom + gov | C10: 0.54 | D10: - | E10: GUD-201 Tab 19, G1-p71 | F10: Standard
B11: Infiltration, new networks | C11: 720 | D11: L/d per km | E11: GUD-201 G1-p72 | F11: CONFLICT — R0 workbook uses 10% of flow; needs an NWS ruling
B12: Peak factor cap | C12: 5 | D12: - | E12: GUD-201 G1-p72 | F12: Standard
B13: STP design margin | C13: 0.1 | D13: on Qadf | E13: GUD-201 G1-p73 | F13: Standard
B14: Sewer network length | C14: 194 | D14: km | E14: W2 trunk total | F14: PROVISIONAL — laterals not included; effect is small (~140 m3/d)
B15: Occupancy rate | C15: 6 | D15: persons/dwelling | E15: [GAP-5] | F15: UNCONFIRMED — colleague suggests 4.9; get officially from NCSI. See Saturation sheet
B16: Dwellings per plot | C16: 1 | D16: dwellings/plot | E16: [GAP-5] | F16: UNCONFIRMED — pairs with occupancy: measured product is ~7 persons per built plot
B17: Population-basis plots | C17: 46633 | D17: plots | E17: W3 A1 (cadastre) | F17: Grows if MoHUP subdivides or releases land

Sheet Population
B2: Population — the 25 project towns
B3: Source: NCSI wilayat forecast, split to settlements by their frozen census share ('Ibri Sewer Demand R0 2026 08 03.xlsx').
B4: NCSI tracks 239 settlements in Ibri wilayat; the 25 inside the project boundary are these towns (63% of the wilayat).
B5: Every town grows at the same wilayat rate (x1.77-1.79 over 2025-2050) — there is no town-specific growth in the data.
B6: Town | C6: Code | D6: 2025 | E6: 2030 | F6: 2040 | G6: 2050 | H6: 2055 | I6: 2060 | J6: 2100
B7: AD DARIZ | C7: 100110153 | D7: 12134 | E7: 13791 | F7: 17670 | G7: 21638 | H7: 24206 | I7: 27240 | J7: 70340
B8: AD DIBAYSHI | C8: 100130080 | D8: 2469 | E8: 2806 | F8: 3595 | G8: 4402 | H8: 4925 | I8: 5542 | J8: 14311
B9: AL AKHEEDAR | C9: 100140030 | D9: 203 | E9: 230 | F9: 295 | G9: 361 | H9: 404 | I9: 455 | J9: 1174
B10: AL ARAQI | C10: 100110081 | D10: 10952 | E10: 12448 | F10: 15949 | G10: 19530 | H10: 21849 | I10: 24587 | J10: 63490
B11: AL AYNAYN | C11: 100110100 | D11: 4663 | E11: 5300 | F11: 6791 | G11: 8316 | H11: 9303 | I11: 10469 | J11: 27033
B12: AL GHUBAYRAH | C12: 100110254 | D12: 647 | E12: 735 | F12: 942 | G12: 1153 | H12: 1290 | I12: 1452 | J12: 3748
B13: AL JAHLI | C13: 100140081 | D13: 425 | E13: 483 | F13: 618 | G13: 757 | H13: 847 | I13: 953 | J13: 2461
B14: AL JIBAYYAH | C14: 100120081 | D14: 2750 | E14: 3126 | F14: 4005 | G14: 4904 | H14: 5486 | I14: 6174 | J14: 15942
B15: AL MAKHTIBYAH | C15: 100130130 | D15: 125 | E15: 142 | F15: 182 | G15: 223 | H15: 249 | I15: 280 | J15: 724
B16: AL QALI | C16: 100140051 | D16: 195 | E16: 222 | F16: 285 | G16: 348 | H16: 390 | I16: 439 | J16: 1133
B17: AL QURAYN | C17: 100110030 | D17: 562 | E17: 638 | F17: 818 | G17: 1002 | H17: 1121 | I17: 1261 | J17: 3256
B18: AL WAHRAH | C18: 100110231 | D18: 3431 | E18: 3900 | F18: 4997 | G18: 6119 | H18: 6845 | I18: 7703 | J18: 19892
... B31: WADI AL MANKAS | C31: 100110070 | D31: 53 | E31: 60 | F31: 77 | G31: 95 | H31: 106 | I31: 119 | J31: 308
B32: TOTAL | D32: =SUM(D7:D31) -> 119244 | E32: =SUM(E7:E31) -> 135532 | F32: =SUM(F7:F31) -> 173654 | G32: =SUM(G7:G31) -> 212643 | H32: =SUM(H7:H31) -> 237885 | I32: =SUM(I7:I31) -> 267699 | J32: =SUM(J7:J31) -> 691264

Sheet Load
B2: Load — from population to peak flow, one row per model year
B3: Chain per GUD-201 §7 (G1-p58..73): domestic water -> non-dom + gov -> return rates -> infiltration -> Qadf -> Peltier peak factor -> peak flow -> +10% STP margin.
B5: Year | C5: Population | D5: Domestic water m³/d | E5: Non-domestic m³/d | F5: Governmental m³/d | G5: Total water m³/d | H5: WW domestic m³/d | I5: WW non-dom+gov m³/d | J5: Infiltration m³/d | K5: Qadf m³/d | L5: Qm L/s | M5: Peak factor | N5: Peak flow m³/d | O5: STP design m³/d (+margin)
B6: 2025 | C6: =Population!D$32 -> 119244 | D6: =C6*LPCD/1000 -> 19556.016 | E6: =D6*ND_RATIO -> 4302.3235 | F6: =D6*GOV_RATIO -> 2737.8422 | G6: =D6+E6+F6 -> 26596.182 | H6: =D6*RET_DOM -> 16622.614 | I6: =(E6+F6)*RET_NDG -> 3801.6895 | J6: =NET_KM*INFIL_KM/1000 -> 139.68 | K6: =H6+I6+J6 -> 20563.983 | L6: =K6/86.4 -> 238.00906 | M6: =MIN(1.5+1/SQRT(L6),PF_CAP) -> 1.5648191 | N6: =K6*M6 -> 32178.914 | O6: =K6*(1+STP_MARGIN) -> 22620.381
B7: 2030 | C7: =Population!E$32 -> 135532 | D7: =C7*LPCD/1000 -> 22227.248 | E7: =D7*ND_RATIO -> 4889.9946 | F7: =D7*GOV_RATIO -> 3111.8147 | G7: =D7+E7+F7 -> 30229.057 | H7: =D7*RET_DOM -> 18893.161 | I7: =(E7+F7)*RET_NDG -> 4320.977 | J7: =NET_KM*INFIL_KM/1000 -> 139.68 | K7: =H7+I7+J7 -> 23353.818 | L7: =K7/86.4 -> 270.29882 | M7: =MIN(1.5+1/SQRT(L7),PF_CAP) -> 1.5608244 | N7: =K7*M7 -> 36451.209 | O7: =K7*(1+STP_MARGIN) -> 25689.2
B8: 2040 | C8: =Population!F$32 -> 173654 | D8: =C8*LPCD/1000 -> 28479.256 | E8: =D8*ND_RATIO -> 6265.4363 | F8: =D8*GOV_RATIO -> 3987.0958 | G8: =D8+E8+F8 -> 38731.788 | H8: =D8*RET_DOM -> 24207.368 | I8: =(E8+F8)*RET_NDG -> 5536.3674 | J8: =NET_KM*INFIL_KM/1000 -> 139.68 | K8: =H8+I8+J8 -> 29883.415 | L8: =K8/86.4 -> 345.87286 | M8: =MIN(1.5+1/SQRT(L8),PF_CAP) -> 1.5537702 | N8: =K8*M8 -> 46431.96 | O8: =K8*(1+STP_MARGIN) -> 32871.756
B9: 2050 | C9: =Population!G$32 -> 212643 | D9: =C9*LPCD/1000 -> 34873.452 | E9: =D9*ND_RATIO -> 7672.1594 | F9: =D9*GOV_RATIO -> 4882.2833 | G9: =D9+E9+F9 -> 47427.895 | H9: =D9*RET_DOM -> 29642.434 | I9: =(E9+F9)*RET_NDG -> 6779.3991 | J9: =NET_KM*INFIL_KM/1000 -> 139.68 | K9: =H9+I9+J9 -> 36561.513 | L9: =K9/86.4 -> 423.16566 | M9: =MIN(1.5+1/SQRT(L9),PF_CAP) -> 1.5486121 | N9: =K9*M9 -> 56619.604 | O9: =K9*(1+STP_MARGIN) -> 40217.665
B10: 2055 | C10: =Population!H$32 -> 237885 | D10: =C10*LPCD/1000 -> 39013.14 | E10: =D10*ND_RATIO -> 8582.8908 | F10: =D10*GOV_RATIO -> 5461.8396 | G10: =D10+E10+F10 -> 53057.87 | H10: =D10*RET_DOM -> 33161.169 | I10: =(E10+F10)*RET_NDG -> 7584.1544 | J10: =NET_KM*INFIL_KM/1000 -> 139.68 | K10: =H10+I10+J10 -> 40885.003 | L10: =K10/86.4 -> 473.20606 | M10: =MIN(1.5+1/SQRT(L10),PF_CAP) -> 1.54597 | N10: =K10*M10 -> 63206.99 | O10: =K10*(1+STP_MARGIN) -> 44973.504
B11: 2060 | C11: =Population!I$32 -> 267699 | D11: =C11*LPCD/1000 -> 43902.636 | E11: =D11*ND_RATIO -> 9658.5799 | F11: =D11*GOV_RATIO -> 6146.369 | G11: =D11+E11+F11 -> 59707.585 | H11: =D11*RET_DOM -> 37317.241 | I11: =(E11+F11)*RET_NDG -> 8534.6724 | J11: =NET_KM*INFIL_KM/1000 -> 139.68 | K11: =H11+I11+J11 -> 45991.593 | L11: =K11/86.4 -> 532.3101 | M11: =MIN(1.5+1/SQRT(L11),PF_CAP) -> 1.5433429 | N11: =K11*M11 -> 70980.797 | O11: =K11*(1+STP_MARGIN) -> 50590.752
B12: 2100 | C12: =Population!J$32 -> 691264 | D12: =C12*LPCD/1000 -> 113367.3 | E12: =D12*ND_RATIO -> 24940.805 | F12: =D12*GOV_RATIO -> 15871.421 | G12: =D12+E12+F12 -> 154179.52 | H12: =D12*RET_DOM -> 96362.202 | I12: =(E12+F12)*RET_NDG -> 22038.602 | J12: =NET_KM*INFIL_KM/1000 -> 139.68 | K12: =H12+I12+J12 -> 118540.48 | L12: =K12/86.4 -> 1371.9963 | M12: =MIN(1.5+1/SQRT(L12),PF_CAP) -> 1.5269975 | N12: =K12*M12 -> 181011.02 | O12: =K12*(1+STP_MARGIN) -> 130394.53
B14: Note: Qadf here excludes tanker deliveries (~17% of STP inflow, G1-p73) — they go to the STP directly, not through the network.

Sheet By Town 2055
B2: Load by town at 2055 — the pivotal model year
B3: Domestic load follows each town's population. The non-domestic + governmental volume is NOT spread per person:
B4: it is placed on each town's non-residential plot area (commercial, governmental, mosque, industrial — from MoH_Plots).
B5: That is what GUD-201 §7.3.2-7.3.3 intend, and it moves load between towns without changing the total (see A7 note).
B6: Town | C6: Population 2055 | D6: Domestic water m³/d | E6: Non-res plot area m² | F6: Share of non-res area | G6: ND+Gov allocated m³/d | H6: Qadf m³/d (excl. infil.) | I6: Peak factor | J6: Peak flow m³/d
B7: AD DARIZ | C7: =Population!H7 -> 24206 | D7: =C7*LPCD/1000 -> 3969.784 | E7: 927258 | F7: =E7/SUM($E$7:$E$31) -> 0.10108554 | G7: =SUM($D$7:$D$31)*(ND_RATIO+GOV_RATIO)*F7 -> 1419.7192 | H7: =D7*RET_DOM+G7*RET_NDG -> 4140.9648 | I7: =MIN(1.5+1/SQRT(H7/86.4),PF_CAP) -> 1.6444462 | J7: =H7*I7 -> 6809.5938
B8: AD DIBAYSHI | C8: =Population!H8 -> 4925 | D8: =C8*LPCD/1000 -> 807.7 | E8: 423182 | F8: =E8/SUM($E$7:$E$31) -> 0.04613342 | G8: =SUM($D$7:$D$31)*(ND_RATIO+GOV_RATIO)*F8 -> 647.93145 | H8: =D8*RET_DOM+G8*RET_NDG -> 1036.428 | I8: =MIN(1.5+1/SQRT(H8/86.4),PF_CAP) -> 1.7887269 | J8: =H8*I8 -> 1853.8866
B9: AL AKHEEDAR | C9: =Population!H9 -> 404 | D9: =C9*LPCD/1000 -> 66.256 | E9: 5390 | F9: =E9/SUM($E$7:$E$31) -> 0.00058759383 | G9: =SUM($D$7:$D$31)*(ND_RATIO+GOV_RATIO)*F9 -> 8.252597 | H9: =D9*RET_DOM+G9*RET_NDG -> 60.774002 | I9: =MIN(1.5+1/SQRT(H9/86.4),PF_CAP) -> 2.6923341 | J9: =H9*I9 -> 163.62392
B10: AL ARAQI | C10: =Population!H10 -> 21849 | D10: =C10*LPCD/1000 -> 3583.236 | E10: 570099 | F10: =E10/SUM($E$7:$E$31) -> 0.062149658 | G10: =SUM($D$7:$D$31)*(ND_RATIO+GOV_RATIO)*F10 -> 872.87519 | H10: =D10*RET_DOM+G10*RET_NDG -> 3517.1032 | I10: =MIN(1.5+1/SQRT(H10/86.4),PF_CAP) -> 1.6567344 | J10: =H10*I10 -> 5826.9059
B11: AL AYNAYN | C11: =Population!H11 -> 9303 | D11: =C11*LPCD/1000 -> 1525.692 | E11: 624323 | F11: =E11/SUM($E$7:$E$31) -> 0.068060917 | G11: =SUM($D$7:$D$31)*(ND_RATIO+GOV_RATIO)*F11 -> 955.89724 | H11: =D11*RET_DOM+G11*RET_NDG -> 1813.0227 | I11: =MIN(1.5+1/SQRT(H11/86.4),PF_CAP) -> 1.7183008 | J11: =H11*I11 -> 3115.3183
B12: AL GHUBAYRAH | C12: =Population!H12 -> 1290 | D12: =C12*LPCD/1000 -> 211.56 | E12: 116015 | F12: =E12/SUM($E$7:$E$31) -> 0.012647439 | G12: =SUM($D$7:$D$31)*(ND_RATIO+GOV_RATIO)*F12 -> 177.62988 | H12: =D12*RET_DOM+G12*RET_NDG -> 275.74613 | I12: =MIN(1.5+1/SQRT(H12/86.4),PF_CAP) -> 2.0597604 | J12: =H12*I12 -> 567.97096
B13: AL JAHLI | C13: =Population!H13 -> 847 | D13: =C13*LPCD/1000 -> 138.908 | E13: 172533 | F13: =E13/SUM($E$7:$E$31) -> 0.018808781 | G13: =SUM($D$7:$D$31)*(ND_RATIO+GOV_RATIO)*F13 -> 264.16425 | H13: =D13*RET_DOM+G13*RET_NDG -> 260.7205 | I13: =MIN(1.5+1/SQRT(H13/86.4),PF_CAP) -> 2.0756643 | J13: =H13*I13 -> 541.16822
B14: AL JIBAYYAH | C14: =Population!H14 -> 5486 | D14: =C14*LPCD/1000 -> 899.704 | E14: 129450 | F14: =E14/SUM($E$7:$E$31) -> 0.014112063 | G14: =SUM($D$7:$D$31)*(ND_RATIO+GOV_RATIO)*F14 -> 198.20013 | H14: =D14*RET_DOM+G14*RET_NDG -> 871.77647 | I14: =MIN(1.5+1/SQRT(H14/86.4),PF_CAP) -> 1.8148142 | J14: =H14*I14 -> 1582.1123
B15: AL MAKHTIBYAH | C15: =Population!H15 -> 249 | D15: =C15*LPCD/1000 -> 40.836 | E15: 6060 | F15: =E15/SUM($E$7:$E$31) -> 0.00066063425 | G15: =SUM($D$7:$D$31)*(ND_RATIO+GOV_RATIO)*F15 -> 9.27843 | H15: =D15*RET_DOM+G15*RET_NDG -> 39.720952 | I15: =MIN(1.5+1/SQRT(H15/86.4),PF_CAP) -> 2.9748473 | J15: =H15*I15 -> 118.16377
B16: AL QALI | C16: =Population!H16 -> 390 | D16: =C16*LPCD/1000 -> 63.96 | E16: 149443 | F16: =E16/SUM($E$7:$E$31) -> 0.016291611 | G16: =SUM($D$7:$D$31)*(ND_RATIO+GOV_RATIO)*F16 -> 228.81129 | H16: =D16*RET_DOM+G16*RET_NDG -> 177.9241 | I16: =MIN(1.5+1/SQRT(H16/86.4),PF_CAP) -> 2.1968503 | J16: =H16*I16 -> 390.8726
B17: AL QURAYN | C17: =Population!H17 -> 1121 | D17: =C17*LPCD/1000 -> 183.844 | E17: 67877 | F17: =E17/SUM($E$7:$E$31) -> 0.0073996487 | G17: =SUM($D$7:$D$31)*(ND_RATIO+GOV_RATIO)*F17 -> 103.92607 | H17: =D17*RET_DOM+G17*RET_NDG -> 212.38748 | I17: =MIN(1.5+1/SQRT(H17/86.4),PF_CAP) -> 2.1378116 | J17: =H17*I17 -> 454.04442
B18: AL WAHRAH | C18: =Population!H18 -> 6845 | D18: =C18*LPCD/1000 -> 1122.58 | E18: 149424 | F18: =E18/SUM($E$7:$E$31) -> 0.01628954 | G18: =SUM($D$7:$D$31)*(ND_RATIO+GOV_RATIO)*F18 -> 228.7822 | H18: =D18*RET_DOM+G18*RET_NDG -> 1077.7354 | I18: =MIN(1.5+1/SQRT(H18/86.4),PF_CAP) -> 1.7831397 | J18: =H18*I18 -> 1921.7528
... B31: WADI AL MANKAS | C31: =Population!H31 -> 106 | D31: =C31*LPCD/1000 -> 17.384 | E31: 188166 | F31: =E31/SUM($E$7:$E$31) -> 0.020513021 | G31: =SUM($D$7:$D$31)*(ND_RATIO+GOV_RATIO)*F31 -> 288.09984 | H31: =D31*RET_DOM+G31*RET_NDG -> 170.35032 | I31: =MIN(1.5+1/SQRT(H31/86.4),PF_CAP) -> 2.2121728 | J31: =H31*I31 -> 376.84434
B32: TOTAL | C32: =SUM(C7:C31) -> 237885 | D32: =SUM(D7:D31) -> 39013.14 | E32: =SUM(E7:E31) -> 9173003 | G32: =SUM(G7:G31) -> 14044.73 | H32: =SUM(H7:H31) -> 40745.323 | J32: =SUM(J7:J31) -> 67747.382
B34: Non-res area source: MoH_Plots class v4 within town boundaries (W3 A7). AT TAYYIB's 218 ha is mostly the industrial estate — Table 12 data will re-price it properly. Peak factors apply at each town's own outlet.

Sheet Saturation
B2: Saturation — how many people the plots can hold, and when we get there
B3: Ceiling = population-basis plots x dwellings per plot x occupancy rate.
B4: The projection (right-hand table) keeps growing at ~2.3%/yr and never levels off — so the ceiling, not the
B5: projection, defines 'ultimate'. Measured today: ~7.0 persons per built plot (NCSI 2025 pop ÷ built plots).
B6: If occupancy is really 4.9, dwellings per plot must be ~1.2-1.4 for the sums to match the census.
B8: Occupancy rate | C8: Ceiling population | D8: Year the projection reaches it | E8: Ultimate Qadf m³/d | F8: STP design m³/d (+margin) | H8: Year | I8: Projection total
B9: 4.9 | C9: =POP_PLOTS*DWELL_PLOT*B9 -> 228501.7 | D9: =IFERROR(INDEX($H$9:$H$86,MATCH(C9,$I$9:$I$86,1)+1),">2100") -> 2054 | E9: =C9*LPCD/1000*(RET_DOM+(ND_RATIO+GOV_RATIO)*RET_NDG)+NET_KM*INFIL_KM/1000 -> 39277.817 | F9: =E9*(1+STP_MARGIN) -> 43205.598 | H9: 2023 | I9: 113224
B10: 5.5 | C10: =POP_PLOTS*DWELL_PLOT*B10 -> 256481.5 | D10: =IFERROR(INDEX($H$9:$H$86,MATCH(C10,$I$9:$I$86,1)+1),">2100") -> 2059 | E10: =C10*LPCD/1000*(RET_DOM+(ND_RATIO+GOV_RATIO)*RET_NDG)+NET_KM*INFIL_KM/1000 -> 44070.242 | F10: =E10*(1+STP_MARGIN) -> 48477.266 | H10: 2024 | I10: 116456
B11: 6 | C11: =POP_PLOTS*DWELL_PLOT*B11 -> 279798 | D11: =IFERROR(INDEX($H$9:$H$86,MATCH(C11,$I$9:$I$86,1)+1),">2100") -> 2062 | E11: =C11*LPCD/1000*(RET_DOM+(ND_RATIO+GOV_RATIO)*RET_NDG)+NET_KM*INFIL_KM/1000 -> 48063.929 | F11: =E11*(1+STP_MARGIN) -> 52870.322 | H11: 2025 | I11: 119244
H12: 2026 | I12: 122510
B13: W2 used OR 6.0 -> ultimate Qadf ~49,700 m³/d. At 4.9 the land fills by ~2054 — inside the design horizon, which turns 2055 into a saturation case. | H13: 2027 | I13: 125831
H14: 2028 | I14: 129205
H15: 2029 | I15: 132629
H16: 2030 | I16: 135532
H17: 2031 | I17: 139053
H18: 2032 | I18: 142639
H19: 2033 | I19: 144473
H20: 2034 | I20: 150057
H21: 2035 | I21: 153183
H22: 2036 | I22: 157141
H23: 2037 | I23: 161255
H24: 2038 | I24: 165514
H25: 2039 | I25: 169958
... H86: 2100 | I86: 691264
