Workbook
Name demand_comb: 'Water Demand Criteria'!$B$26
Name headroom_percentile: 'Water Demand Criteria'!$E$21
Name outage_range: #REF!
Name use_outage: 'Water Demand Criteria'!$E$22

Sheet Pop_Wilayat
D2: Raw data from NCSI : Forecast Omani (21-40) + Forecast Expats (21-40) | X2: Extrapolation : Omani (41-50) + Expats (41-50) [cf Technical Note on Population]
A3: Gov_Code | B3: Wilayat_Code | C3: Name | D3: 2021 | E3: 2022 | F3: 2023 | G3: 2024 | H3: 2025 | I3: 2026 | J3: 2027 | K3: 2028 | L3: 2029 | M3: 2030 | N3: 2031 | O3: 2032 | P3: 2033 | Q3: 2034 | R3: 2035 | S3: 2036 | T3: 2037 | U3: 2038 | V3: 2039 | W3: 2040 | X3: 2041 | Y3: 2042 | Z3: 2043 | AA3: 2044 | AB3: 2045 | AC3: 2046 | AD3: 2047 | AE3: 2048 | AF3: 2049 | AG3: 2050
A4: 10 | B4: 1001 | C4: IBRI | D4: 168409 | E4: 173418 | F4: 178477 | G4: 183564 | H4: 187962 | I4: 193116 | J4: 198344 | K4: 203659 | L4: 209063 | M4: 213637 | N4: 219186 | O4: 224840 | P4: 227736 | Q4: 236531 | R4: 241464 | S4: 247702 | T4: 254186 | U4: 260898 | V4: 267898 | W4: 273725 | X4: 278946.71 | Y4: 284406.82 | Z4: 290036.9 | AA4: 295848.66 | AB4: 301853.79 | AC4: 308064 | AD4: 314490.97 | AE4: 321146.41 | AF4: 328042.01 | AG4: 335189.48
C6: TOTAL Population | D6: =SUM(D4:D4) -> 168409 | E6: =SUM(E4:E4) -> 173418 | F6: =SUM(F4:F4) -> 178477 | G6: =SUM(G4:G4) -> 183564 | H6: =SUM(H4:H4) -> 187962 | I6: =SUM(I4:I4) -> 193116 | J6: =SUM(J4:J4) -> 198344 | K6: =SUM(K4:K4) -> 203659 | ... AG6: =SUM(AG4:AG4) -> 335189.48
B7: Code | C7: Name | D7: 2021 | E7: 2022 | F7: 2023 | G7: 2024 | H7: 2025 | I7: 2026 | J7: 2027 | K7: 2028 | L7: 2029 | M7: 2030 | N7: 2031 | O7: 2032 | P7: 2033 | Q7: 2034 | R7: 2035 | S7: 2036 | T7: 2037 | U7: 2038 | V7: 2039 | W7: 2040 | X7: 2041 | Y7: 2042 | Z7: 2043 | AA7: 2044 | AB7: 2045 | AC7: 2046 | AD7: 2047 | AE7: 2048 | AF7: 2049 | AG7: 2050 | AH7: 2051 | AI7: 2052 | AJ7: 2053 | AK7: 2054 | AL7: 2055 | AM7: 2056 | AN7: 2057 | AO7: 2058 | AP7: 2059 | AQ7: 2060 | AR7: 2061 | AS7: 2062 | AT7: 2063 | AU7: 2064 | AV7: 2065 | AW7: 2066 | AX7: 2067 | AY7: 2068 | AZ7: 2069 | BA7: 2070 | BB7: 2071 | BC7: 2072 | BD7: 2073 | BE7: 2074 | BF7: 2075 | BG7: 2076 | BH7: 2077 | BI7: 2078 | BJ7: 2079 | BK7: 2080 | BL7: 2081 | BM7: 2082 | BN7: 2083 | BO7: 2084 | BP7: 2085 | BQ7: 2086 | BR7: 2087 | BS7: 2088 | BT7: 2089 | BU7: 2090 | BV7: 2091 | BW7: 2092 | BX7: 2093 | BY7: 2094 | BZ7: 2095 | CA7: 2096 | CB7: 2097 | CC7: 2098 | CD7: 2099 | CE7: 2100
B8: 10 | C8: Adh Dhahirah | D8: =SUMIF($A$4:$A$4,$B8,D$4:D$4) -> 168409 | E8: =SUMIF($A$4:$A$4,$B8,E$4:E$4) -> 173418 | F8: =SUMIF($A$4:$A$4,$B8,F$4:F$4) -> 178477 | G8: =SUMIF($A$4:$A$4,$B8,G$4:G$4) -> 183564 | H8: =SUMIF($A$4:$A$4,$B8,H$4:H$4) -> 187962 | I8: =SUMIF($A$4:$A$4,$B8,I$4:I$4) -> 193116 | J8: =SUMIF($A$4:$A$4,$B8,J$4:J$4) -> 198344 | K8: =SUMIF($A$4:$A$4,$B8,K$4:K$4) -> 203659 | ... AG8: =SUMIF($A$4:$A$4,$B8,AG$4:AG$4) -> 335189.48
B10: Growth Rate | C10: Ibri | E10: =(E4/D4)-1 -> 0.029743066 | F10: =(F4/E4)-1 -> 0.029172289 | G10: =(G4/F4)-1 -> 0.028502272 | H10: =(H4/G4)-1 -> 0.023958946 | I10: =(I4/H4)-1 -> 0.027420436 | J10: =(J4/I4)-1 -> 0.027071812 | K10: =(K4/J4)-1 -> 0.026796878 | L10: =(L4/K4)-1 -> 0.02653455 | ... AG10: =(AG4/AF4)-1 -> 0.021788262 | AH10: =AG10+0.0003 -> 0.022088262 | AI10: =AH10+0.0003 -> 0.022388262 | AJ10: =AI10+0.0003 -> 0.022688262 | AK10: =AJ10+0.0003 -> 0.022988262 | AL10: =AK10+0.0003 -> 0.023288262 | AM10: =AL10+0.0003 -> 0.023588262 | AN10: =AM10+0.0003 -> 0.023888262 | AO10: 0.024 | AP10: 0.024 | AQ10: 0.024 | AR10: 0.024 | AS10: 0.024 | AT10: 0.024 | AU10: 0.024 | AV10: 0.024 | AW10: 0.024 | AX10: 0.024 | AY10: 0.024 | AZ10: 0.024 | BA10: 0.024 | BB10: 0.024 | BC10: 0.024 | BD10: 0.024 | BE10: 0.024 | BF10: 0.024 | BG10: 0.024 | BH10: 0.024 | BI10: 0.024 | BJ10: 0.024 | BK10: 0.024 | BL10: 0.024 | BM10: 0.024 | BN10: 0.024 | BO10: 0.024 | BP10: 0.024 | BQ10: 0.024 | BR10: 0.024 | BS10: 0.024 | BT10: 0.024 | BU10: 0.024 | BV10: 0.024 | BW10: 0.024 | BX10: 0.024 | BY10: 0.024 | BZ10: 0.024 | CA10: 0.024 | CB10: 0.024 | CC10: 0.024 | CD10: 0.024 | CE10: 0.024
B11: W_Pop_Connected | D11: 0.46677996 | E11: 0.48807003 | F11: 0.49257275 | G11: 0.50546915 | H11: 0.53224468 | I11: 0.55902021 | J11: 0.58579574 | K11: 0.61257128 | L11: 0.63934681 | M11: 0.66612234 | N11: 0.69289787 | O11: 0.7196734 | P11: 0.74644894 | Q11: 0.77322447 | R11: 0.8 | S11: 0.8 | T11: 0.8 | U11: 0.8 | V11: 0.8 | W11: 0.8 | X11: 0.8 | Y11: 0.8 | Z11: 0.8 | AA11: 0.8 | AB11: 0.8 | AC11: 0.8 | AD11: 0.8 | AE11: 0.8 | AF11: 0.8 | AG11: 0.8 | AH11: 0.81 | AI11: 0.82 | AJ11: 0.83 | AK11: 0.84 | AL11: 0.85 | AM11: 0.86 | AN11: 0.87 | AO11: 0.88 | AP11: 0.89 | AQ11: 0.9 | AR11: 0.91 | AS11: 0.92 | AT11: 0.93 | AU11: 0.94 | AV11: 0.95 | AW11: 0.96 | AX11: 0.97 | AY11: 0.98 | AZ11: 0.99 | BA11: 1 | BB11: 1 | BC11: 1 | BD11: 1 | BE11: 1 | BF11: 1 | BG11: 1 | BH11: 1 | BI11: 1 | BJ11: 1 | BK11: 1 | BL11: 1 | BM11: 1 | BN11: 1 | BO11: 1 | BP11: 1 | BQ11: 1 | BR11: 1 | BS11: 1 | BT11: 1 | BU11: 1 | BV11: 1 | BW11: 1 | BX11: 1 | BY11: 1 | BZ11: 1 | CA11: 1 | CB11: 1 | CC11: 1 | CD11: 1 | CE11: 1

Sheet Ibri Pop Settlements
A1: WILLAYAT | B1: Wilayah | C1: WSZ | D1: Governorate | E1: TOWN_CODE | F1: Ratio Settl/Gov | G1: Ratio Settl/Wilayat | H1: NAMEEN | I1: 2023 | J1: 2024 | K1: 2025 | L1: 2026 | M1: 2027 | N1: 2028 | O1: 2029 | P1: 2030 | Q1: 2031 | R1: 2032 | S1: 2033 | T1: 2034 | U1: 2035 | V1: 2036 | W1: 2037 | X1: 2038 | Y1: 2039 | Z1: 2040 | AA1: 2041 | AB1: 2042 | AC1: 2043 | AD1: 2044 | AE1: 2045 | AF1: 2046 | AG1: 2047 | AH1: 2048 | AI1: 2049 | AJ1: 2050
A2: 1001 | B2: IBRI | C2: WSZ 13 | D2: Adh Dhahirah | E2: 100110555 | F2: 0.0010146708 | G2: 0.0013226361 | H2: ABU DHIKRI | I2: 236.06013 | J2: 242.78838 | K2: 248.60533 | L2: 255.4222 | M2: 262.33694 | N2: 269.36675 | O2: 276.51428 | P2: 282.56401 | Q2: 289.90332 | R2: 297.38151 | S2: 301.21186 | T2: 312.84445 | U2: 319.36901 | V2: 327.61961 | W2: 336.19559 | X2: 345.07312 | Y2: 354.33157 | Z2: 362.03857 | AA2: 368.945 | AB2: 376.16673 | AC2: 383.61328 | AD2: 391.30013 | AE2: 399.24273 | AF2: 407.45657 | AG2: 415.95712 | AH2: 424.75984 | AI2: 433.88022 | AJ2: 443.33371
A3: 1001 | B3: IBRI | C3: WSZ 13 | D3: Adh Dhahirah | E3: 100140402 | F3: 4.5931602e-05 | G3: 5.9872417e-05 | H3: ABU KHABI | I3: 10.685849 | J3: 10.99042 | K3: 11.253739 | L3: 11.562322 | M3: 11.875335 | N3: 12.193557 | O3: 12.517107 | P3: 12.790964 | Q3: 13.123196 | R3: 13.461714 | S3: 13.635105 | T3: 14.161683 | U3: 14.457033 | V3: 14.830518 | W3: 15.21873 | X3: 15.620594 | Y3: 16.039701 | Z3: 16.388577 | AA3: 16.701214 | AB3: 17.028124 | AC3: 17.36521 | AD3: 17.713174 | AE3: 18.072716 | AF3: 18.444536 | AG3: 18.829335 | AH3: 19.227812 | AI3: 19.640668 | AJ3: 20.068604
A4: 1001 | B4: IBRI | C4: WSZ 13 | D4: Adh Dhahirah | E4: 100120640 | F4: 0.00018372641 | G4: 0.00023948967 | H4: ABU MILI | I4: 42.743398 | J4: 43.961682 | K4: 45.014957 | L4: 46.249287 | M4: 47.501339 | N4: 48.774227 | O4: 50.068429 | P4: 51.163854 | Q4: 52.492783 | R4: 53.846857 | S4: 54.540419 | T4: 56.646731 | U4: 57.828134 | V4: 59.32207 | W4: 60.874921 | X4: 62.482376 | Y4: 64.158803 | Z4: 65.55431 | AA4: 66.804856 | AB4: 68.112495 | AC4: 69.460841 | AD4: 70.852698 | AE4: 72.290865 | AF4: 73.778145 | AG4: 75.317338 | AH4: 76.911247 | AI4: 78.562673 | AJ4: 80.274417
A5: 1001 | B5: IBRI | C5: WSZ 13 | D5: Adh Dhahirah | E5: 100110153 | F5: 0.049522618 | G5: 0.064553352 | H5: AD DARIZ | I5: 11521.289 | J5: 11849.671 | K5: 12133.577 | L5: 12466.285 | M5: 12803.77 | N5: 13146.871 | O5: 13495.717 | P5: 13790.984 | Q5: 14149.191 | R5: 14514.176 | S5: 14701.122 | T5: 15268.869 | U5: 15587.311 | V5: 15989.994 | W5: 16408.558 | X5: 16841.84 | Y5: 17293.714 | Z5: 17669.866 | AA5: 18006.945 | AB5: 18359.413 | AC5: 18722.854 | AD5: 19098.023 | AE5: 19485.674 | AF5: 19886.564 | AG5: 20301.446 | AH5: 20731.077 | AI5: 21176.211 | AJ5: 21637.604
A6: 1001 | B6: IBRI | C6: WSZ 13 | D6: Adh Dhahirah | E6: 100130080 | F6: 0.010075723 | G6: 0.013133831 | H6: AD DIBAYSHI | I6: 2344.0868 | J6: 2410.8986 | K6: 2468.6612 | L6: 2536.3529 | M6: 2605.0166 | N6: 2674.8229 | O6: 2745.7981 | P6: 2805.8723 | Q6: 2878.7519 | R6: 2953.0106 | S6: 2991.0462 | T6: 3106.5582 | U6: 3171.3474 | V6: 3253.2763 | W6: 3338.436 | X6: 3426.5903 | Y6: 3518.5271 | Z6: 3595.0579 | AA6: 3663.639 | AB6: 3735.3511 | AC6: 3809.2957 | AD6: 3885.6264 | AE6: 3964.4968 | AF6: 4046.0605 | AG6: 4130.4713 | AH6: 4217.8827 | AI6: 4308.4484 | AJ6: 4402.322
A7: 1001 | B7: IBRI | C7: WSZ 13 | D7: Adh Dhahirah | E7: 100120383 | F7: 0.00066809603 | G7: 0.00087087152 | H7: AD DISHAH | I7: 155.43054 | J7: 159.86066 | K7: 163.69075 | L7: 168.17923 | M7: 172.73214 | N7: 177.36082 | O7: 182.06701 | P7: 186.05038 | Q7: 190.88285 | R7: 195.80675 | S7: 198.3288 | T7: 205.98811 | U7: 210.28412 | V7: 215.71662 | W7: 221.36335 | X7: 227.20864 | Y7: 233.30474 | Z7: 238.37931 | AA7: 242.92675 | AB7: 247.6818 | AC7: 252.58488 | AD7: 257.64617 | AE7: 262.87587 | AF7: 268.28416 | AG7: 273.88123 | AH7: 279.67726 | AI7: 285.68245 | AJ7: 291.90697
A8: 1001 | B8: IBRI | C8: WSZ 13 | D8: Adh Dhahirah | E8: 100120401 | F8: 0.003353007 | G8: 0.0043706865 | H8: AL ABLAH | I8: 780.06701 | J8: 802.30069 | K8: 821.52297 | L8: 844.04949 | M8: 866.89944 | N8: 890.12963 | O8: 913.74882 | P8: 933.74034 | Q8: 957.99328 | R8: 982.70514 | S8: 995.36265 | T8: 1033.8028 | U8: 1055.3634 | V8: 1082.6278 | W8: 1110.9673 | X8: 1140.3034 | Y8: 1170.8982 | Z8: 1196.3662 | AA8: 1219.1886 | AB8: 1243.053 | AC8: 1267.6604 | AD8: 1293.0617 | AE8: 1319.3083 | AF8: 1346.4511 | AG8: 1374.5414 | AH8: 1403.6303 | AI8: 1433.7688 | AJ8: 1465.0081
A9: 1001 | B9: IBRI | C9: WSZ 13 | D9: Adh Dhahirah | E9: 100140422 | F9: 0.00087270044 | G9: 0.0011375759 | H9: AL AFLAJ | I9: 203.03114 | J9: 208.81799 | K9: 213.82105 | L9: 219.68411 | M9: 225.63136 | N9: 231.67758 | O9: 237.82504 | P9: 243.02831 | Q9: 249.34072 | R9: 255.77257 | S9: 259.06699 | T9: 269.07197 | U9: 274.68363 | V9: 281.77983 | W9: 289.15588 | X9: 296.79128 | Y9: 304.75432 | Z9: 311.38297 | AA9: 317.32307 | AB9: 323.53435 | AC9: 329.939 | AD9: 336.55031 | AE9: 343.38161 | AF9: 350.44619 | AG9: 357.75736 | AH9: 365.32843 | AI9: 373.1727 | AJ9: 381.30348
A10: 1001 | B10: IBRI | C10: WSZ 13 | D10: Adh Dhahirah | E10: 100120440 | F10: 0.00077248603 | G10: 0.0010069452 | H10: AL AJUZ | I10: 179.71656 | J10: 184.83889 | K10: 189.26743 | L10: 194.45723 | M10: 199.72154 | N10: 205.07345 | O10: 210.51498 | P10: 215.12075 | Q10: 220.70829 | R10: 226.40156 | S10: 229.31767 | T10: 238.17376 | U10: 243.14102 | V10: 249.42234 | W10: 255.95137 | X10: 262.70999 | Y10: 269.75861 | Z10: 275.62607 | AA10: 280.88405 | AB10: 286.38208 | AC10: 292.05127 | AD10: 297.90339 | AE10: 303.95023 | AF10: 310.20356 | AG10: 316.67517 | AH10: 323.37684 | AI10: 330.32033 | AJ10: 337.51744
A11: 1001 | B11: IBRI | C11: WSZ 13 | D11: Adh Dhahirah | E11: 100140030 | F11: 0.00082676884 | G11: 0.0010777035 | H11: AL AKHEEDAR | I11: 192.34529 | J11: 197.82757 | K11: 202.56731 | L11: 208.12179 | M11: 213.75603 | N11: 219.48402 | O11: 225.30793 | P11: 230.23735 | Q11: 236.21752 | R11: 242.31086 | S11: 245.43189 | T11: 254.91029 | U11: 260.2266 | V11: 266.94932 | W11: 273.93714 | X11: 281.17069 | Y11: 288.71462 | Z11: 294.99439 | AA11: 300.62185 | AB11: 306.50623 | AC11: 312.57379 | AD11: 318.83714 | AE11: 325.30889 | AF11: 332.00165 | AG11: 338.92802 | AH11: 346.10061 | AI11: 353.53203 | AJ11: 361.23488
A12: 1001 | B12: IBRI | C12: WSZ 13 | D12: Adh Dhahirah | E12: 100110081 | F12: 0.0446998 | G12: 0.058266748 | H12: AL ARAQI | I12: 10399.274 | J12: 10695.677 | K12: 10951.934 | L12: 11252.241 | M12: 11556.86 | N12: 11866.548 | O12: 12181.421 | P12: 12447.933 | Q12: 12771.255 | R12: 13100.696 | S12: 13269.436 | T12: 13781.892 | U12: 14069.322 | V12: 14432.79 | W12: 14810.592 | X12: 15201.678 | Y12: 15609.545 | Z12: 15949.066 | AA12: 16253.318 | AB12: 16571.46 | AC12: 16899.507 | AD12: 17238.139 | AE12: 17588.039 | AF12: 17949.887 | AG12: 18324.366 | AH12: 18712.157 | AI12: 19113.941 | AJ12: 19530.401
A13: 1001 | B13: IBRI | C13: WSZ 13 | D13: Adh Dhahirah | E13: 100110280 | F13: 0.015892334 | G13: 0.020715856 | H13: AL ARID | I13: 3697.3039 | J13: 3802.6855 | K13: 3893.7938 | L13: 4000.5633 | M13: 4108.8658 | N13: 4218.9706 | O13: 4330.9191 | P13: 4425.6734 | Q13: 4540.6257 | R13: 4657.7532 | S13: 4717.7463 | T13: 4899.9422 | U13: 5002.1335 | V13: 5131.3591 | W13: 5265.6807 | X13: 5404.7255 | Y13: 5549.7365 | Z13: 5670.4478 | AA13: 5778.62 | AB13: 5891.7308 | AC13: 6008.3628 | AD13: 6128.7584 | AE13: 6253.1598 | AF13: 6381.8095 | AG13: 6514.9498 | AH13: 6652.8229 | AI13: 6795.6712 | AJ13: 6943.7371
... A240: 1001 | B240: IBRI | C240: WSZ 13 | D240: Adh Dhahirah | E240: 100110486 | F240: 0.00044261362 | G240: 0.00057695239 | H240: WADI YABT | I240: 102.97273 | J240: 105.90769 | K240: 108.44512 | L240: 111.41874 | M240: 114.43504 | N240: 117.50155 | O240: 120.6194 | P240: 123.25838 | Q240: 126.45989 | R240: 129.72197 | S240: 131.39283 | T240: 136.46712 | U240: 139.31323 | V240: 142.91226 | W240: 146.65322 | X240: 150.52572 | Y240: 154.56439 | Z240: 157.92629 | AA240: 160.93897 | AB240: 164.08919 | AC240: 167.33748 | AD240: 170.69059 | AE240: 174.15527 | AF240: 177.73826 | AG240: 181.44632 | AH240: 185.28619 | AI240: 189.26462 | AJ240: 193.38837

Sheet Ibri Tankers
A1: Governorate | B1: Wilayah | C1: Water Supply Zone | D1: Settlement | E1: Settlement Code | F1: TOWN_CODE | G1: 2024 | H1: 2025 | I1: 2026 | J1: 2027 | K1: 2028 | L1: 2029 | M1: 2030 | N1: 2031 | O1: 2032 | P1: 2033 | Q1: 2034 | R1: 2035 | S1: 2036 | T1: 2037 | U1: 2038 | V1: 2039 | W1: 2040 | X1: 2041 | Y1: 2042 | Z1: 2043 | AA1: 2044 | AB1: 2045 | AC1: 2046 | AD1: 2047 | AE1: 2048 | AF1: 2049 | AG1: 2050
A2: Adh Dhahirah | B2: IBRI | C2: WSZ 13 | D2: ABU DHIKRI | E2: 1001 | F2: 100110555 | G2: 5.2204803 | H2: 5.2204803 | I2: 5.2204803 | J2: 5.2204803 | K2: 5.2204803 | L2: 5.2204803 | M2: 5.2204803 | N2: 5.2204803 | O2: 5.2204803 | P2: 5.2204803 | Q2: 5.2204803 | R2: 5.2204803 | S2: 5.2204803 | T2: 5.2204803 | U2: 5.2204803 | V2: 5.2204803 | W2: 5.2204803 | X2: 5.2204803 | Y2: 5.2204803 | Z2: 5.2204803 | AA2: 5.2204803 | AB2: 5.2204803 | AC2: 5.2204803 | AD2: 5.2204803 | AE2: 5.2204803 | AF2: 5.2204803 | AG2: 5.2204803
A3: Adh Dhahirah | B3: IBRI | C3: WSZ 13 | D3: ABU KHABI | E3: 1001 | F3: 100140402 | G3: 0.23631804 | H3: 0.23631804 | I3: 0.23631804 | J3: 0.23631804 | K3: 0.23631804 | L3: 0.23631804 | M3: 0.23631804 | N3: 0.23631804 | O3: 0.23631804 | P3: 0.23631804 | Q3: 0.23631804 | R3: 0.23631804 | S3: 0.23631804 | T3: 0.23631804 | U3: 0.23631804 | V3: 0.23631804 | W3: 0.23631804 | X3: 0.23631804 | Y3: 0.23631804 | Z3: 0.23631804 | AA3: 0.23631804 | AB3: 0.23631804 | AC3: 0.23631804 | AD3: 0.23631804 | AE3: 0.23631804 | AF3: 0.23631804 | AG3: 0.23631804
A4: Adh Dhahirah | B4: IBRI | C4: WSZ 13 | D4: ABU MILI | E4: 1001 | F4: 100120640 | G4: 0.94527215 | H4: 0.94527215 | I4: 0.94527215 | J4: 0.94527215 | K4: 0.94527215 | L4: 0.94527215 | M4: 0.94527215 | N4: 0.94527215 | O4: 0.94527215 | P4: 0.94527215 | Q4: 0.94527215 | R4: 0.94527215 | S4: 0.94527215 | T4: 0.94527215 | U4: 0.94527215 | V4: 0.94527215 | W4: 0.94527215 | X4: 0.94527215 | Y4: 0.94527215 | Z4: 0.94527215 | AA4: 0.94527215 | AB4: 0.94527215 | AC4: 0.94527215 | AD4: 0.94527215 | AE4: 0.94527215 | AF4: 0.94527215 | AG4: 0.94527215
A5: Adh Dhahirah | B5: IBRI | C5: WSZ 13 | D5: AD DARIZ | E5: 1001 | F5: 100110153 | G5: 254.79381 | H5: 254.79381 | I5: 254.79381 | J5: 254.79381 | K5: 254.79381 | L5: 254.79381 | M5: 254.79381 | N5: 254.79381 | O5: 254.79381 | P5: 254.79381 | Q5: 254.79381 | R5: 254.79381 | S5: 254.79381 | T5: 254.79381 | U5: 254.79381 | V5: 254.79381 | W5: 254.79381 | X5: 254.79381 | Y5: 254.79381 | Z5: 254.79381 | AA5: 254.79381 | AB5: 254.79381 | AC5: 254.79381 | AD5: 254.79381 | AE5: 254.79381 | AF5: 254.79381 | AG5: 254.79381
A6: Adh Dhahirah | B6: IBRI | C6: WSZ 13 | D6: AD DIBAYSHI | E6: 1001 | F6: 100130080 | G6: 51.839584 | H6: 51.839584 | I6: 51.839584 | J6: 51.839584 | K6: 51.839584 | L6: 51.839584 | M6: 51.839584 | N6: 51.839584 | O6: 51.839584 | P6: 51.839584 | Q6: 51.839584 | R6: 51.839584 | S6: 51.839584 | T6: 51.839584 | U6: 51.839584 | V6: 51.839584 | W6: 51.839584 | X6: 51.839584 | Y6: 51.839584 | Z6: 51.839584 | AA6: 51.839584 | AB6: 51.839584 | AC6: 51.839584 | AD6: 51.839584 | AE6: 51.839584 | AF6: 51.839584 | AG6: 51.839584
A7: Adh Dhahirah | B7: IBRI | C7: WSZ 13 | D7: AD DISHAH | E7: 1001 | F7: 100120383 | G7: 3.4373533 | H7: 3.4373533 | I7: 3.4373533 | J7: 3.4373533 | K7: 3.4373533 | L7: 3.4373533 | M7: 3.4373533 | N7: 3.4373533 | O7: 3.4373533 | P7: 3.4373533 | Q7: 3.4373533 | R7: 3.4373533 | S7: 3.4373533 | T7: 3.4373533 | U7: 3.4373533 | V7: 3.4373533 | W7: 3.4373533 | X7: 3.4373533 | Y7: 3.4373533 | Z7: 3.4373533 | AA7: 3.4373533 | AB7: 3.4373533 | AC7: 3.4373533 | AD7: 3.4373533 | AE7: 3.4373533 | AF7: 3.4373533 | AG7: 3.4373533
A8: Adh Dhahirah | B8: IBRI | C8: WSZ 13 | D8: AL ABLAH | E8: 1001 | F8: 100120401 | G8: 17.251217 | H8: 17.251217 | I8: 17.251217 | J8: 17.251217 | K8: 17.251217 | L8: 17.251217 | M8: 17.251217 | N8: 17.251217 | O8: 17.251217 | P8: 17.251217 | Q8: 17.251217 | R8: 17.251217 | S8: 17.251217 | T8: 17.251217 | U8: 17.251217 | V8: 17.251217 | W8: 17.251217 | X8: 17.251217 | Y8: 17.251217 | Z8: 17.251217 | AA8: 17.251217 | AB8: 17.251217 | AC8: 17.251217 | AD8: 17.251217 | AE8: 17.251217 | AF8: 17.251217 | AG8: 17.251217
A9: Adh Dhahirah | B9: IBRI | C9: WSZ 13 | D9: AL AFLAJ | E9: 1001 | F9: 100140422 | G9: 4.4900427 | H9: 4.4900427 | I9: 4.4900427 | J9: 4.4900427 | K9: 4.4900427 | L9: 4.4900427 | M9: 4.4900427 | N9: 4.4900427 | O9: 4.4900427 | P9: 4.4900427 | Q9: 4.4900427 | R9: 4.4900427 | S9: 4.4900427 | T9: 4.4900427 | U9: 4.4900427 | V9: 4.4900427 | W9: 4.4900427 | X9: 4.4900427 | Y9: 4.4900427 | Z9: 4.4900427 | AA9: 4.4900427 | AB9: 4.4900427 | AC9: 4.4900427 | AD9: 4.4900427 | AE9: 4.4900427 | AF9: 4.4900427 | AG9: 4.4900427
A10: Adh Dhahirah | B10: IBRI | C10: WSZ 13 | D10: AL AJUZ | E10: 1001 | F10: 100120440 | G10: 3.9744397 | H10: 3.9744397 | I10: 3.9744397 | J10: 3.9744397 | K10: 3.9744397 | L10: 3.9744397 | M10: 3.9744397 | N10: 3.9744397 | O10: 3.9744397 | P10: 3.9744397 | Q10: 3.9744397 | R10: 3.9744397 | S10: 3.9744397 | T10: 3.9744397 | U10: 3.9744397 | V10: 3.9744397 | W10: 3.9744397 | X10: 3.9744397 | Y10: 3.9744397 | Z10: 3.9744397 | AA10: 3.9744397 | AB10: 3.9744397 | AC10: 3.9744397 | AD10: 3.9744397 | AE10: 3.9744397 | AF10: 3.9744397 | AG10: 3.9744397
A11: Adh Dhahirah | B11: IBRI | C11: WSZ 13 | D11: AL AKHEEDAR | E11: 1001 | F11: 100140030 | G11: 4.2537247 | H11: 4.2537247 | I11: 4.2537247 | J11: 4.2537247 | K11: 4.2537247 | L11: 4.2537247 | M11: 4.2537247 | N11: 4.2537247 | O11: 4.2537247 | P11: 4.2537247 | Q11: 4.2537247 | R11: 4.2537247 | S11: 4.2537247 | T11: 4.2537247 | U11: 4.2537247 | V11: 4.2537247 | W11: 4.2537247 | X11: 4.2537247 | Y11: 4.2537247 | Z11: 4.2537247 | AA11: 4.2537247 | AB11: 4.2537247 | AC11: 4.2537247 | AD11: 4.2537247 | AE11: 4.2537247 | AF11: 4.2537247 | AG11: 4.2537247
A12: Adh Dhahirah | B12: IBRI | C12: WSZ 13 | D12: AL ARAQI | E12: 1001 | F12: 100110081 | G12: 229.98042 | H12: 229.98042 | I12: 229.98042 | J12: 229.98042 | K12: 229.98042 | L12: 229.98042 | M12: 229.98042 | N12: 229.98042 | O12: 229.98042 | P12: 229.98042 | Q12: 229.98042 | R12: 229.98042 | S12: 229.98042 | T12: 229.98042 | U12: 229.98042 | V12: 229.98042 | W12: 229.98042 | X12: 229.98042 | Y12: 229.98042 | Z12: 229.98042 | AA12: 229.98042 | AB12: 229.98042 | AC12: 229.98042 | AD12: 229.98042 | AE12: 229.98042 | AF12: 229.98042 | AG12: 229.98042
... A240: Adh Dhahirah | B240: IBRI | C240: WSZ 13 | D240: WADI YABT | E240: 1001 | F240: 100110486 | G240: 2.2772465 | H240: 2.2772465 | I240: 2.2772465 | J240: 2.2772465 | K240: 2.2772465 | L240: 2.2772465 | M240: 2.2772465 | N240: 2.2772465 | O240: 2.2772465 | P240: 2.2772465 | Q240: 2.2772465 | R240: 2.2772465 | S240: 2.2772465 | T240: 2.2772465 | U240: 2.2772465 | V240: 2.2772465 | W240: 2.2772465 | X240: 2.2772465 | Y240: 2.2772465 | Z240: 2.2772465 | AA240: 2.2772465 | AB240: 2.2772465 | AC240: 2.2772465 | AD240: 2.2772465 | AE240: 2.2772465 | AF240: 2.2772465 | AG240: 2.2772465

Sheet Water Demand Criteria
B1: Water Demand Criteria - Assumptions & Calculation
B5: LPCD Calculation & Projection [Liter/capita/day] | E5: 2021 - 2023 : Annual Consumption / [365 * Customer * OR * 1000]
E6: 2024 - 2050 : Average (2021 - 2023) ==> [Fixed in Time]
B8: Gov_Code | C8: Governorate | D8: 2021 | E8: 2022 | F8: 2023 | G8: 2024 | H8: 2025 | I8: 2026 | J8: 2027 | K8: 2028 | L8: 2029 | M8: 2030 | N8: 2031 | O8: 2032 | P8: 2033 | Q8: 2034 | R8: 2035 | S8: 2036 | T8: 2037 | U8: 2038 | V8: 2039 | W8: 2040 | X8: 2041 | Y8: 2042 | Z8: 2043 | AA8: 2044 | AB8: 2045 | AC8: 2046 | AD8: 2047 | AE8: 2048 | AF8: 2049 | AG8: 2050 | AH8: 2051 | AI8: 2052 | AJ8: 2053 | AK8: 2054 | AL8: 2055 | AM8: 2056 | AN8: 2057 | AO8: 2058 | AP8: 2059 | AQ8: 2060 | AR8: 2061 | AS8: 2062 | AT8: 2063 | AU8: 2064 | AV8: 2065 | AW8: 2066 | AX8: 2067 | AY8: 2068 | AZ8: 2069 | BA8: 2070 | BB8: 2071 | BC8: 2072 | BD8: 2073 | BE8: 2074 | BF8: 2075 | BG8: 2076 | BH8: 2077 | BI8: 2078 | BJ8: 2079 | BK8: 2080 | BL8: 2081 | BM8: 2082 | BN8: 2083 | BO8: 2084 | BP8: 2085 | BQ8: 2086 | BR8: 2087 | BS8: 2088 | BT8: 2089 | BU8: 2090 | BV8: 2091 | BW8: 2092 | BX8: 2093 | BY8: 2094 | BZ8: 2095 | CA8: 2096 | CB8: 2097 | CC8: 2098 | CD8: 2099 | CE8: 2100
B9: 01 | C9: Muscat | D9: =VLOOKUP($C9,[1]NWS_Input!$B$8:$E$18,D$20,FALSE)*1000/(365*VLOOKUP($C9,[1]NWS_Input!$B$51:$E$61,D$20,FALSE)*VLOOKUP($C9,[1]Pop_Wilayat!$B$78:$F$88,D$21,FALSE)) -> 175.81948 | E9: =VLOOKUP($C9,[1]NWS_Input!$B$8:$E$18,E$20,FALSE)*1000/(365*VLOOKUP($C9,[1]NWS_Input!$B$51:$E$61,E$20,FALSE)*VLOOKUP($C9,[1]Pop_Wilayat!$B$78:$F$88,E$21,FALSE)) -> 162.06864 | F9: =VLOOKUP($C9,[1]NWS_Input!$B$8:$E$18,F$20,FALSE)*1000/(365*VLOOKUP($C9,[1]NWS_Input!$B$51:$E$61,F$20,FALSE)*VLOOKUP($C9,[1]Pop_Wilayat!$B$78:$F$88,F$21,FALSE)) -> 160.26268 | G9: =AVERAGE(D9:F9) -> 166.05027 | H9: =G9 -> 166.05027 | I9: =H9 -> 166.05027 | J9: =I9 -> 166.05027 | K9: =J9 -> 166.05027 | L9: =K9 -> 166.05027 | M9: =L9 -> 166.05027 | N9: =M9 -> 166.05027 | O9: =N9 -> 166.05027 | ... AG9: =AF9 -> 166.05027
B10: 03 | C10: Musandam | D10: =VLOOKUP($C10,[1]NWS_Input!$B$8:$E$18,D$20,FALSE)*1000/(365*VLOOKUP($C10,[1]NWS_Input!$B$51:$E$61,D$20,FALSE)*VLOOKUP($C10,[1]Pop_Wilayat!$B$78:$F$88,D$21,FALSE)) -> 193.50184 | E10: =VLOOKUP($C10,[1]NWS_Input!$B$8:$E$18,E$20,FALSE)*1000/(365*VLOOKUP($C10,[1]NWS_Input!$B$51:$E$61,E$20,FALSE)*VLOOKUP($C10,[1]Pop_Wilayat!$B$78:$F$88,E$21,FALSE)) -> 146.85954 | F10: =VLOOKUP($C10,[1]NWS_Input!$B$8:$E$18,F$20,FALSE)*1000/(365*VLOOKUP($C10,[1]NWS_Input!$B$51:$E$61,F$20,FALSE)*VLOOKUP($C10,[1]Pop_Wilayat!$B$78:$F$88,F$21,FALSE)) -> 141.90375 | G10: =AVERAGE(D10:F10) -> 160.75505 | H10: =G10 -> 160.75505 | I10: =H10 -> 160.75505 | J10: =I10 -> 160.75505 | K10: =J10 -> 160.75505 | L10: =K10 -> 160.75505 | M10: =L10 -> 160.75505 | N10: =M10 -> 160.75505 | O10: =N10 -> 160.75505 | ... AG10: =AF10 -> 160.75505
B11: 04 | C11: Al Buraymi | D11: =VLOOKUP($C11,[1]NWS_Input!$B$8:$E$18,D$20,FALSE)*1000/(365*VLOOKUP($C11,[1]NWS_Input!$B$51:$E$61,D$20,FALSE)*VLOOKUP($C11,[1]Pop_Wilayat!$B$78:$F$88,D$21,FALSE)) -> 180.74378 | E11: =VLOOKUP($C11,[1]NWS_Input!$B$8:$E$18,E$20,FALSE)*1000/(365*VLOOKUP($C11,[1]NWS_Input!$B$51:$E$61,E$20,FALSE)*VLOOKUP($C11,[1]Pop_Wilayat!$B$78:$F$88,E$21,FALSE)) -> 144.31389 | F11: =VLOOKUP($C11,[1]NWS_Input!$B$8:$E$18,F$20,FALSE)*1000/(365*VLOOKUP($C11,[1]NWS_Input!$B$51:$E$61,F$20,FALSE)*VLOOKUP($C11,[1]Pop_Wilayat!$B$78:$F$88,F$21,FALSE)) -> 133.15838 | G11: =AVERAGE(D11:F11) -> 152.73868 | H11: =G11 -> 152.73868 | I11: =H11 -> 152.73868 | J11: =I11 -> 152.73868 | K11: =J11 -> 152.73868 | L11: =K11 -> 152.73868 | M11: =L11 -> 152.73868 | N11: =M11 -> 152.73868 | O11: =N11 -> 152.73868 | ... AG11: =AF11 -> 152.73868
B12: 05 | C12: Ad Dakhliyah | D12: =VLOOKUP($C12,[1]NWS_Input!$B$8:$E$18,D$20,FALSE)*1000/(365*VLOOKUP($C12,[1]NWS_Input!$B$51:$E$61,D$20,FALSE)*VLOOKUP($C12,[1]Pop_Wilayat!$B$78:$F$88,D$21,FALSE)) -> 206.72793 | E12: =VLOOKUP($C12,[1]NWS_Input!$B$8:$E$18,E$20,FALSE)*1000/(365*VLOOKUP($C12,[1]NWS_Input!$B$51:$E$61,E$20,FALSE)*VLOOKUP($C12,[1]Pop_Wilayat!$B$78:$F$88,E$21,FALSE)) -> 152.54485 | F12: =VLOOKUP($C12,[1]NWS_Input!$B$8:$E$18,F$20,FALSE)*1000/(365*VLOOKUP($C12,[1]NWS_Input!$B$51:$E$61,F$20,FALSE)*VLOOKUP($C12,[1]Pop_Wilayat!$B$78:$F$88,F$21,FALSE)) -> 137.49567 | G12: =AVERAGE(D12:F12) -> 165.58948 | H12: =G12 -> 165.58948 | I12: =H12 -> 165.58948 | J12: =I12 -> 165.58948 | K12: =J12 -> 165.58948 | L12: =K12 -> 165.58948 | M12: =L12 -> 165.58948 | N12: =M12 -> 165.58948 | O12: =N12 -> 165.58948 | ... AG12: =AF12 -> 165.58948
B13: 06 | C13: Al Batinah North | D13: =VLOOKUP($C13,[1]NWS_Input!$B$8:$E$18,D$20,FALSE)*1000/(365*VLOOKUP($C13,[1]NWS_Input!$B$51:$E$61,D$20,FALSE)*VLOOKUP($C13,[1]Pop_Wilayat!$B$78:$F$88,D$21,FALSE)) -> 169.4819 | E13: =VLOOKUP($C13,[1]NWS_Input!$B$8:$E$18,E$20,FALSE)*1000/(365*VLOOKUP($C13,[1]NWS_Input!$B$51:$E$61,E$20,FALSE)*VLOOKUP($C13,[1]Pop_Wilayat!$B$78:$F$88,E$21,FALSE)) -> 131.28275 | F13: =VLOOKUP($C13,[1]NWS_Input!$B$8:$E$18,F$20,FALSE)*1000/(365*VLOOKUP($C13,[1]NWS_Input!$B$51:$E$61,F$20,FALSE)*VLOOKUP($C13,[1]Pop_Wilayat!$B$78:$F$88,F$21,FALSE)) -> 117.53423 | G13: =AVERAGE(D13:F13) -> 139.43296 | H13: =G13 -> 139.43296 | I13: =H13 -> 139.43296 | J13: =I13 -> 139.43296 | K13: =J13 -> 139.43296 | L13: =K13 -> 139.43296 | M13: =L13 -> 139.43296 | N13: =M13 -> 139.43296 | O13: =N13 -> 139.43296 | ... AG13: =AF13 -> 139.43296
B14: 07 | C14: Al Batinah South | D14: =VLOOKUP($C14,[1]NWS_Input!$B$8:$E$18,D$20,FALSE)*1000/(365*VLOOKUP($C14,[1]NWS_Input!$B$51:$E$61,D$20,FALSE)*VLOOKUP($C14,[1]Pop_Wilayat!$B$78:$F$88,D$21,FALSE)) -> 189.54685 | E14: =VLOOKUP($C14,[1]NWS_Input!$B$8:$E$18,E$20,FALSE)*1000/(365*VLOOKUP($C14,[1]NWS_Input!$B$51:$E$61,E$20,FALSE)*VLOOKUP($C14,[1]Pop_Wilayat!$B$78:$F$88,E$21,FALSE)) -> 153.43673 | F14: =VLOOKUP($C14,[1]NWS_Input!$B$8:$E$18,F$20,FALSE)*1000/(365*VLOOKUP($C14,[1]NWS_Input!$B$51:$E$61,F$20,FALSE)*VLOOKUP($C14,[1]Pop_Wilayat!$B$78:$F$88,F$21,FALSE)) -> 143.18782 | G14: =AVERAGE(D14:F14) -> 162.05713 | H14: =G14 -> 162.05713 | I14: =H14 -> 162.05713 | J14: =I14 -> 162.05713 | K14: =J14 -> 162.05713 | L14: =K14 -> 162.05713 | M14: =L14 -> 162.05713 | N14: =M14 -> 162.05713 | O14: =N14 -> 162.05713 | ... AG14: =AF14 -> 162.05713
B15: 08 | C15: Ash Sharqiyah South | D15: =VLOOKUP($C15,[1]NWS_Input!$B$8:$E$18,D$20,FALSE)*1000/(365*VLOOKUP($C15,[1]NWS_Input!$B$51:$E$61,D$20,FALSE)*VLOOKUP($C15,[1]Pop_Wilayat!$B$78:$F$88,D$21,FALSE)) -> 176.00376 | E15: =VLOOKUP($C15,[1]NWS_Input!$B$8:$E$18,E$20,FALSE)*1000/(365*VLOOKUP($C15,[1]NWS_Input!$B$51:$E$61,E$20,FALSE)*VLOOKUP($C15,[1]Pop_Wilayat!$B$78:$F$88,E$21,FALSE)) -> 126.9688 | F15: =VLOOKUP($C15,[1]NWS_Input!$B$8:$E$18,F$20,FALSE)*1000/(365*VLOOKUP($C15,[1]NWS_Input!$B$51:$E$61,F$20,FALSE)*VLOOKUP($C15,[1]Pop_Wilayat!$B$78:$F$88,F$21,FALSE)) -> 117.10352 | G15: =AVERAGE(D15:F15) -> 140.02536 | H15: =G15 -> 140.02536 | I15: =H15 -> 140.02536 | J15: =I15 -> 140.02536 | K15: =J15 -> 140.02536 | L15: =K15 -> 140.02536 | M15: =L15 -> 140.02536 | N15: =M15 -> 140.02536 | O15: =N15 -> 140.02536 | ... AG15: =AF15 -> 140.02536
B16: 09 | C16: Ash Sharqiyah North | D16: =VLOOKUP($C16,[1]NWS_Input!$B$8:$E$18,D$20,FALSE)*1000/(365*VLOOKUP($C16,[1]NWS_Input!$B$51:$E$61,D$20,FALSE)*VLOOKUP($C16,[1]Pop_Wilayat!$B$78:$F$88,D$21,FALSE)) -> 197.70454 | E16: =VLOOKUP($C16,[1]NWS_Input!$B$8:$E$18,E$20,FALSE)*1000/(365*VLOOKUP($C16,[1]NWS_Input!$B$51:$E$61,E$20,FALSE)*VLOOKUP($C16,[1]Pop_Wilayat!$B$78:$F$88,E$21,FALSE)) -> 133.30537 | F16: =VLOOKUP($C16,[1]NWS_Input!$B$8:$E$18,F$20,FALSE)*1000/(365*VLOOKUP($C16,[1]NWS_Input!$B$51:$E$61,F$20,FALSE)*VLOOKUP($C16,[1]Pop_Wilayat!$B$78:$F$88,F$21,FALSE)) -> 124.26047 | G16: =AVERAGE(D16:F16) -> 151.75679 | H16: =G16 -> 151.75679 | I16: =H16 -> 151.75679 | J16: =I16 -> 151.75679 | K16: =J16 -> 151.75679 | L16: =K16 -> 151.75679 | M16: =L16 -> 151.75679 | N16: =M16 -> 151.75679 | O16: =N16 -> 151.75679 | ... AG16: =AF16 -> 151.75679
B17: 10 | C17: Adh Dhahirah | D17: =VLOOKUP($C17,[1]NWS_Input!$B$8:$E$18,D$20,FALSE)*1000/(365*VLOOKUP($C17,[1]NWS_Input!$B$51:$E$61,D$20,FALSE)*VLOOKUP($C17,[1]Pop_Wilayat!$B$78:$F$88,D$21,FALSE)) -> 196.9621 | E17: =VLOOKUP($C17,[1]NWS_Input!$B$8:$E$18,E$20,FALSE)*1000/(365*VLOOKUP($C17,[1]NWS_Input!$B$51:$E$61,E$20,FALSE)*VLOOKUP($C17,[1]Pop_Wilayat!$B$78:$F$88,E$21,FALSE)) -> 149.42231 | F17: =VLOOKUP($C17,[1]NWS_Input!$B$8:$E$18,F$20,FALSE)*1000/(365*VLOOKUP($C17,[1]NWS_Input!$B$51:$E$61,F$20,FALSE)*VLOOKUP($C17,[1]Pop_Wilayat!$B$78:$F$88,F$21,FALSE)) -> 144.11747 | G17: =AVERAGE(D17:F17) -> 163.50063 | H17: =G17 -> 163.50063 | I17: =H17 -> 163.50063 | J17: =I17 -> 163.50063 | K17: =J17 -> 163.50063 | L17: =K17 -> 163.50063 | M17: =L17 -> 163.50063 | N17: =M17 -> 163.50063 | O17: =N17 -> 163.50063 | ... CE17: =CD17 -> 163.50063
B18: 11 | C18: Al Wusta | D18: =VLOOKUP($C18,[1]NWS_Input!$B$8:$E$18,D$20,FALSE)*1000/(365*VLOOKUP($C18,[1]NWS_Input!$B$51:$E$61,D$20,FALSE)*VLOOKUP($C18,[1]Pop_Wilayat!$B$78:$F$88,D$21,FALSE)) -> 135.9262 | E18: =VLOOKUP($C18,[1]NWS_Input!$B$8:$E$18,E$20,FALSE)*1000/(365*VLOOKUP($C18,[1]NWS_Input!$B$51:$E$61,E$20,FALSE)*VLOOKUP($C18,[1]Pop_Wilayat!$B$78:$F$88,E$21,FALSE)) -> 95.96117 | F18: =VLOOKUP($C18,[1]NWS_Input!$B$8:$E$18,F$20,FALSE)*1000/(365*VLOOKUP($C18,[1]NWS_Input!$B$51:$E$61,F$20,FALSE)*VLOOKUP($C18,[1]Pop_Wilayat!$B$78:$F$88,F$21,FALSE)) -> 111.23499 | G18: =AVERAGE(D18:F18) -> 114.37412 | H18: =G18 -> 114.37412 | I18: =H18 -> 114.37412 | J18: =I18 -> 114.37412 | K18: =J18 -> 114.37412 | L18: =K18 -> 114.37412 | M18: =L18 -> 114.37412 | N18: =M18 -> 114.37412 | O18: =N18 -> 114.37412 | ... AG18: =AF18 -> 114.37412
C19: TOTAL NWS | D19: =VLOOKUP($C19,[1]NWS_Input!$B$8:$E$18,D$20,FALSE)*1000/(365*VLOOKUP($C19,[1]NWS_Input!$B$51:$E$61,D$20,FALSE)*VLOOKUP($C19,[1]Pop_Wilayat!$B$78:$F$88,D$21,FALSE)) -> 180.39114 | E19: =VLOOKUP($C19,[1]NWS_Input!$B$8:$E$18,E$20,FALSE)*1000/(365*VLOOKUP($C19,[1]NWS_Input!$B$51:$E$61,E$20,FALSE)*VLOOKUP($C19,[1]Pop_Wilayat!$B$78:$F$88,E$21,FALSE)) -> 148.17405 | F19: =VLOOKUP($C19,[1]NWS_Input!$B$8:$E$18,F$20,FALSE)*1000/(365*VLOOKUP($C19,[1]NWS_Input!$B$51:$E$61,F$20,FALSE)*VLOOKUP($C19,[1]Pop_Wilayat!$B$78:$F$88,F$21,FALSE)) -> 140.58637 | G19: =AVERAGE(D19:F19) -> 156.38385 | H19: =G19 -> 156.38385 | I19: =H19 -> 156.38385 | J19: =I19 -> 156.38385 | K19: =J19 -> 156.38385 | L19: =K19 -> 156.38385 | M19: =L19 -> 156.38385 | N19: =M19 -> 156.38385 | O19: =N19 -> 156.38385 | ... AG19: =AF19 -> 156.38385
C20: INDEX Annual Consumption & Customer | D20: 2 | E20: 3 | F20: 4 | G20: 5 | H20: 6 | I20: 7 | J20: 8 | K20: 9 | L20: 10 | M20: 11 | N20: 12 | O20: 13 | P20: 14 | Q20: 15 | R20: 16 | S20: 17 | T20: 18 | U20: 19 | V20: 20 | W20: 21 | X20: 22 | Y20: 23 | Z20: 24 | AA20: 25 | AB20: 26 | AC20: 27 | AD20: 28 | AE20: 29 | AF20: 30 | AG20: 31
C21: INDEX - Occupancy Rate | D21: 3 | E21: 4 | F21: 5 | G21: 6 | H21: 7 | I21: 8 | J21: 9 | K21: 10 | L21: 11 | M21: 12 | N21: 13 | O21: 14 | P21: 15 | Q21: 16 | R21: 17 | S21: 18 | T21: 19 | U21: 20 | V21: 21 | W21: 22 | X21: 23 | Y21: 24 | Z21: 25 | AA21: 26 | AB21: 27 | AC21: 28 | AD21: 29 | AE21: 30 | AF21: 31 | AG21: 32
B25: Governmental Ratio | E25: 2022-2023 : Gov consumption(year) / Dom consumption(year) | M25: (Al Wusta is calculated only on 2023 because of negative data in 2022)
E26: 2024 : ∑Gov consumption(22-23) / ∑Dom consumption(22-23) | M26: 2025 - 2050 : [Fixed in Time]
B28: Gov_Code | C28: Governorate | D28: 2021 | E28: 2022 | F28: 2023 | G28: 2024 | H28: 2025 | I28: 2026 | J28: 2027 | K28: 2028 | L28: 2029 | M28: 2030 | N28: 2031 | O28: 2032 | P28: 2033 | Q28: 2034 | R28: 2035 | S28: 2036 | T28: 2037 | U28: 2038 | V28: 2039 | W28: 2040 | X28: 2041 | Y28: 2042 | Z28: 2043 | AA28: 2044 | AB28: 2045 | AC28: 2046 | AD28: 2047 | AE28: 2048 | AF28: 2049 | AG28: 2050 | AH28: 2051 | AI28: 2052 | AJ28: 2053 | AK28: 2054 | AL28: 2055 | AM28: 2056 | AN28: 2057 | AO28: 2058 | AP28: 2059 | AQ28: 2060 | AR28: 2061 | AS28: 2062 | AT28: 2063 | AU28: 2064 | AV28: 2065 | AW28: 2066 | AX28: 2067 | AY28: 2068 | AZ28: 2069 | BA28: 2070 | BB28: 2071 | BC28: 2072 | BD28: 2073 | BE28: 2074 | BF28: 2075 | BG28: 2076 | BH28: 2077 | BI28: 2078 | BJ28: 2079 | BK28: 2080 | BL28: 2081 | BM28: 2082 | BN28: 2083 | BO28: 2084 | BP28: 2085 | BQ28: 2086 | BR28: 2087 | BS28: 2088 | BT28: 2089 | BU28: 2090 | BV28: 2091 | BW28: 2092 | BX28: 2093 | BY28: 2094 | BZ28: 2095 | CA28: 2096 | CB28: 2097 | CC28: 2098 | CD28: 2099 | CE28: 2100
B29: 01 | C29: Muscat | E29: =(VLOOKUP(C29,[1]NWS_Input!$B$22:$E$32,'Water Demand Criteria'!G$40,FALSE))/VLOOKUP(C29,[1]NWS_Input!$B$8:$E$18,G$40,FALSE) -> 0.37071855 | F29: =VLOOKUP(C29,[1]NWS_Input!$B$22:$E$32,'Water Demand Criteria'!H$40,FALSE)/VLOOKUP(C29,[1]NWS_Input!$B$8:$E$18,H$40,FALSE) -> 0.38505973 | G29: =(VLOOKUP(C29,[1]NWS_Input!$B$22:$E$32,'Water Demand Criteria'!G$40,FALSE)+VLOOKUP(C29,[1]NWS_Input!$B$22:$E$32,'Water Demand Criteria'!H$40,FALSE))/(VLOOKUP(C29,[1]NWS_Input!$B$8:$E$18,G$40,FALSE)+VLOOKUP(C29,[1]NWS_Input!$B$8:$E$18,H$40,FALSE)) -> 0.3780138 | H29: =G29 -> 0.3780138 | I29: =H29 -> 0.3780138 | J29: =I29 -> 0.3780138 | K29: =J29 -> 0.3780138 | L29: =K29 -> 0.3780138 | M29: =L29 -> 0.3780138 | N29: =M29 -> 0.3780138 | O29: =N29 -> 0.3780138 | ... AG29: =AF29 -> 0.3780138
B30: 03 | C30: Musandam | E30: =(VLOOKUP(C30,[1]NWS_Input!$B$22:$E$32,'Water Demand Criteria'!G$40,FALSE))/VLOOKUP(C30,[1]NWS_Input!$B$8:$E$18,G$40,FALSE) -> 0.30419387 | F30: =VLOOKUP(C30,[1]NWS_Input!$B$22:$E$32,'Water Demand Criteria'!H$40,FALSE)/VLOOKUP(C30,[1]NWS_Input!$B$8:$E$18,H$40,FALSE) -> 0.37158974 | G30: =(VLOOKUP(C30,[1]NWS_Input!$B$22:$E$32,'Water Demand Criteria'!G$40,FALSE)+VLOOKUP(C30,[1]NWS_Input!$B$22:$E$32,'Water Demand Criteria'!H$40,FALSE))/(VLOOKUP(C30,[1]NWS_Input!$B$8:$E$18,G$40,FALSE)+VLOOKUP(C30,[1]NWS_Input!$B$8:$E$18,H$40,FALSE)) -> 0.33850226 | H30: =G30 -> 0.33850226 | I30: =H30 -> 0.33850226 | J30: =I30 -> 0.33850226 | K30: =J30 -> 0.33850226 | L30: =K30 -> 0.33850226 | M30: =L30 -> 0.33850226 | N30: =M30 -> 0.33850226 | O30: =N30 -> 0.33850226 | ... AG30: =AF30 -> 0.33850226
B31: 04 | C31: Al Buraymi | E31: =(VLOOKUP(C31,[1]NWS_Input!$B$22:$E$32,'Water Demand Criteria'!G$40,FALSE))/VLOOKUP(C31,[1]NWS_Input!$B$8:$E$18,G$40,FALSE) -> 0.19459429 | F31: =VLOOKUP(C31,[1]NWS_Input!$B$22:$E$32,'Water Demand Criteria'!H$40,FALSE)/VLOOKUP(C31,[1]NWS_Input!$B$8:$E$18,H$40,FALSE) -> 0.20857725 | G31: =(VLOOKUP(C31,[1]NWS_Input!$B$22:$E$32,'Water Demand Criteria'!G$40,FALSE)+VLOOKUP(C31,[1]NWS_Input!$B$22:$E$32,'Water Demand Criteria'!H$40,FALSE))/(VLOOKUP(C31,[1]NWS_Input!$B$8:$E$18,G$40,FALSE)+VLOOKUP(C31,[1]NWS_Input!$B$8:$E$18,H$40,FALSE)) -> 0.20150375 | H31: =G31 -> 0.20150375 | I31: =H31 -> 0.20150375 | J31: =I31 -> 0.20150375 | K31: =J31 -> 0.20150375 | L31: =K31 -> 0.20150375 | M31: =L31 -> 0.20150375 | N31: =M31 -> 0.20150375 | O31: =N31 -> 0.20150375 | ... AG31: =AF31 -> 0.20150375
B32: 05 | C32: Ad Dakhliyah | E32: =(VLOOKUP(C32,[1]NWS_Input!$B$22:$E$32,'Water Demand Criteria'!G$40,FALSE))/VLOOKUP(C32,[1]NWS_Input!$B$8:$E$18,G$40,FALSE) -> 0.26638083 | F32: =VLOOKUP(C32,[1]NWS_Input!$B$22:$E$32,'Water Demand Criteria'!H$40,FALSE)/VLOOKUP(C32,[1]NWS_Input!$B$8:$E$18,H$40,FALSE) -> 0.32400428 | G32: =(VLOOKUP(C32,[1]NWS_Input!$B$22:$E$32,'Water Demand Criteria'!G$40,FALSE)+VLOOKUP(C32,[1]NWS_Input!$B$22:$E$32,'Water Demand Criteria'!H$40,FALSE))/(VLOOKUP(C32,[1]NWS_Input!$B$8:$E$18,G$40,FALSE)+VLOOKUP(C32,[1]NWS_Input!$B$8:$E$18,H$40,FALSE)) -> 0.29442367 | H32: =G32 -> 0.29442367 | I32: =H32 -> 0.29442367 | J32: =I32 -> 0.29442367 | K32: =J32 -> 0.29442367 | L32: =K32 -> 0.29442367 | M32: =L32 -> 0.29442367 | N32: =M32 -> 0.29442367 | O32: =N32 -> 0.29442367 | ... AG32: =AF32 -> 0.29442367
B33: 06 | C33: Al Batinah North | E33: =(VLOOKUP(C33,[1]NWS_Input!$B$22:$E$32,'Water Demand Criteria'!G$40,FALSE))/VLOOKUP(C33,[1]NWS_Input!$B$8:$E$18,G$40,FALSE) -> 0.11253976 | F33: =VLOOKUP(C33,[1]NWS_Input!$B$22:$E$32,'Water Demand Criteria'!H$40,FALSE)/VLOOKUP(C33,[1]NWS_Input!$B$8:$E$18,H$40,FALSE) -> 0.13392259 | G33: =(VLOOKUP(C33,[1]NWS_Input!$B$22:$E$32,'Water Demand Criteria'!G$40,FALSE)+VLOOKUP(C33,[1]NWS_Input!$B$22:$E$32,'Water Demand Criteria'!H$40,FALSE))/(VLOOKUP(C33,[1]NWS_Input!$B$8:$E$18,G$40,FALSE)+VLOOKUP(C33,[1]NWS_Input!$B$8:$E$18,H$40,FALSE)) -> 0.12283675 | H33: =G33 -> 0.12283675 | I33: =H33 -> 0.12283675 | J33: =I33 -> 0.12283675 | K33: =J33 -> 0.12283675 | L33: =K33 -> 0.12283675 | M33: =L33 -> 0.12283675 | N33: =M33 -> 0.12283675 | O33: =N33 -> 0.12283675 | ... AG33: =AF33 -> 0.12283675
B34: 07 | C34: Al Batinah South | E34: =(VLOOKUP(C34,[1]NWS_Input!$B$22:$E$32,'Water Demand Criteria'!G$40,FALSE))/VLOOKUP(C34,[1]NWS_Input!$B$8:$E$18,G$40,FALSE) -> 0.09578915 | F34: =VLOOKUP(C34,[1]NWS_Input!$B$22:$E$32,'Water Demand Criteria'!H$40,FALSE)/VLOOKUP(C34,[1]NWS_Input!$B$8:$E$18,H$40,FALSE) -> 0.10793851 | G34: =(VLOOKUP(C34,[1]NWS_Input!$B$22:$E$32,'Water Demand Criteria'!G$40,FALSE)+VLOOKUP(C34,[1]NWS_Input!$B$22:$E$32,'Water Demand Criteria'!H$40,FALSE))/(VLOOKUP(C34,[1]NWS_Input!$B$8:$E$18,G$40,FALSE)+VLOOKUP(C34,[1]NWS_Input!$B$8:$E$18,H$40,FALSE)) -> 0.10187936 | H34: =G34 -> 0.10187936 | I34: =H34 -> 0.10187936 | J34: =I34 -> 0.10187936 | K34: =J34 -> 0.10187936 | L34: =K34 -> 0.10187936 | M34: =L34 -> 0.10187936 | N34: =M34 -> 0.10187936 | O34: =N34 -> 0.10187936 | ... AG34: =AF34 -> 0.10187936
B35: 08 | C35: Ash Sharqiyah South | E35: =(VLOOKUP(C35,[1]NWS_Input!$B$22:$E$32,'Water Demand Criteria'!G$40,FALSE))/VLOOKUP(C35,[1]NWS_Input!$B$8:$E$18,G$40,FALSE) -> 0.11400225 | F35: =VLOOKUP(C35,[1]NWS_Input!$B$22:$E$32,'Water Demand Criteria'!H$40,FALSE)/VLOOKUP(C35,[1]NWS_Input!$B$8:$E$18,H$40,FALSE) -> 0.11424541 | G35: =(VLOOKUP(C35,[1]NWS_Input!$B$22:$E$32,'Water Demand Criteria'!G$40,FALSE)+VLOOKUP(C35,[1]NWS_Input!$B$22:$E$32,'Water Demand Criteria'!H$40,FALSE))/(VLOOKUP(C35,[1]NWS_Input!$B$8:$E$18,G$40,FALSE)+VLOOKUP(C35,[1]NWS_Input!$B$8:$E$18,H$40,FALSE)) -> 0.11412311 | H35: =G35 -> 0.11412311 | I35: =H35 -> 0.11412311 | J35: =I35 -> 0.11412311 | K35: =J35 -> 0.11412311 | L35: =K35 -> 0.11412311 | M35: =L35 -> 0.11412311 | N35: =M35 -> 0.11412311 | O35: =N35 -> 0.11412311 | ... AG35: =AF35 -> 0.11412311
B36: 09 | C36: Ash Sharqiyah North | E36: =(VLOOKUP(C36,[1]NWS_Input!$B$22:$E$32,'Water Demand Criteria'!G$40,FALSE))/VLOOKUP(C36,[1]NWS_Input!$B$8:$E$18,G$40,FALSE) -> 0.12663558 | F36: =VLOOKUP(C36,[1]NWS_Input!$B$22:$E$32,'Water Demand Criteria'!H$40,FALSE)/VLOOKUP(C36,[1]NWS_Input!$B$8:$E$18,H$40,FALSE) -> 0.15443678 | G36: =(VLOOKUP(C36,[1]NWS_Input!$B$22:$E$32,'Water Demand Criteria'!G$40,FALSE)+VLOOKUP(C36,[1]NWS_Input!$B$22:$E$32,'Water Demand Criteria'!H$40,FALSE))/(VLOOKUP(C36,[1]NWS_Input!$B$8:$E$18,G$40,FALSE)+VLOOKUP(C36,[1]NWS_Input!$B$8:$E$18,H$40,FALSE)) -> 0.1405812 | H36: =G36 -> 0.1405812 | I36: =H36 -> 0.1405812 | J36: =I36 -> 0.1405812 | K36: =J36 -> 0.1405812 | L36: =K36 -> 0.1405812 | M36: =L36 -> 0.1405812 | N36: =M36 -> 0.1405812 | O36: =N36 -> 0.1405812 | ... AG36: =AF36 -> 0.1405812
B37: 10 | C37: Adh Dhahirah | E37: =(VLOOKUP(C37,[1]NWS_Input!$B$22:$E$32,'Water Demand Criteria'!G$40,FALSE))/VLOOKUP(C37,[1]NWS_Input!$B$8:$E$18,G$40,FALSE) -> 0.13545223 | F37: =VLOOKUP(C37,[1]NWS_Input!$B$22:$E$32,'Water Demand Criteria'!H$40,FALSE)/VLOOKUP(C37,[1]NWS_Input!$B$8:$E$18,H$40,FALSE) -> 0.14481925 | G37: =(VLOOKUP(C37,[1]NWS_Input!$B$22:$E$32,'Water Demand Criteria'!G$40,FALSE)+VLOOKUP(C37,[1]NWS_Input!$B$22:$E$32,'Water Demand Criteria'!H$40,FALSE))/(VLOOKUP(C37,[1]NWS_Input!$B$8:$E$18,G$40,FALSE)+VLOOKUP(C37,[1]NWS_Input!$B$8:$E$18,H$40,FALSE)) -> 0.14013866 | H37: =G37 -> 0.14013866 | I37: =H37 -> 0.14013866 | J37: =I37 -> 0.14013866 | K37: =J37 -> 0.14013866 | L37: =K37 -> 0.14013866 | M37: =L37 -> 0.14013866 | N37: =M37 -> 0.14013866 | O37: =N37 -> 0.14013866 | ... CE37: =CD37 -> 0.14013866
B38: 11 | C38: Al Wusta | E38: =(VLOOKUP(C38,[1]NWS_Input!$B$22:$E$32,'Water Demand Criteria'!G$40,FALSE))/VLOOKUP(C38,[1]NWS_Input!$B$8:$E$18,G$40,FALSE) -> -0.095113148 | F38: =VLOOKUP(C38,[1]NWS_Input!$B$22:$E$32,'Water Demand Criteria'!H$40,FALSE)/VLOOKUP(C38,[1]NWS_Input!$B$8:$E$18,H$40,FALSE) -> 0.20814953 | G38: =VLOOKUP(C38,[1]NWS_Input!$B$22:$E$32,'Water Demand Criteria'!H$40,FALSE)/VLOOKUP(C38,[1]NWS_Input!$B$8:$E$18,H$40,FALSE) -> 0.20814953 | H38: =G38 -> 0.20814953 | I38: =H38 -> 0.20814953 | J38: =I38 -> 0.20814953 | K38: =J38 -> 0.20814953 | L38: =K38 -> 0.20814953 | M38: =L38 -> 0.20814953 | N38: =M38 -> 0.20814953 | O38: =N38 -> 0.20814953 | ... AG38: =AF38 -> 0.20814953
C39: TOTAL NWS | E39: =(VLOOKUP(C39,[1]NWS_Input!$B$22:$E$32,'Water Demand Criteria'!G$40,FALSE))/VLOOKUP(C39,[1]NWS_Input!$B$8:$E$18,G$40,FALSE) -> 0.24917715 | F39: =VLOOKUP(C39,[1]NWS_Input!$B$22:$E$32,'Water Demand Criteria'!H$40,FALSE)/VLOOKUP(C39,[1]NWS_Input!$B$8:$E$18,H$40,FALSE) -> 0.27259815 | G39: =(VLOOKUP(C39,[1]NWS_Input!$B$22:$E$32,'Water Demand Criteria'!G$40,FALSE)+VLOOKUP(C39,[1]NWS_Input!$B$22:$E$32,'Water Demand Criteria'!H$40,FALSE))/(VLOOKUP(C39,[1]NWS_Input!$B$8:$E$18,G$40,FALSE)+VLOOKUP(C39,[1]NWS_Input!$B$8:$E$18,H$40,FALSE)) -> 0.26088576 | H39: =G39 -> 0.26088576 | I39: =H39 -> 0.26088576 | J39: =I39 -> 0.26088576 | K39: =J39 -> 0.26088576 | L39: =K39 -> 0.26088576 | M39: =L39 -> 0.26088576 | N39: =M39 -> 0.26088576 | O39: =N39 -> 0.26088576 | ... AG39: =AF39 -> 0.26088576
C40: INDEX Dom Consumption & Gov Consumption | G40: 3 | H40: 4 | I40: 5 | J40: 6 | K40: 7 | L40: 8 | M40: 9 | N40: 10 | O40: 11 | P40: 12 | Q40: 13 | R40: 14 | S40: 15 | T40: 16 | U40: 17 | V40: 18 | W40: 19 | X40: 20 | Y40: 21 | Z40: 22 | AA40: 23 | AB40: 24 | AC40: 25 | AD40: 26 | AE40: 27 | AF40: 28 | AG40: 29
B44: Non-Domestic Ratio | E44: 2022-2023 : ND consumption(year) / Dom consumption(year) | M44: (Al Wusta is calculated only on 2023 because of negative data in 2022)
E45: 2024 : ∑ND consumption(22-23) / ∑Dom consumption(22-23) | M45: 2025 - 2050 : [Fixed in Time]
B47: Gov_Code | C47: Governorate | D47: 2021 | E47: 2022 | F47: 2023 | G47: 2024 | H47: 2025 | I47: 2026 | J47: 2027 | K47: 2028 | L47: 2029 | M47: 2030 | N47: 2031 | O47: 2032 | P47: 2033 | Q47: 2034 | R47: 2035 | S47: 2036 | T47: 2037 | U47: 2038 | V47: 2039 | W47: 2040 | X47: 2041 | Y47: 2042 | Z47: 2043 | AA47: 2044 | AB47: 2045 | AC47: 2046 | AD47: 2047 | AE47: 2048 | AF47: 2049 | AG47: 2050 | AH47: 2051 | AI47: 2052 | AJ47: 2053 | AK47: 2054 | AL47: 2055 | AM47: 2056 | AN47: 2057 | AO47: 2058 | AP47: 2059 | AQ47: 2060 | AR47: 2061 | AS47: 2062 | AT47: 2063 | AU47: 2064 | AV47: 2065 | AW47: 2066 | AX47: 2067 | AY47: 2068 | AZ47: 2069 | BA47: 2070 | BB47: 2071 | BC47: 2072 | BD47: 2073 | BE47: 2074 | BF47: 2075 | BG47: 2076 | BH47: 2077 | BI47: 2078 | BJ47: 2079 | BK47: 2080 | BL47: 2081 | BM47: 2082 | BN47: 2083 | BO47: 2084 | BP47: 2085 | BQ47: 2086 | BR47: 2087 | BS47: 2088 | BT47: 2089 | BU47: 2090 | BV47: 2091 | BW47: 2092 | BX47: 2093 | BY47: 2094 | BZ47: 2095 | CA47: 2096 | CB47: 2097 | CC47: 2098 | CD47: 2099 | CE47: 2100
B48: 01 | C48: Muscat | E48: =VLOOKUP(C48,[1]NWS_Input!$B$36:$E$46,G$59,FALSE)/VLOOKUP(C48,[1]NWS_Input!$B$8:$E$18,G$59,FALSE) -> 0.22296673 | F48: =VLOOKUP(C48,[1]NWS_Input!$B$36:$E$46,'Water Demand Criteria'!H$59,FALSE)/VLOOKUP(C48,[1]NWS_Input!$B$8:$E$18,H$59,FALSE) -> 0.2325532 | G48: =(VLOOKUP(C48,[1]NWS_Input!$B$36:$E$46,G$59,FALSE)+VLOOKUP(C48,[1]NWS_Input!$B$36:$E$46,'Water Demand Criteria'!H$59,FALSE))/(VLOOKUP(C48,[1]NWS_Input!$B$8:$E$18,G$59,FALSE)+VLOOKUP(C48,[1]NWS_Input!$B$8:$E$18,H$59,FALSE)) -> 0.22784329 | H48: =G48 -> 0.22784329 | I48: =H48 -> 0.22784329 | J48: =I48 -> 0.22784329 | K48: =J48 -> 0.22784329 | L48: =K48 -> 0.22784329 | M48: =L48 -> 0.22784329 | N48: =M48 -> 0.22784329 | O48: =N48 -> 0.22784329 | ... AG48: =AF48 -> 0.22784329
B49: 03 | C49: Musandam | E49: =VLOOKUP(C49,[1]NWS_Input!$B$36:$E$46,G$59,FALSE)/VLOOKUP(C49,[1]NWS_Input!$B$8:$E$18,G$59,FALSE) -> 0.13991413 | F49: =VLOOKUP(C49,[1]NWS_Input!$B$36:$E$46,'Water Demand Criteria'!H$59,FALSE)/VLOOKUP(C49,[1]NWS_Input!$B$8:$E$18,H$59,FALSE) -> 0.11650315 | G49: =(VLOOKUP(C49,[1]NWS_Input!$B$36:$E$46,G$59,FALSE)+VLOOKUP(C49,[1]NWS_Input!$B$36:$E$46,'Water Demand Criteria'!H$59,FALSE))/(VLOOKUP(C49,[1]NWS_Input!$B$8:$E$18,G$59,FALSE)+VLOOKUP(C49,[1]NWS_Input!$B$8:$E$18,H$59,FALSE)) -> 0.12799659 | H49: =G49 -> 0.12799659 | I49: =H49 -> 0.12799659 | J49: =I49 -> 0.12799659 | K49: =J49 -> 0.12799659 | L49: =K49 -> 0.12799659 | M49: =L49 -> 0.12799659 | N49: =M49 -> 0.12799659 | O49: =N49 -> 0.12799659 | ... AG49: =AF49 -> 0.12799659
B50: 04 | C50: Al Buraymi | E50: =VLOOKUP(C50,[1]NWS_Input!$B$36:$E$46,G$59,FALSE)/VLOOKUP(C50,[1]NWS_Input!$B$8:$E$18,G$59,FALSE) -> 0.16276111 | F50: =VLOOKUP(C50,[1]NWS_Input!$B$36:$E$46,'Water Demand Criteria'!H$59,FALSE)/VLOOKUP(C50,[1]NWS_Input!$B$8:$E$18,H$59,FALSE) -> 0.14473363 | G50: =(VLOOKUP(C50,[1]NWS_Input!$B$36:$E$46,G$59,FALSE)+VLOOKUP(C50,[1]NWS_Input!$B$36:$E$46,'Water Demand Criteria'!H$59,FALSE))/(VLOOKUP(C50,[1]NWS_Input!$B$8:$E$18,G$59,FALSE)+VLOOKUP(C50,[1]NWS_Input!$B$8:$E$18,H$59,FALSE)) -> 0.15385313 | H50: =G50 -> 0.15385313 | I50: =H50 -> 0.15385313 | J50: =I50 -> 0.15385313 | K50: =J50 -> 0.15385313 | L50: =K50 -> 0.15385313 | M50: =L50 -> 0.15385313 | N50: =M50 -> 0.15385313 | O50: =N50 -> 0.15385313 | ... AG50: =AF50 -> 0.15385313
B51: 05 | C51: Ad Dakhliyah | E51: =VLOOKUP(C51,[1]NWS_Input!$B$36:$E$46,G$59,FALSE)/VLOOKUP(C51,[1]NWS_Input!$B$8:$E$18,G$59,FALSE) -> 0.074175093 | F51: =VLOOKUP(C51,[1]NWS_Input!$B$36:$E$46,'Water Demand Criteria'!H$59,FALSE)/VLOOKUP(C51,[1]NWS_Input!$B$8:$E$18,H$59,FALSE) -> 0.072348984 | G51: =(VLOOKUP(C51,[1]NWS_Input!$B$36:$E$46,G$59,FALSE)+VLOOKUP(C51,[1]NWS_Input!$B$36:$E$46,'Water Demand Criteria'!H$59,FALSE))/(VLOOKUP(C51,[1]NWS_Input!$B$8:$E$18,G$59,FALSE)+VLOOKUP(C51,[1]NWS_Input!$B$8:$E$18,H$59,FALSE)) -> 0.073286405 | H51: =G51 -> 0.073286405 | I51: =H51 -> 0.073286405 | J51: =I51 -> 0.073286405 | K51: =J51 -> 0.073286405 | L51: =K51 -> 0.073286405 | M51: =L51 -> 0.073286405 | N51: =M51 -> 0.073286405 | O51: =N51 -> 0.073286405 | ... AG51: =AF51 -> 0.073286405
B52: 06 | C52: Al Batinah North | E52: =VLOOKUP(C52,[1]NWS_Input!$B$36:$E$46,G$59,FALSE)/VLOOKUP(C52,[1]NWS_Input!$B$8:$E$18,G$59,FALSE) -> 0.31030895 | F52: =VLOOKUP(C52,[1]NWS_Input!$B$36:$E$46,'Water Demand Criteria'!H$59,FALSE)/VLOOKUP(C52,[1]NWS_Input!$B$8:$E$18,H$59,FALSE) -> 0.12260226 | G52: =(VLOOKUP(C52,[1]NWS_Input!$B$36:$E$46,G$59,FALSE)+VLOOKUP(C52,[1]NWS_Input!$B$36:$E$46,'Water Demand Criteria'!H$59,FALSE))/(VLOOKUP(C52,[1]NWS_Input!$B$8:$E$18,G$59,FALSE)+VLOOKUP(C52,[1]NWS_Input!$B$8:$E$18,H$59,FALSE)) -> 0.21991801 | H52: =G52 -> 0.21991801 | I52: =H52 -> 0.21991801 | J52: =I52 -> 0.21991801 | K52: =J52 -> 0.21991801 | L52: =K52 -> 0.21991801 | M52: =L52 -> 0.21991801 | N52: =M52 -> 0.21991801 | O52: =N52 -> 0.21991801 | ... AG52: =AF52 -> 0.21991801
B53: 07 | C53: Al Batinah South | E53: =VLOOKUP(C53,[1]NWS_Input!$B$36:$E$46,G$59,FALSE)/VLOOKUP(C53,[1]NWS_Input!$B$8:$E$18,G$59,FALSE) -> 0.069226125 | F53: =VLOOKUP(C53,[1]NWS_Input!$B$36:$E$46,'Water Demand Criteria'!H$59,FALSE)/VLOOKUP(C53,[1]NWS_Input!$B$8:$E$18,H$59,FALSE) -> 0.10991476 | G53: =(VLOOKUP(C53,[1]NWS_Input!$B$36:$E$46,G$59,FALSE)+VLOOKUP(C53,[1]NWS_Input!$B$36:$E$46,'Water Demand Criteria'!H$59,FALSE))/(VLOOKUP(C53,[1]NWS_Input!$B$8:$E$18,G$59,FALSE)+VLOOKUP(C53,[1]NWS_Input!$B$8:$E$18,H$59,FALSE)) -> 0.089622466 | H53: =G53 -> 0.089622466 | I53: =H53 -> 0.089622466 | J53: =I53 -> 0.089622466 | K53: =J53 -> 0.089622466 | L53: =K53 -> 0.089622466 | M53: =L53 -> 0.089622466 | N53: =M53 -> 0.089622466 | O53: =N53 -> 0.089622466 | ... AG53: =AF53 -> 0.089622466
B54: 08 | C54: Ash Sharqiyah South | E54: =VLOOKUP(C54,[1]NWS_Input!$B$36:$E$46,G$59,FALSE)/VLOOKUP(C54,[1]NWS_Input!$B$8:$E$18,G$59,FALSE) -> 0.11711084 | F54: =VLOOKUP(C54,[1]NWS_Input!$B$36:$E$46,'Water Demand Criteria'!H$59,FALSE)/VLOOKUP(C54,[1]NWS_Input!$B$8:$E$18,H$59,FALSE) -> 0.097495352 | G54: =(VLOOKUP(C54,[1]NWS_Input!$B$36:$E$46,G$59,FALSE)+VLOOKUP(C54,[1]NWS_Input!$B$36:$E$46,'Water Demand Criteria'!H$59,FALSE))/(VLOOKUP(C54,[1]NWS_Input!$B$8:$E$18,G$59,FALSE)+VLOOKUP(C54,[1]NWS_Input!$B$8:$E$18,H$59,FALSE)) -> 0.10736114 | H54: =G54 -> 0.10736114 | I54: =H54 -> 0.10736114 | J54: =I54 -> 0.10736114 | K54: =J54 -> 0.10736114 | L54: =K54 -> 0.10736114 | M54: =L54 -> 0.10736114 | N54: =M54 -> 0.10736114 | O54: =N54 -> 0.10736114 | ... AG54: =AF54 -> 0.10736114
B55: 09 | C55: Ash Sharqiyah North | E55: =VLOOKUP(C55,[1]NWS_Input!$B$36:$E$46,G$59,FALSE)/VLOOKUP(C55,[1]NWS_Input!$B$8:$E$18,G$59,FALSE) -> 0.045603309 | F55: =VLOOKUP(C55,[1]NWS_Input!$B$36:$E$46,'Water Demand Criteria'!H$59,FALSE)/VLOOKUP(C55,[1]NWS_Input!$B$8:$E$18,H$59,FALSE) -> 0.043198017 | G55: =(VLOOKUP(C55,[1]NWS_Input!$B$36:$E$46,G$59,FALSE)+VLOOKUP(C55,[1]NWS_Input!$B$36:$E$46,'Water Demand Criteria'!H$59,FALSE))/(VLOOKUP(C55,[1]NWS_Input!$B$8:$E$18,G$59,FALSE)+VLOOKUP(C55,[1]NWS_Input!$B$8:$E$18,H$59,FALSE)) -> 0.044396768 | H55: =G55 -> 0.044396768 | I55: =H55 -> 0.044396768 | J55: =I55 -> 0.044396768 | K55: =J55 -> 0.044396768 | L55: =K55 -> 0.044396768 | M55: =L55 -> 0.044396768 | N55: =M55 -> 0.044396768 | O55: =N55 -> 0.044396768 | ... AG55: =AF55 -> 0.044396768
B56: 10 | C56: Adh Dhahirah | E56: =VLOOKUP(C56,[1]NWS_Input!$B$36:$E$46,G$59,FALSE)/VLOOKUP(C56,[1]NWS_Input!$B$8:$E$18,G$59,FALSE) -> 0.19884135 | F56: =VLOOKUP(C56,[1]NWS_Input!$B$36:$E$46,'Water Demand Criteria'!H$59,FALSE)/VLOOKUP(C56,[1]NWS_Input!$B$8:$E$18,H$59,FALSE) -> 0.23732057 | G56: =(VLOOKUP(C56,[1]NWS_Input!$B$36:$E$46,G$59,FALSE)+VLOOKUP(C56,[1]NWS_Input!$B$36:$E$46,'Water Demand Criteria'!H$59,FALSE))/(VLOOKUP(C56,[1]NWS_Input!$B$8:$E$18,G$59,FALSE)+VLOOKUP(C56,[1]NWS_Input!$B$8:$E$18,H$59,FALSE)) -> 0.21809297 | H56: =G56 -> 0.21809297 | I56: =H56 -> 0.21809297 | J56: =I56 -> 0.21809297 | K56: =J56 -> 0.21809297 | L56: =K56 -> 0.21809297 | M56: =L56 -> 0.21809297 | N56: =M56 -> 0.21809297 | O56: =N56 -> 0.21809297 | ... CE56: =CD56 -> 0.21809297
B57: 11 | C57: Al Wusta | E57: =VLOOKUP(C57,[1]NWS_Input!$B$36:$E$46,G$59,FALSE)/VLOOKUP(C57,[1]NWS_Input!$B$8:$E$18,G$59,FALSE) -> -0.26240049 | F57: =VLOOKUP(C57,[1]NWS_Input!$B$36:$E$46,'Water Demand Criteria'!H$59,FALSE)/VLOOKUP(C57,[1]NWS_Input!$B$8:$E$18,H$59,FALSE) -> 0.10892246 | G57: =VLOOKUP(C57,[1]NWS_Input!$B$36:$E$46,H$59,FALSE)/VLOOKUP(C57,[1]NWS_Input!$B$8:$E$18,H$59,FALSE) -> 0.10892246 | H57: =G57 -> 0.10892246 | I57: =H57 -> 0.10892246 | J57: =I57 -> 0.10892246 | K57: =J57 -> 0.10892246 | L57: =K57 -> 0.10892246 | M57: =L57 -> 0.10892246 | N57: =M57 -> 0.10892246 | O57: =N57 -> 0.10892246 | ... AG57: =AF57 -> 0.10892246
C58: TOTAL NWS | E58: =VLOOKUP(C58,[1]NWS_Input!$B$36:$E$46,G$59,FALSE)/VLOOKUP(C58,[1]NWS_Input!$B$8:$E$18,G$59,FALSE) -> 0.18595209 | F58: =VLOOKUP(C58,[1]NWS_Input!$B$36:$E$46,'Water Demand Criteria'!H$59,FALSE)/VLOOKUP(C58,[1]NWS_Input!$B$8:$E$18,H$59,FALSE) -> 0.16757155 | G58: =(VLOOKUP(C58,[1]NWS_Input!$B$22:$E$32,G$59,FALSE)+VLOOKUP(C58,[1]NWS_Input!$B$22:$E$32,H$59,FALSE))/(VLOOKUP(C58,[1]NWS_Input!$B$8:$E$18,G$59,FALSE)+VLOOKUP(C58,[1]NWS_Input!$B$8:$E$18,H$59,FALSE)) -> 0.26088576 | H58: =G58 -> 0.26088576 | I58: =H58 -> 0.26088576 | J58: =I58 -> 0.26088576 | K58: =J58 -> 0.26088576 | L58: =K58 -> 0.26088576 | M58: =L58 -> 0.26088576 | N58: =M58 -> 0.26088576 | O58: =N58 -> 0.26088576 | ... AG58: =AF58 -> 0.26088576
C59: INDEX Dom Consumption & Gov Consumption | G59: 3 | H59: 4 | I59: 5 | J59: 6 | K59: 7 | L59: 8 | M59: 9 | N59: 10 | O59: 11 | P59: 12 | Q59: 13 | R59: 14 | S59: 15 | T59: 16 | U59: 17 | V59: 18 | W59: 19 | X59: 20 | Y59: 21 | Z59: 22 | AA59: 23 | AB59: 24 | AC59: 25 | AD59: 26 | AE59: 27 | AF59: 28 | AG59: 29
B63: Connection Ratio | E63: 2021 - 2023: Connected Pop / Total Pop * | M63: 2025 - 2034 : Connection Ratio(year-1) + Annual increase | U63: Annual Increase: Calculation of yearly objective to reach targeted date 2035
E64: 2024 : Connection Ratio 2023 + Average Increase (22/23 & 21/22)** | M64: 2035 : To Ajust | U64: 2036 - 2050 : [Fixed in Time]
B66: Gov_Code | C66: Governorate | D66: 2021 | E66: 2022 | F66: 2023 | G66: 2024 | H66: 2025 | I66: 2026 | J66: 2027 | K66: 2028 | L66: 2029 | M66: 2030 | N66: 2031 | O66: 2032 | P66: 2033 | Q66: 2034 | R66: 2035 | S66: 2036 | T66: 2037 | U66: 2038 | V66: 2039 | W66: 2040 | X66: 2041 | Y66: 2042 | Z66: 2043 | AA66: 2044 | AB66: 2045 | AC66: 2046 | AD66: 2047 | AE66: 2048 | AF66: 2049 | AG66: 2050 | AI66: To meet 2035
B67: 01 | C67: Muscat | D67: =VLOOKUP($C67,[1]NWS_Input!$B$51:$E$61,D$77,FALSE)*VLOOKUP($C67,[1]Pop_Wilayat!$B$78:$F$88,D$78,FALSE)/VLOOKUP($C67,[1]Pop_Wilayat!$C$60:$F$70,D$77,FALSE) -> 0.85422152 | E67: =VLOOKUP($C67,[1]NWS_Input!$B$51:$E$61,E$77,FALSE)*VLOOKUP($C67,[1]Pop_Wilayat!$B$78:$F$88,E$78,FALSE)/VLOOKUP($C67,[1]Pop_Wilayat!$C$60:$F$70,E$77,FALSE) -> 0.87833221 | F67: =VLOOKUP($C67,[1]NWS_Input!$B$51:$E$61,F$77,FALSE)*VLOOKUP($C67,[1]Pop_Wilayat!$B$78:$F$88,F$78,FALSE)/VLOOKUP($C67,[1]Pop_Wilayat!$C$60:$F$70,F$77,FALSE) -> 0.88694361 | G67: =F67+(((F67-E67)+(E67-D67))/2) -> 0.90330466 | H67: =G67+$AI67 -> 0.90482242 | I67: =H67+$AI67 -> 0.90634017 | J67: =I67+$AI67 -> 0.90785793 | K67: =J67+$AI67 -> 0.90937569 | L67: =K67+$AI67 -> 0.91089345 | M67: =L67+$AI67 -> 0.91241121 | N67: =M67+$AI67 -> 0.91392897 | O67: =N67+$AI67 -> 0.91544672 | ... Q67: =P67+$AI67 -> 0.91848224 | R67: 0.92 | S67: =R67 -> 0.92 | T67: =S67 -> 0.92 | U67: =T67 -> 0.92 | V67: =U67 -> 0.92 | W67: =V67 -> 0.92 | X67: =W67 -> 0.92 | Y67: =X67 -> 0.92 | Z67: =Y67 -> 0.92 | ... AG67: =AF67 -> 0.92 | AI67: =($R67-G67)/(R$66-G$66) -> 0.0015177584
B68: 03 | C68: Musandam | D68: =VLOOKUP($C68,[1]NWS_Input!$B$51:$E$61,D$77,FALSE)*VLOOKUP($C68,[1]Pop_Wilayat!$B$78:$F$88,D$78,FALSE)/VLOOKUP($C68,[1]Pop_Wilayat!$C$60:$F$70,D$77,FALSE) -> 0.75451606 | E68: =VLOOKUP($C68,[1]NWS_Input!$B$51:$E$61,E$77,FALSE)*VLOOKUP($C68,[1]Pop_Wilayat!$B$78:$F$88,E$78,FALSE)/VLOOKUP($C68,[1]Pop_Wilayat!$C$60:$F$70,E$77,FALSE) -> 0.78911287 | F68: =VLOOKUP($C68,[1]NWS_Input!$B$51:$E$61,F$77,FALSE)*VLOOKUP($C68,[1]Pop_Wilayat!$B$78:$F$88,F$78,FALSE)/VLOOKUP($C68,[1]Pop_Wilayat!$C$60:$F$70,F$77,FALSE) -> 0.81858841 | G68: =F68+(((F68-E68)+(E68-D68))/2) -> 0.85062459 | H68: =G68+$AI68 -> 0.85511326 | I68: =H68+$AI68 -> 0.85960194 | J68: =I68+$AI68 -> 0.86409061 | K68: =J68+$AI68 -> 0.86857928 | L68: =K68+$AI68 -> 0.87306796 | M68: =L68+$AI68 -> 0.87755663 | N68: =M68+$AI68 -> 0.8820453 | O68: =N68+$AI68 -> 0.88653398 | ... Q68: =P68+$AI68 -> 0.89551133 | R68: 0.9 | S68: =R68 -> 0.9 | T68: =S68 -> 0.9 | U68: =T68 -> 0.9 | V68: =U68 -> 0.9 | W68: =V68 -> 0.9 | X68: =W68 -> 0.9 | Y68: =X68 -> 0.9 | Z68: =Y68 -> 0.9 | ... AG68: =AF68 -> 0.9 | AI68: =($R68-G68)/(R$66-G$66) -> 0.0044886739
B69: 04 | C69: Al Buraymi | D69: =VLOOKUP($C69,[1]NWS_Input!$B$51:$E$61,D$77,FALSE)*VLOOKUP($C69,[1]Pop_Wilayat!$B$78:$F$88,D$78,FALSE)/VLOOKUP($C69,[1]Pop_Wilayat!$C$60:$F$70,D$77,FALSE) -> 0.67095343 | E69: =VLOOKUP($C69,[1]NWS_Input!$B$51:$E$61,E$77,FALSE)*VLOOKUP($C69,[1]Pop_Wilayat!$B$78:$F$88,E$78,FALSE)/VLOOKUP($C69,[1]Pop_Wilayat!$C$60:$F$70,E$77,FALSE) -> 0.67755807 | F69: =VLOOKUP($C69,[1]NWS_Input!$B$51:$E$61,F$77,FALSE)*VLOOKUP($C69,[1]Pop_Wilayat!$B$78:$F$88,F$78,FALSE)/VLOOKUP($C69,[1]Pop_Wilayat!$C$60:$F$70,F$77,FALSE) -> 0.69062853 | G69: =F69+(((F69-E69)+(E69-D69))/2) -> 0.70046608 | H69: =G69+$AI69 -> 0.71406007 | I69: =H69+$AI69 -> 0.72765407 | J69: =I69+$AI69 -> 0.74124806 | K69: =J69+$AI69 -> 0.75484205 | L69: =K69+$AI69 -> 0.76843604 | M69: =L69+$AI69 -> 0.78203004 | N69: =M69+$AI69 -> 0.79562403 | O69: =N69+$AI69 -> 0.80921802 | ... Q69: =P69+$AI69 -> 0.83640601 | R69: 0.85 | S69: =R69 -> 0.85 | T69: =S69 -> 0.85 | U69: =T69 -> 0.85 | V69: =U69 -> 0.85 | W69: =V69 -> 0.85 | X69: =W69 -> 0.85 | Y69: =X69 -> 0.85 | Z69: =Y69 -> 0.85 | ... AG69: =AF69 -> 0.85 | AI69: =($R69-G69)/(R$66-G$66) -> 0.013593993
B70: 05 | C70: Ad Dakhliyah | D70: =VLOOKUP($C70,[1]NWS_Input!$B$51:$E$61,D$77,FALSE)*VLOOKUP($C70,[1]Pop_Wilayat!$B$78:$F$88,D$78,FALSE)/VLOOKUP($C70,[1]Pop_Wilayat!$C$60:$F$70,D$77,FALSE) -> 0.56051755 | E70: =VLOOKUP($C70,[1]NWS_Input!$B$51:$E$61,E$77,FALSE)*VLOOKUP($C70,[1]Pop_Wilayat!$B$78:$F$88,E$78,FALSE)/VLOOKUP($C70,[1]Pop_Wilayat!$C$60:$F$70,E$77,FALSE) -> 0.60756052 | F70: =VLOOKUP($C70,[1]NWS_Input!$B$51:$E$61,F$77,FALSE)*VLOOKUP($C70,[1]Pop_Wilayat!$B$78:$F$88,F$78,FALSE)/VLOOKUP($C70,[1]Pop_Wilayat!$C$60:$F$70,F$77,FALSE) -> 0.621382 | G70: =F70+(((F70-E70)+(E70-D70))/2) -> 0.65181423 | H70: =G70+$AI70 -> 0.66983112 | I70: =H70+$AI70 -> 0.68784801 | J70: =I70+$AI70 -> 0.70586489 | K70: =J70+$AI70 -> 0.72388178 | L70: =K70+$AI70 -> 0.74189867 | M70: =L70+$AI70 -> 0.75991556 | N70: =M70+$AI70 -> 0.77793245 | O70: =N70+$AI70 -> 0.79594934 | ... Q70: =P70+$AI70 -> 0.83198311 | R70: 0.85 | S70: =R70 -> 0.85 | T70: =S70 -> 0.85 | U70: =T70 -> 0.85 | V70: =U70 -> 0.85 | W70: =V70 -> 0.85 | X70: =W70 -> 0.85 | Y70: =X70 -> 0.85 | Z70: =Y70 -> 0.85 | ... AG70: =AF70 -> 0.85 | AI70: =($R70-G70)/(R$66-G$66) -> 0.018016888
B71: 06 | C71: Al Batinah North | D71: =VLOOKUP($C71,[1]NWS_Input!$B$51:$E$61,D$77,FALSE)*VLOOKUP($C71,[1]Pop_Wilayat!$B$78:$F$88,D$78,FALSE)/VLOOKUP($C71,[1]Pop_Wilayat!$C$60:$F$70,D$77,FALSE) -> 0.58967336 | E71: =VLOOKUP($C71,[1]NWS_Input!$B$51:$E$61,E$77,FALSE)*VLOOKUP($C71,[1]Pop_Wilayat!$B$78:$F$88,E$78,FALSE)/VLOOKUP($C71,[1]Pop_Wilayat!$C$60:$F$70,E$77,FALSE) -> 0.61422849 | F71: =VLOOKUP($C71,[1]NWS_Input!$B$51:$E$61,F$77,FALSE)*VLOOKUP($C71,[1]Pop_Wilayat!$B$78:$F$88,F$78,FALSE)/VLOOKUP($C71,[1]Pop_Wilayat!$C$60:$F$70,F$77,FALSE) -> 0.6177057 | G71: =F71+(((F71-E71)+(E71-D71))/2) -> 0.63172186 | H71: =G71+$AI71 -> 0.65792897 | I71: =H71+$AI71 -> 0.68413607 | J71: =I71+$AI71 -> 0.71034317 | K71: =J71+$AI71 -> 0.73655028 | L71: =K71+$AI71 -> 0.76275738 | M71: =L71+$AI71 -> 0.78896448 | N71: =M71+$AI71 -> 0.81517159 | O71: =N71+$AI71 -> 0.84137869 | ... Q71: =P71+$AI71 -> 0.8937929 | R71: 0.92 | S71: =R71 -> 0.92 | T71: =S71 -> 0.92 | U71: =T71 -> 0.92 | V71: =U71 -> 0.92 | W71: =V71 -> 0.92 | X71: =W71 -> 0.92 | Y71: =X71 -> 0.92 | Z71: =Y71 -> 0.92 | ... AG71: =AF71 -> 0.92 | AI71: =($R71-G71)/(R$66-G$66) -> 0.026207103
B72: 07 | C72: Al Batinah South | D72: =VLOOKUP($C72,[1]NWS_Input!$B$51:$E$61,D$77,FALSE)*VLOOKUP($C72,[1]Pop_Wilayat!$B$78:$F$88,D$78,FALSE)/VLOOKUP($C72,[1]Pop_Wilayat!$C$60:$F$70,D$77,FALSE) -> 0.5509258 | E72: =VLOOKUP($C72,[1]NWS_Input!$B$51:$E$61,E$77,FALSE)*VLOOKUP($C72,[1]Pop_Wilayat!$B$78:$F$88,E$78,FALSE)/VLOOKUP($C72,[1]Pop_Wilayat!$C$60:$F$70,E$77,FALSE) -> 0.59392946 | F72: =VLOOKUP($C72,[1]NWS_Input!$B$51:$E$61,F$77,FALSE)*VLOOKUP($C72,[1]Pop_Wilayat!$B$78:$F$88,F$78,FALSE)/VLOOKUP($C72,[1]Pop_Wilayat!$C$60:$F$70,F$77,FALSE) -> 0.61969859 | G72: =F72+(((F72-E72)+(E72-D72))/2) -> 0.65408498 | H72: =G72+$AI72 -> 0.67825907 | I72: =H72+$AI72 -> 0.70243316 | J72: =I72+$AI72 -> 0.72660726 | K72: =J72+$AI72 -> 0.75078135 | L72: =K72+$AI72 -> 0.77495544 | M72: =L72+$AI72 -> 0.79912954 | N72: =M72+$AI72 -> 0.82330363 | O72: =N72+$AI72 -> 0.84747772 | ... Q72: =P72+$AI72 -> 0.89582591 | R72: 0.92 | S72: =R72 -> 0.92 | T72: =S72 -> 0.92 | U72: =T72 -> 0.92 | V72: =U72 -> 0.92 | W72: =V72 -> 0.92 | X72: =W72 -> 0.92 | Y72: =X72 -> 0.92 | Z72: =Y72 -> 0.92 | ... AG72: =AF72 -> 0.92 | AI72: =($R72-G72)/(R$66-G$66) -> 0.024174093
B73: 08 | C73: Ash Sharqiyah South | D73: =VLOOKUP($C73,[1]NWS_Input!$B$51:$E$61,D$77,FALSE)*VLOOKUP($C73,[1]Pop_Wilayat!$B$78:$F$88,D$78,FALSE)/VLOOKUP($C73,[1]Pop_Wilayat!$C$60:$F$70,D$77,FALSE) -> 0.72998505 | E73: =VLOOKUP($C73,[1]NWS_Input!$B$51:$E$61,E$77,FALSE)*VLOOKUP($C73,[1]Pop_Wilayat!$B$78:$F$88,E$78,FALSE)/VLOOKUP($C73,[1]Pop_Wilayat!$C$60:$F$70,E$77,FALSE) -> 0.77214161 | F73: =VLOOKUP($C73,[1]NWS_Input!$B$51:$E$61,F$77,FALSE)*VLOOKUP($C73,[1]Pop_Wilayat!$B$78:$F$88,F$78,FALSE)/VLOOKUP($C73,[1]Pop_Wilayat!$C$60:$F$70,F$77,FALSE) -> 0.80201059 | G73: =F73+(((F73-E73)+(E73-D73))/2) -> 0.83802336 | H73: =G73+$AI73 -> 0.84547578 | I73: =H73+$AI73 -> 0.8529282 | J73: =I73+$AI73 -> 0.86038063 | K73: =J73+$AI73 -> 0.86783305 | L73: =K73+$AI73 -> 0.87528547 | M73: =L73+$AI73 -> 0.88273789 | N73: =M73+$AI73 -> 0.89019031 | O73: =N73+$AI73 -> 0.89764273 | ... Q73: =P73+$AI73 -> 0.91254758 | R73: 0.92 | S73: =R73 -> 0.92 | T73: =S73 -> 0.92 | U73: =T73 -> 0.92 | V73: =U73 -> 0.92 | W73: =V73 -> 0.92 | X73: =W73 -> 0.92 | Y73: =X73 -> 0.92 | Z73: =Y73 -> 0.92 | ... AG73: =AF73 -> 0.92 | AI73: =($R73-G73)/(R$66-G$66) -> 0.0074524218
B74: 09 | C74: Ash Sharqiyah North | D74: =VLOOKUP($C74,[1]NWS_Input!$B$51:$E$61,D$77,FALSE)*VLOOKUP($C74,[1]Pop_Wilayat!$B$78:$F$88,D$78,FALSE)/VLOOKUP($C74,[1]Pop_Wilayat!$C$60:$F$70,D$77,FALSE) -> 0.32546273 | E74: =VLOOKUP($C74,[1]NWS_Input!$B$51:$E$61,E$77,FALSE)*VLOOKUP($C74,[1]Pop_Wilayat!$B$78:$F$88,E$78,FALSE)/VLOOKUP($C74,[1]Pop_Wilayat!$C$60:$F$70,E$77,FALSE) -> 0.40546173 | F74: =VLOOKUP($C74,[1]NWS_Input!$B$51:$E$61,F$77,FALSE)*VLOOKUP($C74,[1]Pop_Wilayat!$B$78:$F$88,F$78,FALSE)/VLOOKUP($C74,[1]Pop_Wilayat!$C$60:$F$70,F$77,FALSE) -> 0.42456277 | G74: =F74+(((F74-E74)+(E74-D74))/2) -> 0.4741128 | H74: =G74+$AI74 -> 0.50373891 | I74: =H74+$AI74 -> 0.53336502 | J74: =I74+$AI74 -> 0.56299113 | K74: =J74+$AI74 -> 0.59261724 | L74: =K74+$AI74 -> 0.62224334 | M74: =L74+$AI74 -> 0.65186945 | N74: =M74+$AI74 -> 0.68149556 | O74: =N74+$AI74 -> 0.71112167 | ... Q74: =P74+$AI74 -> 0.77037389 | R74: 0.8 | S74: =R74 -> 0.8 | T74: =S74 -> 0.8 | U74: =T74 -> 0.8 | V74: =U74 -> 0.8 | W74: =V74 -> 0.8 | X74: =W74 -> 0.8 | Y74: =X74 -> 0.8 | Z74: =Y74 -> 0.8 | ... AG74: =AF74 -> 0.8 | AI74: =($R74-G74)/(R$66-G$66) -> 0.029626109
B75: 10 | C75: Adh Dhahirah | D75: =VLOOKUP($C75,[1]NWS_Input!$B$51:$E$61,D$77,FALSE)*VLOOKUP($C75,[1]Pop_Wilayat!$B$78:$F$88,D$78,FALSE)/VLOOKUP($C75,[1]Pop_Wilayat!$C$60:$F$70,D$77,FALSE) -> 0.46677996 | E75: =VLOOKUP($C75,[1]NWS_Input!$B$51:$E$61,E$77,FALSE)*VLOOKUP($C75,[1]Pop_Wilayat!$B$78:$F$88,E$78,FALSE)/VLOOKUP($C75,[1]Pop_Wilayat!$C$60:$F$70,E$77,FALSE) -> 0.48807003 | F75: =VLOOKUP($C75,[1]NWS_Input!$B$51:$E$61,F$77,FALSE)*VLOOKUP($C75,[1]Pop_Wilayat!$B$78:$F$88,F$78,FALSE)/VLOOKUP($C75,[1]Pop_Wilayat!$C$60:$F$70,F$77,FALSE) -> 0.49257275 | G75: =F75+(((F75-E75)+(E75-D75))/2) -> 0.50546915 | H75: =G75+$AI75 -> 0.53224468 | I75: =H75+$AI75 -> 0.55902021 | J75: =I75+$AI75 -> 0.58579574 | K75: =J75+$AI75 -> 0.61257128 | L75: =K75+$AI75 -> 0.63934681 | M75: =L75+$AI75 -> 0.66612234 | N75: =M75+$AI75 -> 0.69289787 | O75: =N75+$AI75 -> 0.7196734 | ... Q75: =P75+$AI75 -> 0.77322447 | R75: 0.8 | S75: =R75 -> 0.8 | T75: =S75 -> 0.8 | U75: =T75 -> 0.8 | V75: =U75 -> 0.8 | W75: =V75 -> 0.8 | X75: =W75 -> 0.8 | Y75: =X75 -> 0.8 | Z75: =Y75 -> 0.8 | ... AG75: =AF75 -> 0.8 | AI75: =($R75-G75)/(R$66-G$66) -> 0.026775532
B76: 11 | C76: Al Wusta | D76: =VLOOKUP($C76,[1]NWS_Input!$B$51:$E$61,D$77,FALSE)*VLOOKUP($C76,[1]Pop_Wilayat!$B$78:$F$88,D$78,FALSE)/VLOOKUP($C76,[1]Pop_Wilayat!$C$60:$F$70,D$77,FALSE) -> 0.1631761 | E76: =VLOOKUP($C76,[1]NWS_Input!$B$51:$E$61,E$77,FALSE)*VLOOKUP($C76,[1]Pop_Wilayat!$B$78:$F$88,E$78,FALSE)/VLOOKUP($C76,[1]Pop_Wilayat!$C$60:$F$70,E$77,FALSE) -> 0.17263916 | F76: =VLOOKUP($C76,[1]NWS_Input!$B$51:$E$61,F$77,FALSE)*VLOOKUP($C76,[1]Pop_Wilayat!$B$78:$F$88,F$78,FALSE)/VLOOKUP($C76,[1]Pop_Wilayat!$C$60:$F$70,F$77,FALSE) -> 0.16463948 | G76: 0.37 | H76: =G76+$AI76 -> 0.40454545 | I76: =H76+$AI76 -> 0.43909091 | J76: =I76+$AI76 -> 0.47363636 | K76: =J76+$AI76 -> 0.50818182 | L76: =K76+$AI76 -> 0.54272727 | M76: =L76+$AI76 -> 0.57727273 | N76: =M76+$AI76 -> 0.61181818 | O76: =N76+$AI76 -> 0.64636364 | ... Q76: =P76+$AI76 -> 0.71545455 | R76: 0.75 | S76: =R76 -> 0.75 | T76: =S76 -> 0.75 | U76: =T76 -> 0.75 | V76: =U76 -> 0.75 | W76: =V76 -> 0.75 | X76: =W76 -> 0.75 | Y76: =X76 -> 0.75 | Z76: =Y76 -> 0.75 | ... AG76: =AF76 -> 0.75 | AI76: =($R76-G76)/(R$66-G$66) -> 0.034545455
C77: Index Water Connection & Total Population | D77: 2 | E77: 3 | F77: 4 | G77: 5 | H77: 6 | I77: 7 | J77: 8 | K77: 9 | L77: 10 | M77: 11 | N77: 12 | O77: 13 | P77: 14 | Q77: 15 | R77: 16 | S77: 17 | T77: 18 | U77: 19 | V77: 20 | W77: 21 | X77: 22 | Y77: 23 | Z77: 24 | AA77: 25 | AB77: 26 | AC77: 27 | AD77: 28 | AE77: 29 | AF77: 30 | AG77: 31
C78: Index OR | D78: 3 | E78: 4 | F78: 5 | G78: 6 | H78: 7 | I78: 8 | J78: 9 | K78: 10 | L78: 11 | M78: 12 | N78: 13 | O78: 14 | P78: 15 | Q78: 16 | R78: 17 | S78: 18 | T78: 19 | U78: 20 | V78: 21 | W78: 22 | X78: 23 | Y78: 24 | Z78: 25 | AA78: 26 | AB78: 27 | AC78: 28 | AD78: 29 | AE78: 30 | AF78: 31 | AG78: 32
C84: ***To be noted that Al Wusta has been modified to include the new connections done in 2024 directly from project but not consilidated in data yet.
C85: ****The data from 2021 to 2023 are calculated with OR not round up, this will have a slight impact on the demand and connected population value from 2024 to 2035 results
B89: Weekly Peak Factor
E90: 2024 - 2050 : 20% as per Planning Parameters | M90: Can be adjusted after proper studie
B92: WSZ_Code | C92: Water Supply Zone | D92: 2021 | E92: 2022 | F92: 2023 | G92: 2024 | H92: 2025 | I92: 2026 | J92: 2027 | K92: 2028 | L92: 2029 | M92: 2030 | N92: 2031 | O92: 2032 | P92: 2033 | Q92: 2034 | R92: 2035 | S92: 2036 | T92: 2037 | U92: 2038 | V92: 2039 | W92: 2040 | X92: 2041 | Y92: 2042 | Z92: 2043 | AA92: 2044 | AB92: 2045 | AC92: 2046 | AD92: 2047 | AE92: 2048 | AF92: 2049 | AG92: 2050
B93: WSZ 1 | C93: Liwa and Shinas | G93: 1.2 | H93: 1.2 | I93: 1.2 | J93: 1.2 | K93: 1.2 | L93: 1.2 | M93: 1.2 | N93: 1.2 | O93: 1.2 | P93: 1.2 | Q93: 1.2 | R93: 1.2 | S93: 1.2 | T93: 1.2 | U93: 1.2 | V93: 1.2 | W93: 1.2 | X93: 1.2 | Y93: 1.2 | Z93: 1.2 | AA93: 1.2 | AB93: 1.2 | AC93: 1.2 | AD93: 1.2 | AE93: 1.2 | AF93: 1.2 | AG93: 1.2
B94: WSZ 2 | C94: Al Buraymi | G94: 1.2 | H94: 1.2 | I94: 1.2 | J94: 1.2 | K94: 1.2 | L94: 1.2 | M94: 1.2 | N94: 1.2 | O94: 1.2 | P94: 1.2 | Q94: 1.2 | R94: 1.2 | S94: 1.2 | T94: 1.2 | U94: 1.2 | V94: 1.2 | W94: 1.2 | X94: 1.2 | Y94: 1.2 | Z94: 1.2 | AA94: 1.2 | AB94: 1.2 | AC94: 1.2 | AD94: 1.2 | AE94: 1.2 | AF94: 1.2 | AG94: 1.2
B95: WSZ 3 | C95: Sohar | G95: 1.2 | H95: 1.2 | I95: 1.2 | J95: 1.2 | K95: 1.2 | L95: 1.2 | M95: 1.2 | N95: 1.2 | O95: 1.2 | P95: 1.2 | Q95: 1.2 | R95: 1.2 | S95: 1.2 | T95: 1.2 | U95: 1.2 | V95: 1.2 | W95: 1.2 | X95: 1.2 | Y95: 1.2 | Z95: 1.2 | AA95: 1.2 | AB95: 1.2 | AC95: 1.2 | AD95: 1.2 | AE95: 1.2 | AF95: 1.2 | AG95: 1.2
B96: WSZ 4 | C96: Al Batinah North | G96: 1.2 | H96: 1.2 | I96: 1.2 | J96: 1.2 | K96: 1.2 | L96: 1.2 | M96: 1.2 | N96: 1.2 | O96: 1.2 | P96: 1.2 | Q96: 1.2 | R96: 1.2 | S96: 1.2 | T96: 1.2 | U96: 1.2 | V96: 1.2 | W96: 1.2 | X96: 1.2 | Y96: 1.2 | Z96: 1.2 | AA96: 1.2 | AB96: 1.2 | AC96: 1.2 | AD96: 1.2 | AE96: 1.2 | AF96: 1.2 | AG96: 1.2
B97: WSZ 5 | C97: Al Batinah South | G97: 1.2 | H97: 1.2 | I97: 1.2 | J97: 1.2 | K97: 1.2 | L97: 1.2 | M97: 1.2 | N97: 1.2 | O97: 1.2 | P97: 1.2 | Q97: 1.2 | R97: 1.2 | S97: 1.2 | T97: 1.2 | U97: 1.2 | V97: 1.2 | W97: 1.2 | X97: 1.2 | Y97: 1.2 | Z97: 1.2 | AA97: 1.2 | AB97: 1.2 | AC97: 1.2 | AD97: 1.2 | AE97: 1.2 | AF97: 1.2 | AG97: 1.2
B98: WSZ 6 | C98: Ad Dakhliyah | G98: 1.2 | H98: 1.2 | I98: 1.2 | J98: 1.2 | K98: 1.2 | L98: 1.2 | M98: 1.2 | N98: 1.2 | O98: 1.2 | P98: 1.2 | Q98: 1.2 | R98: 1.2 | S98: 1.2 | T98: 1.2 | U98: 1.2 | V98: 1.2 | W98: 1.2 | X98: 1.2 | Y98: 1.2 | Z98: 1.2 | AA98: 1.2 | AB98: 1.2 | AC98: 1.2 | AD98: 1.2 | AE98: 1.2 | AF98: 1.2 | AG98: 1.2
B99: WSZ 7 | C99: Muscat East | G99: 1.2 | H99: 1.2 | I99: 1.2 | J99: 1.2 | K99: 1.2 | L99: 1.2 | M99: 1.2 | N99: 1.2 | O99: 1.2 | P99: 1.2 | Q99: 1.2 | R99: 1.2 | S99: 1.2 | T99: 1.2 | U99: 1.2 | V99: 1.2 | W99: 1.2 | X99: 1.2 | Y99: 1.2 | Z99: 1.2 | AA99: 1.2 | AB99: 1.2 | AC99: 1.2 | AD99: 1.2 | AE99: 1.2 | AF99: 1.2 | AG99: 1.2
B100: WSZ 8 | C100: Muscat West | G100: 1.2 | H100: 1.2 | I100: 1.2 | J100: 1.2 | K100: 1.2 | L100: 1.2 | M100: 1.2 | N100: 1.2 | O100: 1.2 | P100: 1.2 | Q100: 1.2 | R100: 1.2 | S100: 1.2 | T100: 1.2 | U100: 1.2 | V100: 1.2 | W100: 1.2 | X100: 1.2 | Y100: 1.2 | Z100: 1.2 | AA100: 1.2 | AB100: 1.2 | AC100: 1.2 | AD100: 1.2 | AE100: 1.2 | AF100: 1.2 | AG100: 1.2
B101: WSZ 9 | C101: Al Amrat | G101: 1.2 | H101: 1.2 | I101: 1.2 | J101: 1.2 | K101: 1.2 | L101: 1.2 | M101: 1.2 | N101: 1.2 | O101: 1.2 | P101: 1.2 | Q101: 1.2 | R101: 1.2 | S101: 1.2 | T101: 1.2 | U101: 1.2 | V101: 1.2 | W101: 1.2 | X101: 1.2 | Y101: 1.2 | Z101: 1.2 | AA101: 1.2 | AB101: 1.2 | AC101: 1.2 | AD101: 1.2 | AE101: 1.2 | AF101: 1.2 | AG101: 1.2
B102: WSZ 10 | C102: Qurrayat | G102: 1.2 | H102: 1.2 | I102: 1.2 | J102: 1.2 | K102: 1.2 | L102: 1.2 | M102: 1.2 | N102: 1.2 | O102: 1.2 | P102: 1.2 | Q102: 1.2 | R102: 1.2 | S102: 1.2 | T102: 1.2 | U102: 1.2 | V102: 1.2 | W102: 1.2 | X102: 1.2 | Y102: 1.2 | Z102: 1.2 | AA102: 1.2 | AB102: 1.2 | AC102: 1.2 | AD102: 1.2 | AE102: 1.2 | AF102: 1.2 | AG102: 1.2
B103: WSZ 11 | C103: Ash Sharqiyah South | G103: 1.2 | H103: 1.2 | I103: 1.2 | J103: 1.2 | K103: 1.2 | L103: 1.2 | M103: 1.2 | N103: 1.2 | O103: 1.2 | P103: 1.2 | Q103: 1.2 | R103: 1.2 | S103: 1.2 | T103: 1.2 | U103: 1.2 | V103: 1.2 | W103: 1.2 | X103: 1.2 | Y103: 1.2 | Z103: 1.2 | AA103: 1.2 | AB103: 1.2 | AC103: 1.2 | AD103: 1.2 | AE103: 1.2 | AF103: 1.2 | AG103: 1.2
B104: WSZ 12 | C104: Ash Sharqiyah North | G104: 1.2 | H104: 1.2 | I104: 1.2 | J104: 1.2 | K104: 1.2 | L104: 1.2 | M104: 1.2 | N104: 1.2 | O104: 1.2 | P104: 1.2 | Q104: 1.2 | R104: 1.2 | S104: 1.2 | T104: 1.2 | U104: 1.2 | V104: 1.2 | W104: 1.2 | X104: 1.2 | Y104: 1.2 | Z104: 1.2 | AA104: 1.2 | AB104: 1.2 | AC104: 1.2 | AD104: 1.2 | AE104: 1.2 | AF104: 1.2 | AG104: 1.2
... B109: WSZ 17 | C109: Al Wusta | G109: 1.2 | H109: 1.2 | I109: 1.2 | J109: 1.2 | K109: 1.2 | L109: 1.2 | M109: 1.2 | N109: 1.2 | O109: 1.2 | P109: 1.2 | Q109: 1.2 | R109: 1.2 | S109: 1.2 | T109: 1.2 | U109: 1.2 | V109: 1.2 | W109: 1.2 | X109: 1.2 | Y109: 1.2 | Z109: 1.2 | AA109: 1.2 | AB109: 1.2 | AC109: 1.2 | AD109: 1.2 | AE109: 1.2 | AF109: 1.2 | AG109: 1.2
B113: Tanker Demand [m3/d] | E113: 2021 - 2023 : Yearly Consumption / 365 | M113: 2025 - 2050 : [Fixed in Time]
E114: 2024 : Average (2021 to 2023)
B116: Gov_Code | C116: Governorate | D116: 2021 | E116: 2022 | F116: 2023 | G116: 2024 | H116: 2025 | I116: 2026 | J116: 2027 | K116: 2028 | L116: 2029 | M116: 2030 | N116: 2031 | O116: 2032 | P116: 2033 | Q116: 2034 | R116: 2035 | S116: 2036 | T116: 2037 | U116: 2038 | V116: 2039 | W116: 2040 | X116: 2041 | Y116: 2042 | Z116: 2043 | AA116: 2044 | AB116: 2045 | AC116: 2046 | AD116: 2047 | AE116: 2048 | AF116: 2049 | AG116: 2050
B117: 01 | C117: Muscat | D117: =VLOOKUP($C117,[1]NWS_Input!$B$67:$E$77,D$128,FALSE)/365 -> 20896.883 | E117: =VLOOKUP($C117,[1]NWS_Input!$B$67:$E$77,E$128,FALSE)/365 -> 20087.809 | F117: =VLOOKUP($C117,[1]NWS_Input!$B$67:$E$77,F$128,FALSE)/365 -> 21495.827 | G117: =AVERAGE(D117:F117) -> 20826.84 | H117: =G117 -> 20826.84 | I117: =H117 -> 20826.84 | J117: =I117 -> 20826.84 | K117: =J117 -> 20826.84 | L117: =K117 -> 20826.84 | M117: =L117 -> 20826.84 | N117: =M117 -> 20826.84 | O117: =N117 -> 20826.84 | ... AG117: =AF117 -> 20826.84
B118: 03 | C118: Musandam | D118: =VLOOKUP($C118,[1]NWS_Input!$B$67:$E$77,D$128,FALSE)/365 -> 636.07365 | E118: =VLOOKUP($C118,[1]NWS_Input!$B$67:$E$77,E$128,FALSE)/365 -> 860.1754 | F118: =VLOOKUP($C118,[1]NWS_Input!$B$67:$E$77,F$128,FALSE)/365 -> 1074.101 | G118: =AVERAGE(D118:F118) -> 856.78334 | H118: =G118 -> 856.78334 | I118: =H118 -> 856.78334 | J118: =I118 -> 856.78334 | K118: =J118 -> 856.78334 | L118: =K118 -> 856.78334 | M118: =L118 -> 856.78334 | N118: =M118 -> 856.78334 | O118: =N118 -> 856.78334 | ... AG118: =AF118 -> 856.78334
B119: 04 | C119: Al Buraymi | D119: =VLOOKUP($C119,[1]NWS_Input!$B$67:$E$77,D$128,FALSE)/365 -> 1070.7532 | E119: =VLOOKUP($C119,[1]NWS_Input!$B$67:$E$77,E$128,FALSE)/365 -> 1276.1782 | F119: =VLOOKUP($C119,[1]NWS_Input!$B$67:$E$77,F$128,FALSE)/365 -> 1346.9351 | G119: =AVERAGE(D119:F119) -> 1231.2888 | H119: =G119 -> 1231.2888 | I119: =H119 -> 1231.2888 | J119: =I119 -> 1231.2888 | K119: =J119 -> 1231.2888 | L119: =K119 -> 1231.2888 | M119: =L119 -> 1231.2888 | N119: =M119 -> 1231.2888 | O119: =N119 -> 1231.2888 | ... AG119: =AF119 -> 1231.2888
B120: 05 | C120: Ad Dakhliyah | D120: =VLOOKUP($C120,[1]NWS_Input!$B$67:$E$77,D$128,FALSE)/365 -> 7195.9449 | E120: =VLOOKUP($C120,[1]NWS_Input!$B$67:$E$77,E$128,FALSE)/365 -> 7149.9861 | F120: =VLOOKUP($C120,[1]NWS_Input!$B$67:$E$77,F$128,FALSE)/365 -> 6986.661 | G120: =AVERAGE(D120:F120) -> 7110.864 | H120: =G120 -> 7110.864 | I120: =H120 -> 7110.864 | J120: =I120 -> 7110.864 | K120: =J120 -> 7110.864 | L120: =K120 -> 7110.864 | M120: =L120 -> 7110.864 | N120: =M120 -> 7110.864 | O120: =N120 -> 7110.864 | ... AG120: =AF120 -> 7110.864
B121: 06 | C121: Al Batinah North | D121: =VLOOKUP($C121,[1]NWS_Input!$B$67:$E$77,D$128,FALSE)/365 -> 5235.8313 | E121: =VLOOKUP($C121,[1]NWS_Input!$B$67:$E$77,E$128,FALSE)/365 -> 5366.1726 | F121: =VLOOKUP($C121,[1]NWS_Input!$B$67:$E$77,F$128,FALSE)/365 -> 7259.7384 | G121: =AVERAGE(D121:F121) -> 5953.9141 | H121: =G121 -> 5953.9141 | I121: =H121 -> 5953.9141 | J121: =I121 -> 5953.9141 | K121: =J121 -> 5953.9141 | L121: =K121 -> 5953.9141 | M121: =L121 -> 5953.9141 | N121: =M121 -> 5953.9141 | O121: =N121 -> 5953.9141 | ... AG121: =AF121 -> 5953.9141
B122: 07 | C122: Al Batinah South | D122: =VLOOKUP($C122,[1]NWS_Input!$B$67:$E$77,D$128,FALSE)/365 -> 8623.2238 | E122: =VLOOKUP($C122,[1]NWS_Input!$B$67:$E$77,E$128,FALSE)/365 -> 8318.1668 | F122: =VLOOKUP($C122,[1]NWS_Input!$B$67:$E$77,F$128,FALSE)/365 -> 8885.3538 | G122: =AVERAGE(D122:F122) -> 8608.9148 | H122: =G122 -> 8608.9148 | I122: =H122 -> 8608.9148 | J122: =I122 -> 8608.9148 | K122: =J122 -> 8608.9148 | L122: =K122 -> 8608.9148 | M122: =L122 -> 8608.9148 | N122: =M122 -> 8608.9148 | O122: =N122 -> 8608.9148 | ... AG122: =AF122 -> 8608.9148
B123: 08 | C123: Ash Sharqiyah South | D123: =VLOOKUP($C123,[1]NWS_Input!$B$67:$E$77,D$128,FALSE)/365 -> 6533.88 | E123: =VLOOKUP($C123,[1]NWS_Input!$B$67:$E$77,E$128,FALSE)/365 -> 6591.4187 | F123: =VLOOKUP($C123,[1]NWS_Input!$B$67:$E$77,F$128,FALSE)/365 -> 7980.015 | G123: =AVERAGE(D123:F123) -> 7035.1046 | H123: =G123 -> 7035.1046 | I123: =H123 -> 7035.1046 | J123: =I123 -> 7035.1046 | K123: =J123 -> 7035.1046 | L123: =K123 -> 7035.1046 | M123: =L123 -> 7035.1046 | N123: =M123 -> 7035.1046 | O123: =N123 -> 7035.1046 | ... AG123: =AF123 -> 7035.1046
B124: 09 | C124: Ash Sharqiyah North | D124: =VLOOKUP($C124,[1]NWS_Input!$B$67:$E$77,D$128,FALSE)/365 -> 9706.2981 | E124: =VLOOKUP($C124,[1]NWS_Input!$B$67:$E$77,E$128,FALSE)/365 -> 8183.2569 | F124: =VLOOKUP($C124,[1]NWS_Input!$B$67:$E$77,F$128,FALSE)/365 -> 8800.8173 | G124: =AVERAGE(D124:F124) -> 8896.7908 | H124: =G124 -> 8896.7908 | I124: =H124 -> 8896.7908 | J124: =I124 -> 8896.7908 | K124: =J124 -> 8896.7908 | L124: =K124 -> 8896.7908 | M124: =L124 -> 8896.7908 | N124: =M124 -> 8896.7908 | O124: =N124 -> 8896.7908 | ... AG124: =AF124 -> 8896.7908
B125: 10 | C125: Adh Dhahirah | D125: =VLOOKUP($C125,[1]NWS_Input!$B$67:$E$77,D$128,FALSE)/365 -> 5010.2378 | E125: =VLOOKUP($C125,[1]NWS_Input!$B$67:$E$77,E$128,FALSE)/365 -> 4689.6415 | F125: =VLOOKUP($C125,[1]NWS_Input!$B$67:$E$77,F$128,FALSE)/365 -> 5735.1171 | G125: =AVERAGE(D125:F125) -> 5144.9988 | H125: =G125 -> 5144.9988 | I125: =H125 -> 5144.9988 | J125: =I125 -> 5144.9988 | K125: =J125 -> 5144.9988 | L125: =K125 -> 5144.9988 | M125: =L125 -> 5144.9988 | N125: =M125 -> 5144.9988 | O125: =N125 -> 5144.9988 | ... AG125: =AF125 -> 5144.9988
B126: 11 | C126: Al Wusta | D126: =VLOOKUP($C126,[1]NWS_Input!$B$67:$E$77,D$128,FALSE)/365 -> 1831.6396 | E126: =VLOOKUP($C126,[1]NWS_Input!$B$67:$E$77,E$128,FALSE)/365 -> 2730.7724 | F126: =VLOOKUP($C126,[1]NWS_Input!$B$67:$E$77,F$128,FALSE)/365 -> 3548.9338 | G126: =AVERAGE(D126:F126) -> 2703.7819 | H126: =G126 -> 2703.7819 | I126: =H126 -> 2703.7819 | J126: =I126 -> 2703.7819 | K126: =J126 -> 2703.7819 | L126: =K126 -> 2703.7819 | M126: =L126 -> 2703.7819 | N126: =M126 -> 2703.7819 | O126: =N126 -> 2703.7819 | ... AG126: =AF126 -> 2703.7819
C127: TOTAL NWS | D127: =VLOOKUP($C127,[1]NWS_Input!$B$67:$E$77,D$128,FALSE)/365 -> 66740.766 | E127: =VLOOKUP($C127,[1]NWS_Input!$B$67:$E$77,E$128,FALSE)/365 -> 65253.578 | F127: =VLOOKUP($C127,[1]NWS_Input!$B$67:$E$77,F$128,FALSE)/365 -> 73113.5 | G127: =AVERAGE(D127:F127) -> 68369.281 | H127: =G127 -> 68369.281 | I127: =H127 -> 68369.281 | J127: =I127 -> 68369.281 | K127: =J127 -> 68369.281 | L127: =K127 -> 68369.281 | M127: =L127 -> 68369.281 | N127: =M127 -> 68369.281 | O127: =N127 -> 68369.281 | ... AG127: =AF127 -> 68369.281
C128: Tanker Yearly Consumption Index | D128: 2 | E128: 3 | F128: 4 | G128: 5 | H128: 6 | I128: 7 | J128: 8 | K128: 9 | L128: 10 | M128: 11 | N128: 12 | O128: 13 | P128: 14 | Q128: 15 | R128: 16 | S128: 17 | T128: 18 | U128: 19 | V128: 20 | W128: 21 | X128: 22 | Y128: 23 | Z128: 24 | AA128: 25 | AB128: 26 | AC128: 27 | AD128: 28 | AE128: 29 | AF128: 30 | AG128: 31
B131: Headroom Factor | E131: 2022 - 2045 : Value from "Water demand - HR Factor V1.03 Amended by MP" Witteveen Bos Study from 23/10/2023
E132: 2046 - 2050 : [Fixed in Time] with 2045 value
B134: WSZ_Code | C134: Water Supply Zone | D134: 2021 | E134: 2022 | F134: 2023 | G134: 2024 | H134: 2025 | I134: 2026 | J134: 2027 | K134: 2028 | L134: 2029 | M134: 2030 | N134: 2031 | O134: 2032 | P134: 2033 | Q134: 2034 | R134: 2035 | S134: 2036 | T134: 2037 | U134: 2038 | V134: 2039 | W134: 2040 | X134: 2041 | Y134: 2042 | Z134: 2043 | AA134: 2044 | AB134: 2045 | AC134: 2046 | AD134: 2047 | AE134: 2048 | AF134: 2049 | AG134: 2050
B135: WSZ 1 | C135: Liwa and Shinas | E135: 1.007 | F135: 1.0069677 | G135: 1.0159716 | H135: 1.0217488 | I135: 1.0277844 | J135: 1.0311163 | K135: 1.0362787 | L135: 1.0419817 | M135: 1.0475277 | N135: 1.0529744 | O135: 1.0585362 | P135: 1.0584799 | Q135: 1.0583796 | R135: 1.0583041 | S135: 1.0581723 | T135: 1.0580318 | U135: 1.0580127 | V135: 1.0581314 | W135: 1.0581134 | X135: 1.0579401 | Y135: 1.0579148 | Z135: 1.0578623 | AA135: 1.0579665 | AB135: 1.0579307 | AC135: =AB135 -> 1.0579307 | AD135: =AC135 -> 1.0579307 | AE135: =AD135 -> 1.0579307 | AF135: =AE135 -> 1.0579307 | AG135: =AF135 -> 1.0579307
B136: WSZ 2 | C136: Al Buraymi | E136: 1.007 | F136: 1.0061934 | G136: 1.0154742 | H136: 1.0218289 | I136: 1.0283669 | J136: 1.0343705 | K136: 1.0410119 | L136: 1.0477528 | M136: 1.0541984 | N136: 1.060696 | O136: 1.067075 | P136: 1.0672773 | Q136: 1.0671821 | R136: 1.0673275 | S136: 1.0677391 | T136: 1.0677785 | U136: 1.0680574 | V136: 1.0679658 | W136: 1.0681665 | X136: 1.068363 | Y136: 1.0683748 | Z136: 1.0684791 | AA136: 1.0685633 | AB136: 1.0687929 | AC136: =AB136 -> 1.0687929 | AD136: =AC136 -> 1.0687929 | AE136: =AD136 -> 1.0687929 | AF136: =AE136 -> 1.0687929 | AG136: =AF136 -> 1.0687929
...

Sheet Wastewater Criteria
B1: Wastewater Generation Criteria - Assumptions & Calculation
B5: Return Ratio | F5: TE Production Rate
B8: Domestic Ratio | C8: 0.85 | D8: Can be adjusted | F8: TE Production Rate
B9: Tanker Ratio | C9: 0.85 | D9: Can be adjusted | G9: 0.95 | H9: Can be adjusted
B10: Non-Domestic Ratio | C10: 0.54 | D10: Can be adjusted
B11: Governmental Ratio | C11: 0.54 | D11: Can be adjusted | F11: Sludge Production Rate
B13: Maximum Distance from STP by road
F15: Sludge rate [kg/m3]
G16: 0.25 | H16: Can be adjusted
B17: Distance (km) | C17: 25 | D17: Can be adjusted
B19: Infiltration Ratio
B23: Infiltration Ratio | C23: 0.1 | D23: Can be adjusted
B24: *Only applied to settlement with network
B27: STP Margin Security
B30: Margin coefficient | C30: 0.1 | D30: Can be adjusted
B33: Weekly Peak
B36: Weekly Peak | C36: 0.2 | D36: Can be adjusted
B42: Collection Factor | E42: Assumptions: 1 customer collected either by tanker or network produce the same amount of wastewater to the STP. If a customer is not collected by network he is collected by tanker. His flow is accounted 100% to the STP. | M42: * This factor will be impacting the wastewater generation collected by tanker, fine tuning it could allow to calibrate the wastewater generation in order to fit the actual flow treated by the STPs.
B45: Gov_Code | C45: Governorate | D45: 2021 | E45: 2022 | F45: 2023 | G45: 2024 | H45: 2025 | I45: 2026 | J45: 2027 | K45: 2028 | L45: 2029 | M45: 2030 | N45: 2031 | O45: 2032 | P45: 2033 | Q45: 2034 | R45: 2035 | S45: 2036 | T45: 2037 | U45: 2038 | V45: 2039 | W45: 2040 | X45: 2041 | Y45: 2042 | Z45: 2043 | AA45: 2044 | AB45: 2045 | AC45: 2046 | AD45: 2047 | AE45: 2048 | AF45: 2049 | AG45: 2050
B46: 01 | C46: Muscat | G46: 1 | H46: =G46 -> 1 | I46: =H46 -> 1 | J46: =I46 -> 1 | K46: =J46 -> 1 | L46: =K46 -> 1 | M46: =L46 -> 1 | N46: =M46 -> 1 | O46: =N46 -> 1 | ... AG46: =AF46 -> 1
B47: 03 | C47: Musandam | G47: 1 | H47: =G47 -> 1 | I47: =H47 -> 1 | J47: =I47 -> 1 | K47: =J47 -> 1 | L47: =K47 -> 1 | M47: =L47 -> 1 | N47: =M47 -> 1 | O47: =N47 -> 1 | ... AG47: =AF47 -> 1
B48: 04 | C48: Al Buraymi | G48: 1 | H48: =G48 -> 1 | I48: =H48 -> 1 | J48: =I48 -> 1 | K48: =J48 -> 1 | L48: =K48 -> 1 | M48: =L48 -> 1 | N48: =M48 -> 1 | O48: =N48 -> 1 | ... AG48: =AF48 -> 1
B49: 05 | C49: Ad Dakhliyah | G49: 1 | H49: =G49 -> 1 | I49: =H49 -> 1 | J49: =I49 -> 1 | K49: =J49 -> 1 | L49: =K49 -> 1 | M49: =L49 -> 1 | N49: =M49 -> 1 | O49: =N49 -> 1 | ... AG49: =AF49 -> 1
B50: 06 | C50: Al Batinah North | G50: 1 | H50: =G50 -> 1 | I50: =H50 -> 1 | J50: =I50 -> 1 | K50: =J50 -> 1 | L50: =K50 -> 1 | M50: =L50 -> 1 | N50: =M50 -> 1 | O50: =N50 -> 1 | ... AG50: =AF50 -> 1
B51: 07 | C51: Al Batinah South | G51: 1 | H51: =G51 -> 1 | I51: =H51 -> 1 | J51: =I51 -> 1 | K51: =J51 -> 1 | L51: =K51 -> 1 | M51: =L51 -> 1 | N51: =M51 -> 1 | O51: =N51 -> 1 | ... AG51: =AF51 -> 1
B52: 08 | C52: Ash Sharqiyah South | G52: 1 | H52: =G52 -> 1 | I52: =H52 -> 1 | J52: =I52 -> 1 | K52: =J52 -> 1 | L52: =K52 -> 1 | M52: =L52 -> 1 | N52: =M52 -> 1 | O52: =N52 -> 1 | ... AG52: =AF52 -> 1
B53: 09 | C53: Ash Sharqiyah North | G53: 1 | H53: =G53 -> 1 | I53: =H53 -> 1 | J53: =I53 -> 1 | K53: =J53 -> 1 | L53: =K53 -> 1 | M53: =L53 -> 1 | N53: =M53 -> 1 | O53: =N53 -> 1 | ... AG53: =AF53 -> 1
B54: 10 | C54: Adh Dhahirah | G54: 1 | H54: =G54 -> 1 | I54: =H54 -> 1 | J54: =I54 -> 1 | K54: =J54 -> 1 | L54: =K54 -> 1 | M54: =L54 -> 1 | N54: =M54 -> 1 | O54: =N54 -> 1 | ... AG54: =AF54 -> 1
B55: 11 | C55: Al Wusta | G55: 1 | H55: =G55 -> 1 | I55: =H55 -> 1 | J55: =I55 -> 1 | K55: =J55 -> 1 | L55: =K55 -> 1 | M55: =L55 -> 1 | N55: =M55 -> 1 | O55: =N55 -> 1 | ... AG55: =AF55 -> 1
C56: Total NWS | G56: 1 | H56: =G56 -> 1 | I56: =H56 -> 1 | J56: =I56 -> 1 | K56: =J56 -> 1 | L56: =K56 -> 1 | M56: =L56 -> 1 | N56: =M56 -> 1 | O56: =N56 -> 1 | ... AG56: =AF56 -> 1
B60: Footprint Assumptions
B64: Type of STPs | C64: Capacity | D64: Ratio (m²/m3/d)
B65: MBR/SBR | C65: Extension | D65: 1.1 | E65: Can be adjusted
B66: Large STPs | C66: 50000 | D66: 2 | E66: Can be adjusted
B67: Medium STPs | C67: 20000 | D67: 3.8 | E67: Can be adjusted
B68: Small STPs (<20,000) | D68: (the equation is from the graph below with empiric value from the existing STPs)
B89: Energy Assumptions
B94: MBR/SBR | C94: 1.02 | D94: kWh/m3 | E94: Can be adjusted | F94: RG MP 2018
B95: ECAS | C95: 0.82 | D95: kWh/m3 | E95: Can be adjusted | F95: RG MP 2018
B96: CAS | C96: 0.69 | D96: kWh/m3 | E96: Can be adjusted | F96: RG MP 2018
B97: Solar Irradiance | C97: 6 | D97: kWh/m²/day | E97: Can be adjusted | F97: average value from bibliography
B98: Panel Efficiency | C98: 0.2 | E98: Can be adjusted | F98: average value from bibliography
B99: Energy Production | C99: =C97*C98 -> 1.2 | D99: kWh/m²/day | E99: (calculation)
B100: Assumptions of quantity to supply the STP | C100: 0.7 | E100: Can be adjusted | F100: Assumptions, based on what is done on several assets

Sheet Project Pop Settlements
A1: No. | B1: Name | C1: Pop 2023 | D1: Pop 2024 | E1: Pop 2025 | F1: Pop 2026 | G1: Pop 2027 | H1: Pop 2028 | I1: Pop 2029 | J1: Pop 2030 | K1: Pop 2031 | L1: Pop 2032 | M1: Pop 2033 | N1: Pop 2034 | O1: Pop 2035 | P1: Pop 2036 | Q1: Pop 2037 | R1: Pop 2038 | S1: Pop 2039 | T1: Pop 2040 | U1: Pop 2041 | V1: Pop 2042 | W1: Pop 2043 | X1: Pop 2044 | Y1: Pop 2045 | Z1: Pop 2046 | AA1: Pop 2047 | AB1: Pop 2048 | AC1: Pop 2049 | AD1: Pop 2050 | AE1: Pop 2051 | AF1: Pop 2052 | AG1: Pop 2053 | AH1: Pop 2054 | AI1: Pop 2055 | AJ1: Pop 2056 | AK1: Pop 2057 | AL1: Pop 2058 | AM1: Pop 2059 | AN1: Pop 2060 | AO1: Pop 2061 | AP1: Pop 2062 | AQ1: Pop 2063 | AR1: Pop 2064 | AS1: Pop 2065 | AT1: Pop 2066 | AU1: Pop 2067 | AV1: Pop 2068 | AW1: Pop 2069 | AX1: Pop 2070 | AY1: Pop 2071 | AZ1: Pop 2072 | BA1: Pop 2073 | BB1: Pop 2074 | BC1: Pop 2075 | BD1: Pop 2076 | BE1: Pop 2077 | BF1: Pop 2078 | BG1: Pop 2079 | BH1: Pop 2080 | BI1: Pop 2081 | BJ1: Pop 2082 | BK1: Pop 2083 | BL1: Pop 2084 | BM1: Pop 2085 | BN1: Pop 2086 | BO1: Pop 2087 | BP1: Pop 2088 | BQ1: Pop 2089 | BR1: Pop 2090 | BS1: Pop 2091 | BT1: Pop 2092 | BU1: Pop 2093 | BV1: Pop 2094 | BW1: Pop 2095 | BX1: Pop 2096 | BY1: Pop 2097 | BZ1: Pop 2098 | CA1: Pop 2099 | CB1: Pop 2100
A2: 1 | B2: AD DARIZ | C2: =VLOOKUP($B2,'Ibri Pop Settlements'!$H$2:$AJ$240,C$29,FALSE) -> 11521.289 | D2: =VLOOKUP($B2,'Ibri Pop Settlements'!$H$2:$AJ$240,D$29,FALSE) -> 11849.671 | E2: =VLOOKUP($B2,'Ibri Pop Settlements'!$H$2:$AJ$240,E$29,FALSE) -> 12133.577 | F2: =VLOOKUP($B2,'Ibri Pop Settlements'!$H$2:$AJ$240,F$29,FALSE) -> 12466.285 | G2: =VLOOKUP($B2,'Ibri Pop Settlements'!$H$2:$AJ$240,G$29,FALSE) -> 12803.77 | H2: =VLOOKUP($B2,'Ibri Pop Settlements'!$H$2:$AJ$240,H$29,FALSE) -> 13146.871 | I2: =VLOOKUP($B2,'Ibri Pop Settlements'!$H$2:$AJ$240,I$29,FALSE) -> 13495.717 | J2: =VLOOKUP($B2,'Ibri Pop Settlements'!$H$2:$AJ$240,J$29,FALSE) -> 13790.984 | ... AD2: =VLOOKUP($B2,'Ibri Pop Settlements'!$H$2:$AJ$240,AD$29,FALSE) -> 21637.604 | AE2: =AD2*(1+Pop_Wilayat!AH$10) -> 22115.541 | AF2: =AE2*(1+Pop_Wilayat!AI$10) -> 22610.67 | AG2: =AF2*(1+Pop_Wilayat!AJ$10) -> 23123.667 | AH2: =AG2*(1+Pop_Wilayat!AK$10) -> 23655.24 | AI2: =AH2*(1+Pop_Wilayat!AL$10) -> 24206.129 | AJ2: =AI2*(1+Pop_Wilayat!AM$10) -> 24777.11 | AK2: =AJ2*(1+Pop_Wilayat!AN$10) -> 25368.992 | AL2: =AK2*(1+Pop_Wilayat!AO$10) -> 25977.848 | ... CB2: =CA2*(1+Pop_Wilayat!CE$10) -> 70339.835
A3: 2 | B3: AD DIBAYSHI | C3: =VLOOKUP($B3,'Ibri Pop Settlements'!$H$2:$AJ$240,C$29,FALSE) -> 2344.0868 | D3: =VLOOKUP($B3,'Ibri Pop Settlements'!$H$2:$AJ$240,D$29,FALSE) -> 2410.8986 | E3: =VLOOKUP($B3,'Ibri Pop Settlements'!$H$2:$AJ$240,E$29,FALSE) -> 2468.6612 | F3: =VLOOKUP($B3,'Ibri Pop Settlements'!$H$2:$AJ$240,F$29,FALSE) -> 2536.3529 | G3: =VLOOKUP($B3,'Ibri Pop Settlements'!$H$2:$AJ$240,G$29,FALSE) -> 2605.0166 | H3: =VLOOKUP($B3,'Ibri Pop Settlements'!$H$2:$AJ$240,H$29,FALSE) -> 2674.8229 | I3: =VLOOKUP($B3,'Ibri Pop Settlements'!$H$2:$AJ$240,I$29,FALSE) -> 2745.7981 | J3: =VLOOKUP($B3,'Ibri Pop Settlements'!$H$2:$AJ$240,J$29,FALSE) -> 2805.8723 | ... AD3: =VLOOKUP($B3,'Ibri Pop Settlements'!$H$2:$AJ$240,AD$29,FALSE) -> 4402.322 | AE3: =AD3*(1+Pop_Wilayat!AH$10) -> 4499.5617 | AF3: =AE3*(1+Pop_Wilayat!AI$10) -> 4600.299 | AG3: =AF3*(1+Pop_Wilayat!AJ$10) -> 4704.6718 | AH3: =AG3*(1+Pop_Wilayat!AK$10) -> 4812.8241 | AI3: =AH3*(1+Pop_Wilayat!AL$10) -> 4924.9064 | AJ3: =AI3*(1+Pop_Wilayat!AM$10) -> 5041.0764 | AK3: =AJ3*(1+Pop_Wilayat!AN$10) -> 5161.4989 | AL3: =AK3*(1+Pop_Wilayat!AO$10) -> 5285.3749 | ... CB3: =CA3*(1+Pop_Wilayat!CE$10) -> 14311.132
A4: 3 | B4: AL AKHEEDAR | C4: =VLOOKUP($B4,'Ibri Pop Settlements'!$H$2:$AJ$240,C$29,FALSE) -> 192.34529 | D4: =VLOOKUP($B4,'Ibri Pop Settlements'!$H$2:$AJ$240,D$29,FALSE) -> 197.82757 | E4: =VLOOKUP($B4,'Ibri Pop Settlements'!$H$2:$AJ$240,E$29,FALSE) -> 202.56731 | F4: =VLOOKUP($B4,'Ibri Pop Settlements'!$H$2:$AJ$240,F$29,FALSE) -> 208.12179 | G4: =VLOOKUP($B4,'Ibri Pop Settlements'!$H$2:$AJ$240,G$29,FALSE) -> 213.75603 | H4: =VLOOKUP($B4,'Ibri Pop Settlements'!$H$2:$AJ$240,H$29,FALSE) -> 219.48402 | I4: =VLOOKUP($B4,'Ibri Pop Settlements'!$H$2:$AJ$240,I$29,FALSE) -> 225.30793 | J4: =VLOOKUP($B4,'Ibri Pop Settlements'!$H$2:$AJ$240,J$29,FALSE) -> 230.23735 | ... AD4: =VLOOKUP($B4,'Ibri Pop Settlements'!$H$2:$AJ$240,AD$29,FALSE) -> 361.23488 | AE4: =AD4*(1+Pop_Wilayat!AH$10) -> 369.21393 | AF4: =AE4*(1+Pop_Wilayat!AI$10) -> 377.47999 | AG4: =AF4*(1+Pop_Wilayat!AJ$10) -> 386.04435 | AH4: =AG4*(1+Pop_Wilayat!AK$10) -> 394.91884 | AI4: =AH4*(1+Pop_Wilayat!AL$10) -> 404.11582 | AJ4: =AI4*(1+Pop_Wilayat!AM$10) -> 413.6482 | AK4: =AJ4*(1+Pop_Wilayat!AN$10) -> 423.52954 | AL4: =AK4*(1+Pop_Wilayat!AO$10) -> 433.69425 | ... CB4: =CA4*(1+Pop_Wilayat!CE$10) -> 1174.3075
A5: 4 | B5: AL ARAQI | C5: =VLOOKUP($B5,'Ibri Pop Settlements'!$H$2:$AJ$240,C$29,FALSE) -> 10399.274 | D5: =VLOOKUP($B5,'Ibri Pop Settlements'!$H$2:$AJ$240,D$29,FALSE) -> 10695.677 | E5: =VLOOKUP($B5,'Ibri Pop Settlements'!$H$2:$AJ$240,E$29,FALSE) -> 10951.934 | F5: =VLOOKUP($B5,'Ibri Pop Settlements'!$H$2:$AJ$240,F$29,FALSE) -> 11252.241 | G5: =VLOOKUP($B5,'Ibri Pop Settlements'!$H$2:$AJ$240,G$29,FALSE) -> 11556.86 | H5: =VLOOKUP($B5,'Ibri Pop Settlements'!$H$2:$AJ$240,H$29,FALSE) -> 11866.548 | I5: =VLOOKUP($B5,'Ibri Pop Settlements'!$H$2:$AJ$240,I$29,FALSE) -> 12181.421 | J5: =VLOOKUP($B5,'Ibri Pop Settlements'!$H$2:$AJ$240,J$29,FALSE) -> 12447.933 | ... AD5: =VLOOKUP($B5,'Ibri Pop Settlements'!$H$2:$AJ$240,AD$29,FALSE) -> 19530.401 | AE5: =AD5*(1+Pop_Wilayat!AH$10) -> 19961.794 | AF5: =AE5*(1+Pop_Wilayat!AI$10) -> 20408.703 | AG5: =AF5*(1+Pop_Wilayat!AJ$10) -> 20871.741 | AH5: =AG5*(1+Pop_Wilayat!AK$10) -> 21351.546 | AI5: =AH5*(1+Pop_Wilayat!AL$10) -> 21848.787 | AJ5: =AI5*(1+Pop_Wilayat!AM$10) -> 22364.162 | AK5: =AJ5*(1+Pop_Wilayat!AN$10) -> 22898.403 | AL5: =AK5*(1+Pop_Wilayat!AO$10) -> 23447.964 | ... CB5: =CA5*(1+Pop_Wilayat!CE$10) -> 63489.707
A6: 5 | B6: AL AYNAYN | C6: =VLOOKUP($B6,'Ibri Pop Settlements'!$H$2:$AJ$240,C$29,FALSE) -> 4427.8274 | D6: =VLOOKUP($B6,'Ibri Pop Settlements'!$H$2:$AJ$240,D$29,FALSE) -> 4554.0306 | E6: =VLOOKUP($B6,'Ibri Pop Settlements'!$H$2:$AJ$240,E$29,FALSE) -> 4663.1403 | F6: =VLOOKUP($B6,'Ibri Pop Settlements'!$H$2:$AJ$240,F$29,FALSE) -> 4791.0057 | G6: =VLOOKUP($B6,'Ibri Pop Settlements'!$H$2:$AJ$240,G$29,FALSE) -> 4920.7069 | H6: =VLOOKUP($B6,'Ibri Pop Settlements'!$H$2:$AJ$240,H$29,FALSE) -> 5052.5665 | I6: =VLOOKUP($B6,'Ibri Pop Settlements'!$H$2:$AJ$240,I$29,FALSE) -> 5186.634 | J6: =VLOOKUP($B6,'Ibri Pop Settlements'!$H$2:$AJ$240,J$29,FALSE) -> 5300.1102 | ... AD6: =VLOOKUP($B6,'Ibri Pop Settlements'!$H$2:$AJ$240,AD$29,FALSE) -> 8315.6999 | AE6: =AD6*(1+Pop_Wilayat!AH$10) -> 8499.3792 | AF6: =AE6*(1+Pop_Wilayat!AI$10) -> 8689.6656 | AG6: =AF6*(1+Pop_Wilayat!AJ$10) -> 8886.819 | AH6: =AG6*(1+Pop_Wilayat!AK$10) -> 9091.1115 | AI6: =AH6*(1+Pop_Wilayat!AL$10) -> 9302.8277 | AJ6: =AI6*(1+Pop_Wilayat!AM$10) -> 9522.2652 | AK6: =AJ6*(1+Pop_Wilayat!AN$10) -> 9749.7356 | AL6: =AK6*(1+Pop_Wilayat!AO$10) -> 9983.7293 | ... CB6: =CA6*(1+Pop_Wilayat!CE$10) -> 27032.796
A7: 6 | B7: AL GHUBAYRAH | C7: =VLOOKUP($B7,'Ibri Pop Settlements'!$H$2:$AJ$240,C$29,FALSE) -> 613.95062 | D7: =VLOOKUP($B7,'Ibri Pop Settlements'!$H$2:$AJ$240,D$29,FALSE) -> 631.44961 | E7: =VLOOKUP($B7,'Ibri Pop Settlements'!$H$2:$AJ$240,E$29,FALSE) -> 646.57848 | F7: =VLOOKUP($B7,'Ibri Pop Settlements'!$H$2:$AJ$240,F$29,FALSE) -> 664.30794 | G7: =VLOOKUP($B7,'Ibri Pop Settlements'!$H$2:$AJ$240,G$29,FALSE) -> 682.29196 | H7: =VLOOKUP($B7,'Ibri Pop Settlements'!$H$2:$AJ$240,H$29,FALSE) -> 700.57525 | I7: =VLOOKUP($B7,'Ibri Pop Settlements'!$H$2:$AJ$240,I$29,FALSE) -> 719.1647 | J7: =VLOOKUP($B7,'Ibri Pop Settlements'!$H$2:$AJ$240,J$29,FALSE) -> 734.899 | ... AD7: =VLOOKUP($B7,'Ibri Pop Settlements'!$H$2:$AJ$240,AD$29,FALSE) -> 1153.0325 | AE7: =AD7*(1+Pop_Wilayat!AH$10) -> 1178.501 | AF7: =AE7*(1+Pop_Wilayat!AI$10) -> 1204.8856 | AG7: =AF7*(1+Pop_Wilayat!AJ$10) -> 1232.2224 | AH7: =AG7*(1+Pop_Wilayat!AK$10) -> 1260.549 | AI7: =AH7*(1+Pop_Wilayat!AL$10) -> 1289.905 | AJ7: =AI7*(1+Pop_Wilayat!AM$10) -> 1320.3316 | AK7: =AJ7*(1+Pop_Wilayat!AN$10) -> 1351.8721 | AL7: =AK7*(1+Pop_Wilayat!AO$10) -> 1384.317 | ... CB7: =CA7*(1+Pop_Wilayat!CE$10) -> 3748.2947
A8: 7 | B8: AL JAHLI | C8: =VLOOKUP($B8,'Ibri Pop Settlements'!$H$2:$AJ$240,C$29,FALSE) -> 403.14796 | D8: =VLOOKUP($B8,'Ibri Pop Settlements'!$H$2:$AJ$240,D$29,FALSE) -> 414.63859 | E8: =VLOOKUP($B8,'Ibri Pop Settlements'!$H$2:$AJ$240,E$29,FALSE) -> 424.57289 | F8: =VLOOKUP($B8,'Ibri Pop Settlements'!$H$2:$AJ$240,F$29,FALSE) -> 436.21487 | G8: =VLOOKUP($B8,'Ibri Pop Settlements'!$H$2:$AJ$240,G$29,FALSE) -> 448.02399 | H8: =VLOOKUP($B8,'Ibri Pop Settlements'!$H$2:$AJ$240,H$29,FALSE) -> 460.02964 | I8: =VLOOKUP($B8,'Ibri Pop Settlements'!$H$2:$AJ$240,I$29,FALSE) -> 472.23632 | J8: =VLOOKUP($B8,'Ibri Pop Settlements'!$H$2:$AJ$240,J$29,FALSE) -> 482.56817 | ... AD8: =VLOOKUP($B8,'Ibri Pop Settlements'!$H$2:$AJ$240,AD$29,FALSE) -> 757.13371 | AE8: =AD8*(1+Pop_Wilayat!AH$10) -> 773.85748 | AF8: =AE8*(1+Pop_Wilayat!AI$10) -> 791.1828 | AG8: =AF8*(1+Pop_Wilayat!AJ$10) -> 809.13337 | AH8: =AG8*(1+Pop_Wilayat!AK$10) -> 827.73394 | AI8: =AH8*(1+Pop_Wilayat!AL$10) -> 847.01042 | AJ8: =AI8*(1+Pop_Wilayat!AM$10) -> 866.98992 | AK8: =AJ8*(1+Pop_Wilayat!AN$10) -> 887.70081 | AL8: =AK8*(1+Pop_Wilayat!AO$10) -> 909.00563 | ... CB8: =CA8*(1+Pop_Wilayat!CE$10) -> 2461.3011
A9: 8 | B9: AL JIBAYYAH | C9: =VLOOKUP($B9,'Ibri Pop Settlements'!$H$2:$AJ$240,C$29,FALSE) -> 2611.233 | D9: =VLOOKUP($B9,'Ibri Pop Settlements'!$H$2:$AJ$240,D$29,FALSE) -> 2685.6591 | E9: =VLOOKUP($B9,'Ibri Pop Settlements'!$H$2:$AJ$240,E$29,FALSE) -> 2750.0047 | F9: =VLOOKUP($B9,'Ibri Pop Settlements'!$H$2:$AJ$240,F$29,FALSE) -> 2825.411 | G9: =VLOOKUP($B9,'Ibri Pop Settlements'!$H$2:$AJ$240,G$29,FALSE) -> 2901.9 | H9: =VLOOKUP($B9,'Ibri Pop Settlements'!$H$2:$AJ$240,H$29,FALSE) -> 2979.6618 | I9: =VLOOKUP($B9,'Ibri Pop Settlements'!$H$2:$AJ$240,I$29,FALSE) -> 3058.7258 | J9: =VLOOKUP($B9,'Ibri Pop Settlements'!$H$2:$AJ$240,J$29,FALSE) -> 3125.6464 | ... AD9: =VLOOKUP($B9,'Ibri Pop Settlements'!$H$2:$AJ$240,AD$29,FALSE) -> 4904.0371 | AE9: =AD9*(1+Pop_Wilayat!AH$10) -> 5012.3588 | AF9: =AE9*(1+Pop_Wilayat!AI$10) -> 5124.5768 | AG9: =AF9*(1+Pop_Wilayat!AJ$10) -> 5240.8445 | AH9: =AG9*(1+Pop_Wilayat!AK$10) -> 5361.3225 | AI9: =AH9*(1+Pop_Wilayat!AL$10) -> 5486.1783 | AJ9: =AI9*(1+Pop_Wilayat!AM$10) -> 5615.5878 | AK9: =AJ9*(1+Pop_Wilayat!AN$10) -> 5749.7344 | AL9: =AK9*(1+Pop_Wilayat!AO$10) -> 5887.728 | ... CB9: =CA9*(1+Pop_Wilayat!CE$10) -> 15942.114
A10: 9 | B10: AL MAKHTIBYAH | C10: =VLOOKUP($B10,'Ibri Pop Settlements'!$H$2:$AJ$240,C$29,FALSE) -> 118.51578 | D10: =VLOOKUP($B10,'Ibri Pop Settlements'!$H$2:$AJ$240,D$29,FALSE) -> 121.89375 | E10: =VLOOKUP($B10,'Ibri Pop Settlements'!$H$2:$AJ$240,E$29,FALSE) -> 124.8142 | F10: =VLOOKUP($B10,'Ibri Pop Settlements'!$H$2:$AJ$240,F$29,FALSE) -> 128.23666 | G10: =VLOOKUP($B10,'Ibri Pop Settlements'!$H$2:$AJ$240,G$29,FALSE) -> 131.70826 | H10: =VLOOKUP($B10,'Ibri Pop Settlements'!$H$2:$AJ$240,H$29,FALSE) -> 135.23763 | I10: =VLOOKUP($B10,'Ibri Pop Settlements'!$H$2:$AJ$240,I$29,FALSE) -> 138.8261 | J10: =VLOOKUP($B10,'Ibri Pop Settlements'!$H$2:$AJ$240,J$29,FALSE) -> 141.86341 | ... AD10: =VLOOKUP($B10,'Ibri Pop Settlements'!$H$2:$AJ$240,AD$29,FALSE) -> 222.57907 | AE10: =AD10*(1+Pop_Wilayat!AH$10) -> 227.49545 | AF10: =AE10*(1+Pop_Wilayat!AI$10) -> 232.58868 | AG10: =AF10*(1+Pop_Wilayat!AJ$10) -> 237.86571 | AH10: =AG10*(1+Pop_Wilayat!AK$10) -> 243.33383 | AI10: =AH10*(1+Pop_Wilayat!AL$10) -> 249.00065 | AJ10: =AI10*(1+Pop_Wilayat!AM$10) -> 254.87415 | AK10: =AJ10*(1+Pop_Wilayat!AN$10) -> 260.96265 | AL10: =AK10*(1+Pop_Wilayat!AO$10) -> 267.22575 | ... CB10: =CA10*(1+Pop_Wilayat!CE$10) -> 723.56322
A11: 10 | B11: AL QALI | C11: =VLOOKUP($B11,'Ibri Pop Settlements'!$H$2:$AJ$240,C$29,FALSE) -> 185.5452 | D11: =VLOOKUP($B11,'Ibri Pop Settlements'!$H$2:$AJ$240,D$29,FALSE) -> 190.83366 | E11: =VLOOKUP($B11,'Ibri Pop Settlements'!$H$2:$AJ$240,E$29,FALSE) -> 195.40584 | F11: =VLOOKUP($B11,'Ibri Pop Settlements'!$H$2:$AJ$240,F$29,FALSE) -> 200.76395 | G11: =VLOOKUP($B11,'Ibri Pop Settlements'!$H$2:$AJ$240,G$29,FALSE) -> 206.19899 | H11: =VLOOKUP($B11,'Ibri Pop Settlements'!$H$2:$AJ$240,H$29,FALSE) -> 211.72448 | I11: =VLOOKUP($B11,'Ibri Pop Settlements'!$H$2:$AJ$240,I$29,FALSE) -> 217.3425 | J11: =VLOOKUP($B11,'Ibri Pop Settlements'!$H$2:$AJ$240,J$29,FALSE) -> 222.09764 | ... AD11: =VLOOKUP($B11,'Ibri Pop Settlements'!$H$2:$AJ$240,AD$29,FALSE) -> 348.46395 | AE11: =AD11*(1+Pop_Wilayat!AH$10) -> 356.16091 | AF11: =AE11*(1+Pop_Wilayat!AI$10) -> 364.13474 | AG11: =AF11*(1+Pop_Wilayat!AJ$10) -> 372.39632 | AH11: =AG11*(1+Pop_Wilayat!AK$10) -> 380.95706 | AI11: =AH11*(1+Pop_Wilayat!AL$10) -> 389.82889 | AJ11: =AI11*(1+Pop_Wilayat!AM$10) -> 399.02428 | AK11: =AJ11*(1+Pop_Wilayat!AN$10) -> 408.55628 | AL11: =AK11*(1+Pop_Wilayat!AO$10) -> 418.36163 | ... CB11: =CA11*(1+Pop_Wilayat!CE$10) -> 1132.7916
A12: 11 | B12: AL QURAYN | C12: =VLOOKUP($B12,'Ibri Pop Settlements'!$H$2:$AJ$240,C$29,FALSE) -> 533.32103 | D12: =VLOOKUP($B12,'Ibri Pop Settlements'!$H$2:$AJ$240,D$29,FALSE) -> 548.52189 | E12: =VLOOKUP($B12,'Ibri Pop Settlements'!$H$2:$AJ$240,E$29,FALSE) -> 561.6639 | F12: =VLOOKUP($B12,'Ibri Pop Settlements'!$H$2:$AJ$240,F$29,FALSE) -> 577.06497 | G12: =VLOOKUP($B12,'Ibri Pop Settlements'!$H$2:$AJ$240,G$29,FALSE) -> 592.68716 | H12: =VLOOKUP($B12,'Ibri Pop Settlements'!$H$2:$AJ$240,H$29,FALSE) -> 608.56933 | I12: =VLOOKUP($B12,'Ibri Pop Settlements'!$H$2:$AJ$240,I$29,FALSE) -> 624.71744 | J12: =VLOOKUP($B12,'Ibri Pop Settlements'!$H$2:$AJ$240,J$29,FALSE) -> 638.38537 | ... AD12: =VLOOKUP($B12,'Ibri Pop Settlements'!$H$2:$AJ$240,AD$29,FALSE) -> 1001.6058 | AE12: =AD12*(1+Pop_Wilayat!AH$10) -> 1023.7295 | AF12: =AE12*(1+Pop_Wilayat!AI$10) -> 1046.6491 | AG12: =AF12*(1+Pop_Wilayat!AJ$10) -> 1070.3957 | AH12: =AG12*(1+Pop_Wilayat!AK$10) -> 1095.0022 | AI12: =AH12*(1+Pop_Wilayat!AL$10) -> 1120.5029 | AJ12: =AI12*(1+Pop_Wilayat!AM$10) -> 1146.9337 | AK12: =AJ12*(1+Pop_Wilayat!AN$10) -> 1174.3319 | AL12: =AK12*(1+Pop_Wilayat!AO$10) -> 1202.5159 | ... CB12: =CA12*(1+Pop_Wilayat!CE$10) -> 3256.0345
A13: 12 | B13: AL WAHRAH | C13: =VLOOKUP($B13,'Ibri Pop Settlements'!$H$2:$AJ$240,C$29,FALSE) -> 3258.2126 | D13: =VLOOKUP($B13,'Ibri Pop Settlements'!$H$2:$AJ$240,D$29,FALSE) -> 3351.0791 | E13: =VLOOKUP($B13,'Ibri Pop Settlements'!$H$2:$AJ$240,E$29,FALSE) -> 3431.3674 | F13: =VLOOKUP($B13,'Ibri Pop Settlements'!$H$2:$AJ$240,F$29,FALSE) -> 3525.457 | G13: =VLOOKUP($B13,'Ibri Pop Settlements'!$H$2:$AJ$240,G$29,FALSE) -> 3620.8975 | H13: =VLOOKUP($B13,'Ibri Pop Settlements'!$H$2:$AJ$240,H$29,FALSE) -> 3717.9263 | I13: =VLOOKUP($B13,'Ibri Pop Settlements'!$H$2:$AJ$240,I$29,FALSE) -> 3816.5798 | J13: =VLOOKUP($B13,'Ibri Pop Settlements'!$H$2:$AJ$240,J$29,FALSE) -> 3900.0811 | ... AD13: =VLOOKUP($B13,'Ibri Pop Settlements'!$H$2:$AJ$240,AD$29,FALSE) -> 6119.0999 | AE13: =AD13*(1+Pop_Wilayat!AH$10) -> 6254.2602 | AF13: =AE13*(1+Pop_Wilayat!AI$10) -> 6394.2822 | AG13: =AF13*(1+Pop_Wilayat!AJ$10) -> 6539.3574 | AH13: =AG13*(1+Pop_Wilayat!AK$10) -> 6689.6858 | AI13: =AH13*(1+Pop_Wilayat!AL$10) -> 6845.477 | AJ13: =AI13*(1+Pop_Wilayat!AM$10) -> 7006.9499 | AK13: =AJ13*(1+Pop_Wilayat!AN$10) -> 7174.3338 | AL13: =AK13*(1+Pop_Wilayat!AO$10) -> 7346.5178 | ... CB13: =CA13*(1+Pop_Wilayat!CE$10) -> 19892.058
... A26: 25 | B26: WADI AL MANKAS | C26: =VLOOKUP($B26,'Ibri Pop Settlements'!$H$2:$AJ$240,C$29,FALSE) -> 50.514925 | D26: =VLOOKUP($B26,'Ibri Pop Settlements'!$H$2:$AJ$240,D$29,FALSE) -> 51.954715 | E26: =VLOOKUP($B26,'Ibri Pop Settlements'!$H$2:$AJ$240,E$29,FALSE) -> 53.199495 | F26: =VLOOKUP($B26,'Ibri Pop Settlements'!$H$2:$AJ$240,F$29,FALSE) -> 54.658248 | G26: =VLOOKUP($B26,'Ibri Pop Settlements'!$H$2:$AJ$240,G$29,FALSE) -> 56.137946 | H26: =VLOOKUP($B26,'Ibri Pop Settlements'!$H$2:$AJ$240,H$29,FALSE) -> 57.642268 | I26: =VLOOKUP($B26,'Ibri Pop Settlements'!$H$2:$AJ$240,I$29,FALSE) -> 59.171779 | J26: =VLOOKUP($B26,'Ibri Pop Settlements'!$H$2:$AJ$240,J$29,FALSE) -> 60.466373 | ... AD26: =VLOOKUP($B26,'Ibri Pop Settlements'!$H$2:$AJ$240,AD$29,FALSE) -> 94.869766 | AE26: =AD26*(1+Pop_Wilayat!AH$10) -> 96.965274 | AF26: =AE26*(1+Pop_Wilayat!AI$10) -> 99.136158 | AG26: =AF26*(1+Pop_Wilayat!AJ$10) -> 101.38539 | AH26: =AG26*(1+Pop_Wilayat!AK$10) -> 103.71606 | AI26: =AH26*(1+Pop_Wilayat!AL$10) -> 106.13143 | AJ26: =AI26*(1+Pop_Wilayat!AM$10) -> 108.63488 | AK26: =AJ26*(1+Pop_Wilayat!AN$10) -> 111.22998 | AL26: =AK26*(1+Pop_Wilayat!AO$10) -> 113.8995 | ... CB26: =CA26*(1+Pop_Wilayat!CE$10) -> 308.404
A27: Total (m3/d) | C27: =SUM(C2:C26) -> 113225.32 | D27: =SUM(D2:D26) -> 116452.5 | E27: =SUM(E2:E26) -> 119242.58 | F27: =SUM(F2:F26) -> 122512.26 | G27: =SUM(G2:G26) -> 125828.89 | H27: =SUM(H2:H26) -> 129200.71 | I27: =SUM(I2:I26) -> 132628.99 | J27: =SUM(J2:J26) -> 135530.72 | ... CB27: =SUM(CB2:CB26) -> 691263.83
B29: Index | C29: 2 | D29: 3 | E29: 4 | F29: 5 | G29: 6 | H29: 7 | I29: 8 | J29: 9 | K29: 10 | L29: 11 | M29: 12 | N29: 13 | O29: 14 | P29: 15 | Q29: 16 | R29: 17 | S29: 18 | T29: 19 | U29: 20 | V29: 21 | W29: 22 | X29: 23 | Y29: 24 | Z29: 25 | AA29: 26 | AB29: 27 | AC29: 28 | AD29: 29

Sheet Project W Pop Connected
A1: No. | B1: Name | C1: Pop 2023 | D1: Pop 2024 | E1: Pop 2025 | F1: Pop 2026 | G1: Pop 2027 | H1: Pop 2028 | I1: Pop 2029 | J1: Pop 2030 | K1: Pop 2031 | L1: Pop 2032 | M1: Pop 2033 | N1: Pop 2034 | O1: Pop 2035 | P1: Pop 2036 | Q1: Pop 2037 | R1: Pop 2038 | S1: Pop 2039 | T1: Pop 2040 | U1: Pop 2041 | V1: Pop 2042 | W1: Pop 2043 | X1: Pop 2044 | Y1: Pop 2045 | Z1: Pop 2046 | AA1: Pop 2047 | AB1: Pop 2048 | AC1: Pop 2049 | AD1: Pop 2050 | AE1: Pop 2051 | AF1: Pop 2052 | AG1: Pop 2053 | AH1: Pop 2054 | AI1: Pop 2055 | AJ1: Pop 2056 | AK1: Pop 2057 | AL1: Pop 2058 | AM1: Pop 2059 | AN1: Pop 2060 | AO1: Pop 2061 | AP1: Pop 2062 | AQ1: Pop 2063 | AR1: Pop 2064 | AS1: Pop 2065 | AT1: Pop 2066 | AU1: Pop 2067 | AV1: Pop 2068 | AW1: Pop 2069 | AX1: Pop 2070 | AY1: Pop 2071 | AZ1: Pop 2072 | BA1: Pop 2073 | BB1: Pop 2074 | BC1: Pop 2075 | BD1: Pop 2076 | BE1: Pop 2077 | BF1: Pop 2078 | BG1: Pop 2079 | BH1: Pop 2080 | BI1: Pop 2081 | BJ1: Pop 2082 | BK1: Pop 2083 | BL1: Pop 2084 | BM1: Pop 2085 | BN1: Pop 2086 | BO1: Pop 2087 | BP1: Pop 2088 | BQ1: Pop 2089 | BR1: Pop 2090 | BS1: Pop 2091 | BT1: Pop 2092 | BU1: Pop 2093 | BV1: Pop 2094 | BW1: Pop 2095 | BX1: Pop 2096 | BY1: Pop 2097 | BZ1: Pop 2098 | CA1: Pop 2099 | CB1: Pop 2100
A2: 1 | B2: AD DARIZ | C2: ='Project Pop Settlements'!C2*Pop_Wilayat!F$11 -> 5675.0728 | D2: ='Project Pop Settlements'!D2*Pop_Wilayat!G$11 -> 5989.6433 | E2: ='Project Pop Settlements'!E2*Pop_Wilayat!H$11 -> 6458.0319 | F2: ='Project Pop Settlements'!F2*Pop_Wilayat!I$11 -> 6968.9053 | G2: ='Project Pop Settlements'!G2*Pop_Wilayat!J$11 -> 7500.394 | H2: ='Project Pop Settlements'!H2*Pop_Wilayat!K$11 -> 8053.3956 | I2: ='Project Pop Settlements'!I2*Pop_Wilayat!L$11 -> 8628.4438 | J2: ='Project Pop Settlements'!J2*Pop_Wilayat!M$11 -> 9186.4828 | ... CB2: ='Project Pop Settlements'!CB2*Pop_Wilayat!CE$11 -> 70339.835
A3: 2 | B3: AD DIBAYSHI | C3: ='Project Pop Settlements'!C3*Pop_Wilayat!F$11 -> 1154.6333 | D3: ='Project Pop Settlements'!D3*Pop_Wilayat!G$11 -> 1218.6349 | E3: ='Project Pop Settlements'!E3*Pop_Wilayat!H$11 -> 1313.9318 | F3: ='Project Pop Settlements'!F3*Pop_Wilayat!I$11 -> 1417.8726 | G3: ='Project Pop Settlements'!G3*Pop_Wilayat!J$11 -> 1526.0076 | H3: ='Project Pop Settlements'!H3*Pop_Wilayat!K$11 -> 1638.5197 | I3: ='Project Pop Settlements'!I3*Pop_Wilayat!L$11 -> 1755.5173 | J3: ='Project Pop Settlements'!J3*Pop_Wilayat!M$11 -> 1869.0542 | ... CB3: ='Project Pop Settlements'!CB3*Pop_Wilayat!CE$11 -> 14311.132
A4: 3 | B4: AL AKHEEDAR | C4: ='Project Pop Settlements'!C4*Pop_Wilayat!F$11 -> 94.744049 | D4: ='Project Pop Settlements'!D4*Pop_Wilayat!G$11 -> 99.995732 | E4: ='Project Pop Settlements'!E4*Pop_Wilayat!H$11 -> 107.81537 | F4: ='Project Pop Settlements'!F4*Pop_Wilayat!I$11 -> 116.34429 | G4: ='Project Pop Settlements'!G4*Pop_Wilayat!J$11 -> 125.21737 | H4: ='Project Pop Settlements'!H4*Pop_Wilayat!K$11 -> 134.44961 | I4: ='Project Pop Settlements'!I4*Pop_Wilayat!L$11 -> 144.04991 | J4: ='Project Pop Settlements'!J4*Pop_Wilayat!M$11 -> 153.36624 | ... CB4: ='Project Pop Settlements'!CB4*Pop_Wilayat!CE$11 -> 1174.3075
A5: 4 | B5: AL ARAQI | C5: ='Project Pop Settlements'!C5*Pop_Wilayat!F$11 -> 5122.3992 | D5: ='Project Pop Settlements'!D5*Pop_Wilayat!G$11 -> 5406.3349 | E5: ='Project Pop Settlements'!E5*Pop_Wilayat!H$11 -> 5829.1089 | F5: ='Project Pop Settlements'!F5*Pop_Wilayat!I$11 -> 6290.2303 | G5: ='Project Pop Settlements'!G5*Pop_Wilayat!J$11 -> 6769.9593 | H5: ='Project Pop Settlements'!H5*Pop_Wilayat!K$11 -> 7269.1062 | I5: ='Project Pop Settlements'!I5*Pop_Wilayat!L$11 -> 7788.1527 | J5: ='Project Pop Settlements'!J5*Pop_Wilayat!M$11 -> 8291.8464 | ... CB5: ='Project Pop Settlements'!CB5*Pop_Wilayat!CE$11 -> 63489.707
A6: 5 | B6: AL AYNAYN | C6: ='Project Pop Settlements'!C6*Pop_Wilayat!F$11 -> 2181.0271 | D6: ='Project Pop Settlements'!D6*Pop_Wilayat!G$11 -> 2301.922 | E6: ='Project Pop Settlements'!E6*Pop_Wilayat!H$11 -> 2481.9316 | F6: ='Project Pop Settlements'!F6*Pop_Wilayat!I$11 -> 2678.269 | G6: ='Project Pop Settlements'!G6*Pop_Wilayat!J$11 -> 2882.5292 | H6: ='Project Pop Settlements'!H6*Pop_Wilayat!K$11 -> 3095.0571 | I6: ='Project Pop Settlements'!I6*Pop_Wilayat!L$11 -> 3316.0579 | J6: ='Project Pop Settlements'!J6*Pop_Wilayat!M$11 -> 3530.5218 | ... CB6: ='Project Pop Settlements'!CB6*Pop_Wilayat!CE$11 -> 27032.796
A7: 6 | B7: AL GHUBAYRAH | C7: ='Project Pop Settlements'!C7*Pop_Wilayat!F$11 -> 302.41535 | D7: ='Project Pop Settlements'!D7*Pop_Wilayat!G$11 -> 319.1783 | E7: ='Project Pop Settlements'!E7*Pop_Wilayat!H$11 -> 344.13795 | F7: ='Project Pop Settlements'!F7*Pop_Wilayat!I$11 -> 371.36157 | G7: ='Project Pop Settlements'!G7*Pop_Wilayat!J$11 -> 399.68373 | H7: ='Project Pop Settlements'!H7*Pop_Wilayat!K$11 -> 429.15228 | I7: ='Project Pop Settlements'!I7*Pop_Wilayat!L$11 -> 459.79566 | J7: ='Project Pop Settlements'!J7*Pop_Wilayat!M$11 -> 489.53264 | ... CB7: ='Project Pop Settlements'!CB7*Pop_Wilayat!CE$11 -> 3748.2947
A8: 7 | B8: AL JAHLI | C8: ='Project Pop Settlements'!C8*Pop_Wilayat!F$11 -> 198.5797 | D8: ='Project Pop Settlements'!D8*Pop_Wilayat!G$11 -> 209.58701 | E8: ='Project Pop Settlements'!E8*Pop_Wilayat!H$11 -> 225.97666 | F8: ='Project Pop Settlements'!F8*Pop_Wilayat!I$11 -> 243.85293 | G8: ='Project Pop Settlements'!G8*Pop_Wilayat!J$11 -> 262.45055 | H8: ='Project Pop Settlements'!H8*Pop_Wilayat!K$11 -> 281.80094 | I8: ='Project Pop Settlements'!I8*Pop_Wilayat!L$11 -> 301.92278 | J8: ='Project Pop Settlements'!J8*Pop_Wilayat!M$11 -> 321.44944 | ... CB8: ='Project Pop Settlements'!CB8*Pop_Wilayat!CE$11 -> 2461.3011
A9: 8 | B9: AL JIBAYYAH | C9: ='Project Pop Settlements'!C9*Pop_Wilayat!F$11 -> 1286.2222 | D9: ='Project Pop Settlements'!D9*Pop_Wilayat!G$11 -> 1357.5178 | E9: ='Project Pop Settlements'!E9*Pop_Wilayat!H$11 -> 1463.6753 | F9: ='Project Pop Settlements'!F9*Pop_Wilayat!I$11 -> 1579.4618 | G9: ='Project Pop Settlements'!G9*Pop_Wilayat!J$11 -> 1699.9207 | H9: ='Project Pop Settlements'!H9*Pop_Wilayat!K$11 -> 1825.2553 | I9: ='Project Pop Settlements'!I9*Pop_Wilayat!L$11 -> 1955.5866 | J9: ='Project Pop Settlements'!J9*Pop_Wilayat!M$11 -> 2082.0629 | ... CB9: ='Project Pop Settlements'!CB9*Pop_Wilayat!CE$11 -> 15942.114
A10: 9 | B10: AL MAKHTIBYAH | C10: ='Project Pop Settlements'!C10*Pop_Wilayat!F$11 -> 58.377646 | D10: ='Project Pop Settlements'!D10*Pop_Wilayat!G$11 -> 61.613532 | E10: ='Project Pop Settlements'!E10*Pop_Wilayat!H$11 -> 66.431694 | F10: ='Project Pop Settlements'!F10*Pop_Wilayat!I$11 -> 71.686884 | G10: ='Project Pop Settlements'!G10*Pop_Wilayat!J$11 -> 77.154137 | H10: ='Project Pop Settlements'!H10*Pop_Wilayat!K$11 -> 82.842686 | I10: ='Project Pop Settlements'!I10*Pop_Wilayat!L$11 -> 88.758023 | J10: ='Project Pop Settlements'!J10*Pop_Wilayat!M$11 -> 94.49839 | ... CB10: ='Project Pop Settlements'!CB10*Pop_Wilayat!CE$11 -> 723.56322
A11: 10 | B11: AL QALI | C11: ='Project Pop Settlements'!C11*Pop_Wilayat!F$11 -> 91.394511 | D11: ='Project Pop Settlements'!D11*Pop_Wilayat!G$11 -> 96.460529 | E11: ='Project Pop Settlements'!E11*Pop_Wilayat!H$11 -> 104.00372 | F11: ='Project Pop Settlements'!F11*Pop_Wilayat!I$11 -> 112.23111 | G11: ='Project Pop Settlements'!G11*Pop_Wilayat!J$11 -> 120.79049 | H11: ='Project Pop Settlements'!H11*Pop_Wilayat!K$11 -> 129.69634 | I11: ='Project Pop Settlements'!I11*Pop_Wilayat!L$11 -> 138.95723 | J11: ='Project Pop Settlements'!J11*Pop_Wilayat!M$11 -> 147.9442 | ... CB11: ='Project Pop Settlements'!CB11*Pop_Wilayat!CE$11 -> 1132.7916
A12: 11 | B12: AL QURAYN | C12: ='Project Pop Settlements'!C12*Pop_Wilayat!F$11 -> 262.69941 | D12: ='Project Pop Settlements'!D12*Pop_Wilayat!G$11 -> 277.26089 | E12: ='Project Pop Settlements'!E12*Pop_Wilayat!H$11 -> 298.94262 | F12: ='Project Pop Settlements'!F12*Pop_Wilayat!I$11 -> 322.59098 | G12: ='Project Pop Settlements'!G12*Pop_Wilayat!J$11 -> 347.19362 | H12: ='Project Pop Settlements'!H12*Pop_Wilayat!K$11 -> 372.79209 | I12: ='Project Pop Settlements'!I12*Pop_Wilayat!L$11 -> 399.4111 | J12: ='Project Pop Settlements'!J12*Pop_Wilayat!M$11 -> 425.24275 | ... CB12: ='Project Pop Settlements'!CB12*Pop_Wilayat!CE$11 -> 3256.0345
A13: 12 | B13: AL WAHRAH | C13: ='Project Pop Settlements'!C13*Pop_Wilayat!F$11 -> 1604.9068 | D13: ='Project Pop Settlements'!D13*Pop_Wilayat!G$11 -> 1693.8671 | E13: ='Project Pop Settlements'!E13*Pop_Wilayat!H$11 -> 1826.3271 | F13: ='Project Pop Settlements'!F13*Pop_Wilayat!I$11 -> 1970.8017 | G13: ='Project Pop Settlements'!G13*Pop_Wilayat!J$11 -> 2121.1064 | H13: ='Project Pop Settlements'!H13*Pop_Wilayat!K$11 -> 2277.4948 | I13: ='Project Pop Settlements'!I13*Pop_Wilayat!L$11 -> 2440.1181 | J13: ='Project Pop Settlements'!J13*Pop_Wilayat!M$11 -> 2597.9311 | ... CB13: ='Project Pop Settlements'!CB13*Pop_Wilayat!CE$11 -> 19892.058
... A26: 25 | B26: WADI AL MANKAS | C26: ='Project Pop Settlements'!C26*Pop_Wilayat!F$11 -> 24.882275 | D26: ='Project Pop Settlements'!D26*Pop_Wilayat!G$11 -> 26.261505 | E26: ='Project Pop Settlements'!E26*Pop_Wilayat!H$11 -> 28.315148 | F26: ='Project Pop Settlements'!F26*Pop_Wilayat!I$11 -> 30.555066 | G26: ='Project Pop Settlements'!G26*Pop_Wilayat!J$11 -> 32.88537 | H26: ='Project Pop Settlements'!H26*Pop_Wilayat!K$11 -> 35.309998 | I26: ='Project Pop Settlements'!I26*Pop_Wilayat!L$11 -> 37.831288 | J26: ='Project Pop Settlements'!J26*Pop_Wilayat!M$11 -> 40.278002 | ... CB26: ='Project Pop Settlements'!CB26*Pop_Wilayat!CE$11 -> 308.404
A27: Total (m3/d) | C27: =SUM(C2:C26) -> 55771.706 | D27: =SUM(D2:D26) -> 58863.144 | E27: =SUM(E2:E26) -> 63466.226 | F27: =SUM(F2:F26) -> 68486.829 | G27: =SUM(G2:G26) -> 73710.027 | H27: =SUM(H2:H26) -> 79144.643 | I27: =SUM(I2:I26) -> 84795.923 | J27: =SUM(J2:J26) -> 90280.044 | ... CB27: =SUM(CB2:CB26) -> 691263.83

Sheet Project Tankers
A1: No. | B1: Name | C1: Tan 2024 | D1: Tan 2025 | E1: Tan 2026 | F1: Tan 2027 | G1: Tan 2028 | H1: Tan 2029 | I1: Tan 2030 | J1: Tan 2031 | K1: Tan 2032 | L1: Tan 2033 | M1: Tan 2034 | N1: Tan 2035 | O1: Tan 2036 | P1: Tan 2037 | Q1: Tan 2038 | R1: Tan 2039 | S1: Tan 2040 | T1: Tan 2041 | U1: Tan 2042 | V1: Tan 2043 | W1: Tan 2044 | X1: Tan 2045 | Y1: Tan 2046 | Z1: Tan 2047 | AA1: Tan 2048 | AB1: Tan 2049 | AC1: Tan 2050 | AD1: Tan 2051 | AE1: Tan 2052 | AF1: Tan 2053 | AG1: Tan 2054 | AH1: Tan 2055 | AI1: Tan 2056 | AJ1: Tan 2057 | AK1: Tan 2058 | AL1: Tan 2059 | AM1: Tan 2060 | AN1: Tan 2061 | AO1: Tan 2062 | AP1: Tan 2063 | AQ1: Tan 2064 | AR1: Tan 2065 | AS1: Tan 2066 | AT1: Tan 2067 | AU1: Tan 2068 | AV1: Tan 2069 | AW1: Tan 2070 | AX1: Tan 2071 | AY1: Tan 2072 | AZ1: Tan 2073 | BA1: Tan 2074 | BB1: Tan 2075 | BC1: Tan 2076 | BD1: Tan 2077 | BE1: Tan 2078 | BF1: Tan 2079 | BG1: Tan 2080 | BH1: Tan 2081 | BI1: Tan 2082 | BJ1: Tan 2083 | BK1: Tan 2084 | BL1: Tan 2085 | BM1: Tan 2086 | BN1: Tan 2087 | BO1: Tan 2088 | BP1: Tan 2089 | BQ1: Tan 2090 | BR1: Tan 2091 | BS1: Tan 2092 | BT1: Tan 2093 | BU1: Tan 2094 | BV1: Tan 2095 | BW1: Tan 2096 | BX1: Tan 2097 | BY1: Tan 2098 | BZ1: Tan 2099 | CA1: Tan 2100
A2: 1 | B2: AD DARIZ | C2: =IFERROR(VLOOKUP($B2,'Ibri Tankers'!$D$2:$AG$138,C$28,FALSE),0) -> 254.79381 | D2: =IFERROR(VLOOKUP($B2,'Ibri Tankers'!$D$2:$AG$138,D$28,FALSE),0) -> 254.79381 | E2: =IFERROR(VLOOKUP($B2,'Ibri Tankers'!$D$2:$AG$138,E$28,FALSE),0) -> 254.79381 | F2: =IFERROR(VLOOKUP($B2,'Ibri Tankers'!$D$2:$AG$138,F$28,FALSE),0) -> 254.79381 | G2: =IFERROR(VLOOKUP($B2,'Ibri Tankers'!$D$2:$AG$138,G$28,FALSE),0) -> 254.79381 | H2: =IFERROR(VLOOKUP($B2,'Ibri Tankers'!$D$2:$AG$138,H$28,FALSE),0) -> 254.79381 | I2: =IFERROR(VLOOKUP($B2,'Ibri Tankers'!$D$2:$AG$138,I$28,FALSE),0) -> 254.79381 | J2: =IFERROR(VLOOKUP($B2,'Ibri Tankers'!$D$2:$AG$138,J$28,FALSE),0) -> 254.79381 | ... AC2: =IFERROR(VLOOKUP($B2,'Ibri Tankers'!$D$2:$AG$138,AC$28,FALSE),0) -> 254.79381 | AD2: =AC2 -> 254.79381 | AE2: =AD2 -> 254.79381 | AF2: =AE2 -> 254.79381 | AG2: =AF2 -> 254.79381 | AH2: =AG2 -> 254.79381 | AI2: =AH2 -> 254.79381 | AJ2: =AI2 -> 254.79381 | AK2: =AJ2 -> 254.79381 | ... CA2: =BZ2 -> 254.79381
A3: 2 | B3: AD DIBAYSHI | C3: =IFERROR(VLOOKUP($B3,'Ibri Tankers'!$D$2:$AG$138,C$28,FALSE),0) -> 51.839584 | D3: =IFERROR(VLOOKUP($B3,'Ibri Tankers'!$D$2:$AG$138,D$28,FALSE),0) -> 51.839584 | E3: =IFERROR(VLOOKUP($B3,'Ibri Tankers'!$D$2:$AG$138,E$28,FALSE),0) -> 51.839584 | F3: =IFERROR(VLOOKUP($B3,'Ibri Tankers'!$D$2:$AG$138,F$28,FALSE),0) -> 51.839584 | G3: =IFERROR(VLOOKUP($B3,'Ibri Tankers'!$D$2:$AG$138,G$28,FALSE),0) -> 51.839584 | H3: =IFERROR(VLOOKUP($B3,'Ibri Tankers'!$D$2:$AG$138,H$28,FALSE),0) -> 51.839584 | I3: =IFERROR(VLOOKUP($B3,'Ibri Tankers'!$D$2:$AG$138,I$28,FALSE),0) -> 51.839584 | J3: =IFERROR(VLOOKUP($B3,'Ibri Tankers'!$D$2:$AG$138,J$28,FALSE),0) -> 51.839584 | ... AC3: =IFERROR(VLOOKUP($B3,'Ibri Tankers'!$D$2:$AG$138,AC$28,FALSE),0) -> 51.839584 | AD3: =AC3 -> 51.839584 | AE3: =AD3 -> 51.839584 | AF3: =AE3 -> 51.839584 | AG3: =AF3 -> 51.839584 | AH3: =AG3 -> 51.839584 | AI3: =AH3 -> 51.839584 | AJ3: =AI3 -> 51.839584 | AK3: =AJ3 -> 51.839584 | ... CA3: =BZ3 -> 51.839584
A4: 3 | B4: AL AKHEEDAR | C4: =IFERROR(VLOOKUP($B4,'Ibri Tankers'!$D$2:$AG$138,C$28,FALSE),0) -> 4.2537247 | D4: =IFERROR(VLOOKUP($B4,'Ibri Tankers'!$D$2:$AG$138,D$28,FALSE),0) -> 4.2537247 | E4: =IFERROR(VLOOKUP($B4,'Ibri Tankers'!$D$2:$AG$138,E$28,FALSE),0) -> 4.2537247 | F4: =IFERROR(VLOOKUP($B4,'Ibri Tankers'!$D$2:$AG$138,F$28,FALSE),0) -> 4.2537247 | G4: =IFERROR(VLOOKUP($B4,'Ibri Tankers'!$D$2:$AG$138,G$28,FALSE),0) -> 4.2537247 | H4: =IFERROR(VLOOKUP($B4,'Ibri Tankers'!$D$2:$AG$138,H$28,FALSE),0) -> 4.2537247 | I4: =IFERROR(VLOOKUP($B4,'Ibri Tankers'!$D$2:$AG$138,I$28,FALSE),0) -> 4.2537247 | J4: =IFERROR(VLOOKUP($B4,'Ibri Tankers'!$D$2:$AG$138,J$28,FALSE),0) -> 4.2537247 | ... AC4: =IFERROR(VLOOKUP($B4,'Ibri Tankers'!$D$2:$AG$138,AC$28,FALSE),0) -> 4.2537247 | AD4: =AC4 -> 4.2537247 | AE4: =AD4 -> 4.2537247 | AF4: =AE4 -> 4.2537247 | AG4: =AF4 -> 4.2537247 | AH4: =AG4 -> 4.2537247 | AI4: =AH4 -> 4.2537247 | AJ4: =AI4 -> 4.2537247 | AK4: =AJ4 -> 4.2537247 | ... CA4: =BZ4 -> 4.2537247
A5: 4 | B5: AL ARAQI | C5: =IFERROR(VLOOKUP($B5,'Ibri Tankers'!$D$2:$AG$138,C$28,FALSE),0) -> 229.98042 | D5: =IFERROR(VLOOKUP($B5,'Ibri Tankers'!$D$2:$AG$138,D$28,FALSE),0) -> 229.98042 | E5: =IFERROR(VLOOKUP($B5,'Ibri Tankers'!$D$2:$AG$138,E$28,FALSE),0) -> 229.98042 | F5: =IFERROR(VLOOKUP($B5,'Ibri Tankers'!$D$2:$AG$138,F$28,FALSE),0) -> 229.98042 | G5: =IFERROR(VLOOKUP($B5,'Ibri Tankers'!$D$2:$AG$138,G$28,FALSE),0) -> 229.98042 | H5: =IFERROR(VLOOKUP($B5,'Ibri Tankers'!$D$2:$AG$138,H$28,FALSE),0) -> 229.98042 | I5: =IFERROR(VLOOKUP($B5,'Ibri Tankers'!$D$2:$AG$138,I$28,FALSE),0) -> 229.98042 | J5: =IFERROR(VLOOKUP($B5,'Ibri Tankers'!$D$2:$AG$138,J$28,FALSE),0) -> 229.98042 | ... AC5: =IFERROR(VLOOKUP($B5,'Ibri Tankers'!$D$2:$AG$138,AC$28,FALSE),0) -> 229.98042 | AD5: =AC5 -> 229.98042 | AE5: =AD5 -> 229.98042 | AF5: =AE5 -> 229.98042 | AG5: =AF5 -> 229.98042 | AH5: =AG5 -> 229.98042 | AI5: =AH5 -> 229.98042 | AJ5: =AI5 -> 229.98042 | AK5: =AJ5 -> 229.98042 | ... CA5: =BZ5 -> 229.98042
A6: 5 | B6: AL AYNAYN | C6: =IFERROR(VLOOKUP($B6,'Ibri Tankers'!$D$2:$AG$138,C$28,FALSE),0) -> 97.921601 | D6: =IFERROR(VLOOKUP($B6,'Ibri Tankers'!$D$2:$AG$138,D$28,FALSE),0) -> 97.921601 | E6: =IFERROR(VLOOKUP($B6,'Ibri Tankers'!$D$2:$AG$138,E$28,FALSE),0) -> 97.921601 | F6: =IFERROR(VLOOKUP($B6,'Ibri Tankers'!$D$2:$AG$138,F$28,FALSE),0) -> 97.921601 | G6: =IFERROR(VLOOKUP($B6,'Ibri Tankers'!$D$2:$AG$138,G$28,FALSE),0) -> 97.921601 | H6: =IFERROR(VLOOKUP($B6,'Ibri Tankers'!$D$2:$AG$138,H$28,FALSE),0) -> 97.921601 | I6: =IFERROR(VLOOKUP($B6,'Ibri Tankers'!$D$2:$AG$138,I$28,FALSE),0) -> 97.921601 | J6: =IFERROR(VLOOKUP($B6,'Ibri Tankers'!$D$2:$AG$138,J$28,FALSE),0) -> 97.921601 | ... AC6: =IFERROR(VLOOKUP($B6,'Ibri Tankers'!$D$2:$AG$138,AC$28,FALSE),0) -> 97.921601 | AD6: =AC6 -> 97.921601 | AE6: =AD6 -> 97.921601 | AF6: =AE6 -> 97.921601 | AG6: =AF6 -> 97.921601 | AH6: =AG6 -> 97.921601 | AI6: =AH6 -> 97.921601 | AJ6: =AI6 -> 97.921601 | AK6: =AJ6 -> 97.921601 | ... CA6: =BZ6 -> 97.921601
A7: 6 | B7: AL GHUBAYRAH | C7: =IFERROR(VLOOKUP($B7,'Ibri Tankers'!$D$2:$AG$138,C$28,FALSE),0) -> 13.577545 | D7: =IFERROR(VLOOKUP($B7,'Ibri Tankers'!$D$2:$AG$138,D$28,FALSE),0) -> 13.577545 | E7: =IFERROR(VLOOKUP($B7,'Ibri Tankers'!$D$2:$AG$138,E$28,FALSE),0) -> 13.577545 | F7: =IFERROR(VLOOKUP($B7,'Ibri Tankers'!$D$2:$AG$138,F$28,FALSE),0) -> 13.577545 | G7: =IFERROR(VLOOKUP($B7,'Ibri Tankers'!$D$2:$AG$138,G$28,FALSE),0) -> 13.577545 | H7: =IFERROR(VLOOKUP($B7,'Ibri Tankers'!$D$2:$AG$138,H$28,FALSE),0) -> 13.577545 | I7: =IFERROR(VLOOKUP($B7,'Ibri Tankers'!$D$2:$AG$138,I$28,FALSE),0) -> 13.577545 | J7: =IFERROR(VLOOKUP($B7,'Ibri Tankers'!$D$2:$AG$138,J$28,FALSE),0) -> 13.577545 | ... AC7: =IFERROR(VLOOKUP($B7,'Ibri Tankers'!$D$2:$AG$138,AC$28,FALSE),0) -> 13.577545 | AD7: =AC7 -> 13.577545 | AE7: =AD7 -> 13.577545 | AF7: =AE7 -> 13.577545 | AG7: =AF7 -> 13.577545 | AH7: =AG7 -> 13.577545 | AI7: =AH7 -> 13.577545 | AJ7: =AI7 -> 13.577545 | AK7: =AJ7 -> 13.577545 | ... CA7: =BZ7 -> 13.577545
A8: 7 | B8: AL JAHLI | C8: =IFERROR(VLOOKUP($B8,'Ibri Tankers'!$D$2:$AG$138,C$28,FALSE),0) -> 8.915635 | D8: =IFERROR(VLOOKUP($B8,'Ibri Tankers'!$D$2:$AG$138,D$28,FALSE),0) -> 8.915635 | E8: =IFERROR(VLOOKUP($B8,'Ibri Tankers'!$D$2:$AG$138,E$28,FALSE),0) -> 8.915635 | F8: =IFERROR(VLOOKUP($B8,'Ibri Tankers'!$D$2:$AG$138,F$28,FALSE),0) -> 8.915635 | G8: =IFERROR(VLOOKUP($B8,'Ibri Tankers'!$D$2:$AG$138,G$28,FALSE),0) -> 8.915635 | H8: =IFERROR(VLOOKUP($B8,'Ibri Tankers'!$D$2:$AG$138,H$28,FALSE),0) -> 8.915635 | I8: =IFERROR(VLOOKUP($B8,'Ibri Tankers'!$D$2:$AG$138,I$28,FALSE),0) -> 8.915635 | J8: =IFERROR(VLOOKUP($B8,'Ibri Tankers'!$D$2:$AG$138,J$28,FALSE),0) -> 8.915635 | ... AC8: =IFERROR(VLOOKUP($B8,'Ibri Tankers'!$D$2:$AG$138,AC$28,FALSE),0) -> 8.915635 | AD8: =AC8 -> 8.915635 | AE8: =AD8 -> 8.915635 | AF8: =AE8 -> 8.915635 | AG8: =AF8 -> 8.915635 | AH8: =AG8 -> 8.915635 | AI8: =AH8 -> 8.915635 | AJ8: =AI8 -> 8.915635 | AK8: =AJ8 -> 8.915635 | ... CA8: =BZ8 -> 8.915635
A9: 8 | B9: AL JIBAYYAH | C9: =IFERROR(VLOOKUP($B9,'Ibri Tankers'!$D$2:$AG$138,C$28,FALSE),0) -> 57.747535 | D9: =IFERROR(VLOOKUP($B9,'Ibri Tankers'!$D$2:$AG$138,D$28,FALSE),0) -> 57.747535 | E9: =IFERROR(VLOOKUP($B9,'Ibri Tankers'!$D$2:$AG$138,E$28,FALSE),0) -> 57.747535 | F9: =IFERROR(VLOOKUP($B9,'Ibri Tankers'!$D$2:$AG$138,F$28,FALSE),0) -> 57.747535 | G9: =IFERROR(VLOOKUP($B9,'Ibri Tankers'!$D$2:$AG$138,G$28,FALSE),0) -> 57.747535 | H9: =IFERROR(VLOOKUP($B9,'Ibri Tankers'!$D$2:$AG$138,H$28,FALSE),0) -> 57.747535 | I9: =IFERROR(VLOOKUP($B9,'Ibri Tankers'!$D$2:$AG$138,I$28,FALSE),0) -> 57.747535 | J9: =IFERROR(VLOOKUP($B9,'Ibri Tankers'!$D$2:$AG$138,J$28,FALSE),0) -> 57.747535 | ... AC9: =IFERROR(VLOOKUP($B9,'Ibri Tankers'!$D$2:$AG$138,AC$28,FALSE),0) -> 57.747535 | AD9: =AC9 -> 57.747535 | AE9: =AD9 -> 57.747535 | AF9: =AE9 -> 57.747535 | AG9: =AF9 -> 57.747535 | AH9: =AG9 -> 57.747535 | AI9: =AH9 -> 57.747535 | AJ9: =AI9 -> 57.747535 | AK9: =AJ9 -> 57.747535 | ... CA9: =BZ9 -> 57.747535
A10: 9 | B10: AL MAKHTIBYAH | C10: =IFERROR(VLOOKUP($B10,'Ibri Tankers'!$D$2:$AG$138,C$28,FALSE),0) -> 2.6209819 | D10: =IFERROR(VLOOKUP($B10,'Ibri Tankers'!$D$2:$AG$138,D$28,FALSE),0) -> 2.6209819 | E10: =IFERROR(VLOOKUP($B10,'Ibri Tankers'!$D$2:$AG$138,E$28,FALSE),0) -> 2.6209819 | F10: =IFERROR(VLOOKUP($B10,'Ibri Tankers'!$D$2:$AG$138,F$28,FALSE),0) -> 2.6209819 | G10: =IFERROR(VLOOKUP($B10,'Ibri Tankers'!$D$2:$AG$138,G$28,FALSE),0) -> 2.6209819 | H10: =IFERROR(VLOOKUP($B10,'Ibri Tankers'!$D$2:$AG$138,H$28,FALSE),0) -> 2.6209819 | I10: =IFERROR(VLOOKUP($B10,'Ibri Tankers'!$D$2:$AG$138,I$28,FALSE),0) -> 2.6209819 | J10: =IFERROR(VLOOKUP($B10,'Ibri Tankers'!$D$2:$AG$138,J$28,FALSE),0) -> 2.6209819 | ... AC10: =IFERROR(VLOOKUP($B10,'Ibri Tankers'!$D$2:$AG$138,AC$28,FALSE),0) -> 2.6209819 | AD10: =AC10 -> 2.6209819 | AE10: =AD10 -> 2.6209819 | AF10: =AE10 -> 2.6209819 | AG10: =AF10 -> 2.6209819 | AH10: =AG10 -> 2.6209819 | AI10: =AH10 -> 2.6209819 | AJ10: =AI10 -> 2.6209819 | AK10: =AJ10 -> 2.6209819 | ... CA10: =BZ10 -> 2.6209819
A11: 10 | B11: AL QALI | C11: =IFERROR(VLOOKUP($B11,'Ibri Tankers'!$D$2:$AG$138,C$28,FALSE),0) -> 4.1033404 | D11: =IFERROR(VLOOKUP($B11,'Ibri Tankers'!$D$2:$AG$138,D$28,FALSE),0) -> 4.1033404 | E11: =IFERROR(VLOOKUP($B11,'Ibri Tankers'!$D$2:$AG$138,E$28,FALSE),0) -> 4.1033404 | F11: =IFERROR(VLOOKUP($B11,'Ibri Tankers'!$D$2:$AG$138,F$28,FALSE),0) -> 4.1033404 | G11: =IFERROR(VLOOKUP($B11,'Ibri Tankers'!$D$2:$AG$138,G$28,FALSE),0) -> 4.1033404 | H11: =IFERROR(VLOOKUP($B11,'Ibri Tankers'!$D$2:$AG$138,H$28,FALSE),0) -> 4.1033404 | I11: =IFERROR(VLOOKUP($B11,'Ibri Tankers'!$D$2:$AG$138,I$28,FALSE),0) -> 4.1033404 | J11: =IFERROR(VLOOKUP($B11,'Ibri Tankers'!$D$2:$AG$138,J$28,FALSE),0) -> 4.1033404 | ... AC11: =IFERROR(VLOOKUP($B11,'Ibri Tankers'!$D$2:$AG$138,AC$28,FALSE),0) -> 4.1033404 | AD11: =AC11 -> 4.1033404 | AE11: =AD11 -> 4.1033404 | AF11: =AE11 -> 4.1033404 | AG11: =AF11 -> 4.1033404 | AH11: =AG11 -> 4.1033404 | AI11: =AH11 -> 4.1033404 | AJ11: =AI11 -> 4.1033404 | AK11: =AJ11 -> 4.1033404 | ... CA11: =BZ11 -> 4.1033404
A12: 11 | B12: AL QURAYN | C12: =IFERROR(VLOOKUP($B12,'Ibri Tankers'!$D$2:$AG$138,C$28,FALSE),0) -> 11.794418 | D12: =IFERROR(VLOOKUP($B12,'Ibri Tankers'!$D$2:$AG$138,D$28,FALSE),0) -> 11.794418 | E12: =IFERROR(VLOOKUP($B12,'Ibri Tankers'!$D$2:$AG$138,E$28,FALSE),0) -> 11.794418 | F12: =IFERROR(VLOOKUP($B12,'Ibri Tankers'!$D$2:$AG$138,F$28,FALSE),0) -> 11.794418 | G12: =IFERROR(VLOOKUP($B12,'Ibri Tankers'!$D$2:$AG$138,G$28,FALSE),0) -> 11.794418 | H12: =IFERROR(VLOOKUP($B12,'Ibri Tankers'!$D$2:$AG$138,H$28,FALSE),0) -> 11.794418 | I12: =IFERROR(VLOOKUP($B12,'Ibri Tankers'!$D$2:$AG$138,I$28,FALSE),0) -> 11.794418 | J12: =IFERROR(VLOOKUP($B12,'Ibri Tankers'!$D$2:$AG$138,J$28,FALSE),0) -> 11.794418 | ... AC12: =IFERROR(VLOOKUP($B12,'Ibri Tankers'!$D$2:$AG$138,AC$28,FALSE),0) -> 11.794418 | AD12: =AC12 -> 11.794418 | AE12: =AD12 -> 11.794418 | AF12: =AE12 -> 11.794418 | AG12: =AF12 -> 11.794418 | AH12: =AG12 -> 11.794418 | AI12: =AH12 -> 11.794418 | AJ12: =AI12 -> 11.794418 | AK12: =AJ12 -> 11.794418 | ... CA12: =BZ12 -> 11.794418
A13: 12 | B13: AL WAHRAH | C13: =IFERROR(VLOOKUP($B13,'Ibri Tankers'!$D$2:$AG$138,C$28,FALSE),0) -> 72.055518 | D13: =IFERROR(VLOOKUP($B13,'Ibri Tankers'!$D$2:$AG$138,D$28,FALSE),0) -> 72.055518 | E13: =IFERROR(VLOOKUP($B13,'Ibri Tankers'!$D$2:$AG$138,E$28,FALSE),0) -> 72.055518 | F13: =IFERROR(VLOOKUP($B13,'Ibri Tankers'!$D$2:$AG$138,F$28,FALSE),0) -> 72.055518 | G13: =IFERROR(VLOOKUP($B13,'Ibri Tankers'!$D$2:$AG$138,G$28,FALSE),0) -> 72.055518 | H13: =IFERROR(VLOOKUP($B13,'Ibri Tankers'!$D$2:$AG$138,H$28,FALSE),0) -> 72.055518 | I13: =IFERROR(VLOOKUP($B13,'Ibri Tankers'!$D$2:$AG$138,I$28,FALSE),0) -> 72.055518 | J13: =IFERROR(VLOOKUP($B13,'Ibri Tankers'!$D$2:$AG$138,J$28,FALSE),0) -> 72.055518 | ... AC13: =IFERROR(VLOOKUP($B13,'Ibri Tankers'!$D$2:$AG$138,AC$28,FALSE),0) -> 72.055518 | AD13: =AC13 -> 72.055518 | AE13: =AD13 -> 72.055518 | AF13: =AE13 -> 72.055518 | AG13: =AF13 -> 72.055518 | AH13: =AG13 -> 72.055518 | AI13: =AH13 -> 72.055518 | AJ13: =AI13 -> 72.055518 | AK13: =AJ13 -> 72.055518 | ... CA13: =BZ13 -> 72.055518
... A26: 25 | B26: WADI AL MANKAS | C26: =IFERROR(VLOOKUP($B26,'Ibri Tankers'!$D$2:$AG$138,C$28,FALSE),0) -> 0 | D26: =IFERROR(VLOOKUP($B26,'Ibri Tankers'!$D$2:$AG$138,D$28,FALSE),0) -> 0 | E26: =IFERROR(VLOOKUP($B26,'Ibri Tankers'!$D$2:$AG$138,E$28,FALSE),0) -> 0 | F26: =IFERROR(VLOOKUP($B26,'Ibri Tankers'!$D$2:$AG$138,F$28,FALSE),0) -> 0 | G26: =IFERROR(VLOOKUP($B26,'Ibri Tankers'!$D$2:$AG$138,G$28,FALSE),0) -> 0 | H26: =IFERROR(VLOOKUP($B26,'Ibri Tankers'!$D$2:$AG$138,H$28,FALSE),0) -> 0 | I26: =IFERROR(VLOOKUP($B26,'Ibri Tankers'!$D$2:$AG$138,I$28,FALSE),0) -> 0 | J26: =IFERROR(VLOOKUP($B26,'Ibri Tankers'!$D$2:$AG$138,J$28,FALSE),0) -> 0 | ... AC26: =IFERROR(VLOOKUP($B26,'Ibri Tankers'!$D$2:$AG$138,AC$28,FALSE),0) -> 0 | AD26: =AC26 -> 0 | AE26: =AD26 -> 0 | AF26: =AE26 -> 0 | AG26: =AF26 -> 0 | AH26: =AG26 -> 0 | AI26: =AH26 -> 0 | AJ26: =AI26 -> 0 | AK26: =AJ26 -> 0 | ... CA26: =BZ26 -> 0
B28: Index | C28: 4 | D28: 5 | E28: 6 | F28: 7 | G28: 8 | H28: 9 | I28: 10 | J28: 11 | K28: 12 | L28: 13 | M28: 14 | N28: 15 | O28: 16 | P28: 17 | Q28: 18 | R28: 19 | S28: 20 | T28: 21 | U28: 22 | V28: 23 | W28: 24 | X28: 25 | Y28: 26 | Z28: 27 | AA28: 28 | AB28: 29 | AC28: 30

Sheet Project WW Generation
A1: No. | B1: Name | C1: WWG 2024 | D1: WWG 2025 | E1: WWG 2026 | F1: WWG 2027 | G1: WWG 2028 | H1: WWG 2029 | I1: WWG 2030 | J1: WWG 2031 | K1: WWG 2032 | L1: WWG 2033 | M1: WWG 2034 | N1: WWG 2035 | O1: WWG 2036 | P1: WWG 2037 | Q1: WWG 2038 | R1: WWG 2039 | S1: WWG 2040 | T1: WWG 2041 | U1: WWG 2042 | V1: WWG 2043 | W1: WWG 2044 | X1: WWG 2045 | Y1: WWG 2046 | Z1: WWG 2047 | AA1: WWG 2048 | AB1: WWG 2049 | AC1: WWG 2050 | AD1: WWG 2051 | AE1: WWG 2052 | AF1: WWG 2053 | AG1: WWG 2054 | AH1: WWG 2055 | AI1: WWG 2056 | AJ1: WWG 2057 | AK1: WWG 2058 | AL1: WWG 2059 | AM1: WWG 2060 | AN1: WWG 2061 | AO1: WWG 2062 | AP1: WWG 2063 | AQ1: WWG 2064 | AR1: WWG 2065 | AS1: WWG 2066 | AT1: WWG 2067 | AU1: WWG 2068 | AV1: WWG 2069 | AW1: WWG 2070 | AX1: WWG 2071 | AY1: WWG 2072 | AZ1: WWG 2073 | BA1: WWG 2074 | BB1: WWG 2075 | BC1: WWG 2076 | BD1: WWG 2077 | BE1: WWG 2078 | BF1: WWG 2079 | BG1: WWG 2080 | BH1: WWG 2081 | BI1: WWG 2082 | BJ1: WWG 2083 | BK1: WWG 2084 | BL1: WWG 2085 | BM1: WWG 2086 | BN1: WWG 2087 | BO1: WWG 2088 | BP1: WWG 2089 | BQ1: WWG 2090 | BR1: WWG 2091 | BS1: WWG 2092 | BT1: WWG 2093 | BU1: WWG 2094 | BV1: WWG 2095 | BW1: WWG 2096 | BX1: WWG 2097 | BY1: WWG 2098 | BZ1: WWG 2099 | CA1: WWG 2100
A2: 1 | B2: AD DARIZ | C2: =(('Project W Pop Connected'!D2*'Water Demand Criteria'!G$17/1000)*('Wastewater Criteria'!$C$8+'Wastewater Criteria'!$C$10*'Water Demand Criteria'!G$56+'Water Demand Criteria'!G$37*'Wastewater Criteria'!$C$11)*(1+'Wastewater Criteria'!$C$23)+('Project Tankers'!C2*'Wastewater Criteria'!$C$9))*(1+'Wastewater Criteria'!$C$36) -> 1608.7405 | D2: =(('Project W Pop Connected'!E2*'Water Demand Criteria'!H$17/1000)*('Wastewater Criteria'!$C$8+'Wastewater Criteria'!$C$10*'Water Demand Criteria'!H$56+'Water Demand Criteria'!H$37*'Wastewater Criteria'!$C$11)*(1+'Wastewater Criteria'!$C$23)+('Project Tankers'!D2*'Wastewater Criteria'!$C$9))*(1+'Wastewater Criteria'!$C$36) -> 1714.2203 | E2: =(('Project W Pop Connected'!F2*'Water Demand Criteria'!I$17/1000)*('Wastewater Criteria'!$C$8+'Wastewater Criteria'!$C$10*'Water Demand Criteria'!I$56+'Water Demand Criteria'!I$37*'Wastewater Criteria'!$C$11)*(1+'Wastewater Criteria'!$C$23)+('Project Tankers'!E2*'Wastewater Criteria'!$C$9))*(1+'Wastewater Criteria'!$C$36) -> 1829.2675 | F2: =(('Project W Pop Connected'!G2*'Water Demand Criteria'!J$17/1000)*('Wastewater Criteria'!$C$8+'Wastewater Criteria'!$C$10*'Water Demand Criteria'!J$56+'Water Demand Criteria'!J$37*'Wastewater Criteria'!$C$11)*(1+'Wastewater Criteria'!$C$23)+('Project Tankers'!F2*'Wastewater Criteria'!$C$9))*(1+'Wastewater Criteria'!$C$36) -> 1948.9573 | G2: =(('Project W Pop Connected'!H2*'Water Demand Criteria'!K$17/1000)*('Wastewater Criteria'!$C$8+'Wastewater Criteria'!$C$10*'Water Demand Criteria'!K$56+'Water Demand Criteria'!K$37*'Wastewater Criteria'!$C$11)*(1+'Wastewater Criteria'!$C$23)+('Project Tankers'!G2*'Wastewater Criteria'!$C$9))*(1+'Wastewater Criteria'!$C$36) -> 2073.4917 | H2: =(('Project W Pop Connected'!I2*'Water Demand Criteria'!L$17/1000)*('Wastewater Criteria'!$C$8+'Wastewater Criteria'!$C$10*'Water Demand Criteria'!L$56+'Water Demand Criteria'!L$37*'Wastewater Criteria'!$C$11)*(1+'Wastewater Criteria'!$C$23)+('Project Tankers'!H2*'Wastewater Criteria'!$C$9))*(1+'Wastewater Criteria'!$C$36) -> 2202.9909 | I2: =(('Project W Pop Connected'!J2*'Water Demand Criteria'!M$17/1000)*('Wastewater Criteria'!$C$8+'Wastewater Criteria'!$C$10*'Water Demand Criteria'!M$56+'Water Demand Criteria'!M$37*'Wastewater Criteria'!$C$11)*(1+'Wastewater Criteria'!$C$23)+('Project Tankers'!I2*'Wastewater Criteria'!$C$9))*(1+'Wastewater Criteria'!$C$36) -> 2328.6597 | J2: =(('Project W Pop Connected'!K2*'Water Demand Criteria'!N$17/1000)*('Wastewater Criteria'!$C$8+'Wastewater Criteria'!$C$10*'Water Demand Criteria'!N$56+'Water Demand Criteria'!N$37*'Wastewater Criteria'!$C$11)*(1+'Wastewater Criteria'!$C$23)+('Project Tankers'!J2*'Wastewater Criteria'!$C$9))*(1+'Wastewater Criteria'!$C$36) -> 2467.7103 | ... CA2: =(('Project W Pop Connected'!CB2*'Water Demand Criteria'!CE$17/1000)*('Wastewater Criteria'!$C$8+'Wastewater Criteria'!$C$10*'Water Demand Criteria'!CE$56+'Water Demand Criteria'!CE$37*'Wastewater Criteria'!$C$11)*(1+'Wastewater Criteria'!$C$23)+('Project Tankers'!CA2*'Wastewater Criteria'!$C$9))*(1+'Wastewater Criteria'!$C$36) -> 16100.222
A3: 2 | B3: AD DIBAYSHI | C3: =(('Project W Pop Connected'!D3*'Water Demand Criteria'!G$17/1000)*('Wastewater Criteria'!$C$8+'Wastewater Criteria'!$C$10*'Water Demand Criteria'!G$56+'Water Demand Criteria'!G$37*'Wastewater Criteria'!$C$11)*(1+'Wastewater Criteria'!$C$23)+('Project Tankers'!C3*'Wastewater Criteria'!$C$9))*(1+'Wastewater Criteria'!$C$36) -> 327.30951 | D3: =(('Project W Pop Connected'!E3*'Water Demand Criteria'!H$17/1000)*('Wastewater Criteria'!$C$8+'Wastewater Criteria'!$C$10*'Water Demand Criteria'!H$56+'Water Demand Criteria'!H$37*'Wastewater Criteria'!$C$11)*(1+'Wastewater Criteria'!$C$23)+('Project Tankers'!D3*'Wastewater Criteria'!$C$9))*(1+'Wastewater Criteria'!$C$36) -> 348.77011 | E3: =(('Project W Pop Connected'!F3*'Water Demand Criteria'!I$17/1000)*('Wastewater Criteria'!$C$8+'Wastewater Criteria'!$C$10*'Water Demand Criteria'!I$56+'Water Demand Criteria'!I$37*'Wastewater Criteria'!$C$11)*(1+'Wastewater Criteria'!$C$23)+('Project Tankers'!E3*'Wastewater Criteria'!$C$9))*(1+'Wastewater Criteria'!$C$36) -> 372.17728 | F3: =(('Project W Pop Connected'!G3*'Water Demand Criteria'!J$17/1000)*('Wastewater Criteria'!$C$8+'Wastewater Criteria'!$C$10*'Water Demand Criteria'!J$56+'Water Demand Criteria'!J$37*'Wastewater Criteria'!$C$11)*(1+'Wastewater Criteria'!$C$23)+('Project Tankers'!F3*'Wastewater Criteria'!$C$9))*(1+'Wastewater Criteria'!$C$36) -> 396.529 | G3: =(('Project W Pop Connected'!H3*'Water Demand Criteria'!K$17/1000)*('Wastewater Criteria'!$C$8+'Wastewater Criteria'!$C$10*'Water Demand Criteria'!K$56+'Water Demand Criteria'!K$37*'Wastewater Criteria'!$C$11)*(1+'Wastewater Criteria'!$C$23)+('Project Tankers'!G3*'Wastewater Criteria'!$C$9))*(1+'Wastewater Criteria'!$C$36) -> 421.86639 | H3: =(('Project W Pop Connected'!I3*'Water Demand Criteria'!L$17/1000)*('Wastewater Criteria'!$C$8+'Wastewater Criteria'!$C$10*'Water Demand Criteria'!L$56+'Water Demand Criteria'!L$37*'Wastewater Criteria'!$C$11)*(1+'Wastewater Criteria'!$C$23)+('Project Tankers'!H3*'Wastewater Criteria'!$C$9))*(1+'Wastewater Criteria'!$C$36) -> 448.21392 | I3: =(('Project W Pop Connected'!J3*'Water Demand Criteria'!M$17/1000)*('Wastewater Criteria'!$C$8+'Wastewater Criteria'!$C$10*'Water Demand Criteria'!M$56+'Water Demand Criteria'!M$37*'Wastewater Criteria'!$C$11)*(1+'Wastewater Criteria'!$C$23)+('Project Tankers'!I3*'Wastewater Criteria'!$C$9))*(1+'Wastewater Criteria'!$C$36) -> 473.78212 | J3: =(('Project W Pop Connected'!K3*'Water Demand Criteria'!N$17/1000)*('Wastewater Criteria'!$C$8+'Wastewater Criteria'!$C$10*'Water Demand Criteria'!N$56+'Water Demand Criteria'!N$37*'Wastewater Criteria'!$C$11)*(1+'Wastewater Criteria'!$C$23)+('Project Tankers'!J3*'Wastewater Criteria'!$C$9))*(1+'Wastewater Criteria'!$C$36) -> 502.07293 | ... CA3: =(('Project W Pop Connected'!CB3*'Water Demand Criteria'!CE$17/1000)*('Wastewater Criteria'!$C$8+'Wastewater Criteria'!$C$10*'Water Demand Criteria'!CE$56+'Water Demand Criteria'!CE$37*'Wastewater Criteria'!$C$11)*(1+'Wastewater Criteria'!$C$23)+('Project Tankers'!CA3*'Wastewater Criteria'!$C$9))*(1+'Wastewater Criteria'!$C$36) -> 3275.7029
A4: 3 | B4: AL AKHEEDAR | C4: =(('Project W Pop Connected'!D4*'Water Demand Criteria'!G$17/1000)*('Wastewater Criteria'!$C$8+'Wastewater Criteria'!$C$10*'Water Demand Criteria'!G$56+'Water Demand Criteria'!G$37*'Wastewater Criteria'!$C$11)*(1+'Wastewater Criteria'!$C$23)+('Project Tankers'!C4*'Wastewater Criteria'!$C$9))*(1+'Wastewater Criteria'!$C$36) -> 26.857556 | D4: =(('Project W Pop Connected'!E4*'Water Demand Criteria'!H$17/1000)*('Wastewater Criteria'!$C$8+'Wastewater Criteria'!$C$10*'Water Demand Criteria'!H$56+'Water Demand Criteria'!H$37*'Wastewater Criteria'!$C$11)*(1+'Wastewater Criteria'!$C$23)+('Project Tankers'!D4*'Wastewater Criteria'!$C$9))*(1+'Wastewater Criteria'!$C$36) -> 28.618517 | E4: =(('Project W Pop Connected'!F4*'Water Demand Criteria'!I$17/1000)*('Wastewater Criteria'!$C$8+'Wastewater Criteria'!$C$10*'Water Demand Criteria'!I$56+'Water Demand Criteria'!I$37*'Wastewater Criteria'!$C$11)*(1+'Wastewater Criteria'!$C$23)+('Project Tankers'!E4*'Wastewater Criteria'!$C$9))*(1+'Wastewater Criteria'!$C$36) -> 30.539205 | F4: =(('Project W Pop Connected'!G4*'Water Demand Criteria'!J$17/1000)*('Wastewater Criteria'!$C$8+'Wastewater Criteria'!$C$10*'Water Demand Criteria'!J$56+'Water Demand Criteria'!J$37*'Wastewater Criteria'!$C$11)*(1+'Wastewater Criteria'!$C$23)+('Project Tankers'!F4*'Wastewater Criteria'!$C$9))*(1+'Wastewater Criteria'!$C$36) -> 32.537398 | G4: =(('Project W Pop Connected'!H4*'Water Demand Criteria'!K$17/1000)*('Wastewater Criteria'!$C$8+'Wastewater Criteria'!$C$10*'Water Demand Criteria'!K$56+'Water Demand Criteria'!K$37*'Wastewater Criteria'!$C$11)*(1+'Wastewater Criteria'!$C$23)+('Project Tankers'!G4*'Wastewater Criteria'!$C$9))*(1+'Wastewater Criteria'!$C$36) -> 34.616472 | H4: =(('Project W Pop Connected'!I4*'Water Demand Criteria'!L$17/1000)*('Wastewater Criteria'!$C$8+'Wastewater Criteria'!$C$10*'Water Demand Criteria'!L$56+'Water Demand Criteria'!L$37*'Wastewater Criteria'!$C$11)*(1+'Wastewater Criteria'!$C$23)+('Project Tankers'!H4*'Wastewater Criteria'!$C$9))*(1+'Wastewater Criteria'!$C$36) -> 36.778432 | I4: =(('Project W Pop Connected'!J4*'Water Demand Criteria'!M$17/1000)*('Wastewater Criteria'!$C$8+'Wastewater Criteria'!$C$10*'Water Demand Criteria'!M$56+'Water Demand Criteria'!M$37*'Wastewater Criteria'!$C$11)*(1+'Wastewater Criteria'!$C$23)+('Project Tankers'!I4*'Wastewater Criteria'!$C$9))*(1+'Wastewater Criteria'!$C$36) -> 38.876444 | J4: =(('Project W Pop Connected'!K4*'Water Demand Criteria'!N$17/1000)*('Wastewater Criteria'!$C$8+'Wastewater Criteria'!$C$10*'Water Demand Criteria'!N$56+'Water Demand Criteria'!N$37*'Wastewater Criteria'!$C$11)*(1+'Wastewater Criteria'!$C$23)+('Project Tankers'!J4*'Wastewater Criteria'!$C$9))*(1+'Wastewater Criteria'!$C$36) -> 41.197862 | ... CA4: =(('Project W Pop Connected'!CB4*'Water Demand Criteria'!CE$17/1000)*('Wastewater Criteria'!$C$8+'Wastewater Criteria'!$C$10*'Water Demand Criteria'!CE$56+'Water Demand Criteria'!CE$37*'Wastewater Criteria'!$C$11)*(1+'Wastewater Criteria'!$C$23)+('Project Tankers'!CA4*'Wastewater Criteria'!$C$9))*(1+'Wastewater Criteria'!$C$36) -> 268.78954
A5: 4 | B5: AL ARAQI | C5: =(('Project W Pop Connected'!D5*'Water Demand Criteria'!G$17/1000)*('Wastewater Criteria'!$C$8+'Wastewater Criteria'!$C$10*'Water Demand Criteria'!G$56+'Water Demand Criteria'!G$37*'Wastewater Criteria'!$C$11)*(1+'Wastewater Criteria'!$C$23)+('Project Tankers'!C5*'Wastewater Criteria'!$C$9))*(1+'Wastewater Criteria'!$C$36) -> 1452.0714 | D5: =(('Project W Pop Connected'!E5*'Water Demand Criteria'!H$17/1000)*('Wastewater Criteria'!$C$8+'Wastewater Criteria'!$C$10*'Water Demand Criteria'!H$56+'Water Demand Criteria'!H$37*'Wastewater Criteria'!$C$11)*(1+'Wastewater Criteria'!$C$23)+('Project Tankers'!D5*'Wastewater Criteria'!$C$9))*(1+'Wastewater Criteria'!$C$36) -> 1547.2789 | E5: =(('Project W Pop Connected'!F5*'Water Demand Criteria'!I$17/1000)*('Wastewater Criteria'!$C$8+'Wastewater Criteria'!$C$10*'Water Demand Criteria'!I$56+'Water Demand Criteria'!I$37*'Wastewater Criteria'!$C$11)*(1+'Wastewater Criteria'!$C$23)+('Project Tankers'!E5*'Wastewater Criteria'!$C$9))*(1+'Wastewater Criteria'!$C$36) -> 1651.1222 | F5: =(('Project W Pop Connected'!G5*'Water Demand Criteria'!J$17/1000)*('Wastewater Criteria'!$C$8+'Wastewater Criteria'!$C$10*'Water Demand Criteria'!J$56+'Water Demand Criteria'!J$37*'Wastewater Criteria'!$C$11)*(1+'Wastewater Criteria'!$C$23)+('Project Tankers'!F5*'Wastewater Criteria'!$C$9))*(1+'Wastewater Criteria'!$C$36) -> 1759.1558 | G5: =(('Project W Pop Connected'!H5*'Water Demand Criteria'!K$17/1000)*('Wastewater Criteria'!$C$8+'Wastewater Criteria'!$C$10*'Water Demand Criteria'!K$56+'Water Demand Criteria'!K$37*'Wastewater Criteria'!$C$11)*(1+'Wastewater Criteria'!$C$23)+('Project Tankers'!G5*'Wastewater Criteria'!$C$9))*(1+'Wastewater Criteria'!$C$36) -> 1871.5623 | H5: =(('Project W Pop Connected'!I5*'Water Demand Criteria'!L$17/1000)*('Wastewater Criteria'!$C$8+'Wastewater Criteria'!$C$10*'Water Demand Criteria'!L$56+'Water Demand Criteria'!L$37*'Wastewater Criteria'!$C$11)*(1+'Wastewater Criteria'!$C$23)+('Project Tankers'!H5*'Wastewater Criteria'!$C$9))*(1+'Wastewater Criteria'!$C$36) -> 1988.4501 | I5: =(('Project W Pop Connected'!J5*'Water Demand Criteria'!M$17/1000)*('Wastewater Criteria'!$C$8+'Wastewater Criteria'!$C$10*'Water Demand Criteria'!M$56+'Water Demand Criteria'!M$37*'Wastewater Criteria'!$C$11)*(1+'Wastewater Criteria'!$C$23)+('Project Tankers'!I5*'Wastewater Criteria'!$C$9))*(1+'Wastewater Criteria'!$C$36) -> 2101.8805 | J5: =(('Project W Pop Connected'!K5*'Water Demand Criteria'!N$17/1000)*('Wastewater Criteria'!$C$8+'Wastewater Criteria'!$C$10*'Water Demand Criteria'!N$56+'Water Demand Criteria'!N$37*'Wastewater Criteria'!$C$11)*(1+'Wastewater Criteria'!$C$23)+('Project Tankers'!J5*'Wastewater Criteria'!$C$9))*(1+'Wastewater Criteria'!$C$36) -> 2227.3895 | ... CA5: =(('Project W Pop Connected'!CB5*'Water Demand Criteria'!CE$17/1000)*('Wastewater Criteria'!$C$8+'Wastewater Criteria'!$C$10*'Water Demand Criteria'!CE$56+'Water Demand Criteria'!CE$37*'Wastewater Criteria'!$C$11)*(1+'Wastewater Criteria'!$C$23)+('Project Tankers'!CA5*'Wastewater Criteria'!$C$9))*(1+'Wastewater Criteria'!$C$36) -> 14532.283
A6: 5 | B6: AL AYNAYN | C6: =(('Project W Pop Connected'!D6*'Water Demand Criteria'!G$17/1000)*('Wastewater Criteria'!$C$8+'Wastewater Criteria'!$C$10*'Water Demand Criteria'!G$56+'Water Demand Criteria'!G$37*'Wastewater Criteria'!$C$11)*(1+'Wastewater Criteria'!$C$23)+('Project Tankers'!C6*'Wastewater Criteria'!$C$9))*(1+'Wastewater Criteria'!$C$36) -> 618.26637 | D6: =(('Project W Pop Connected'!E6*'Water Demand Criteria'!H$17/1000)*('Wastewater Criteria'!$C$8+'Wastewater Criteria'!$C$10*'Water Demand Criteria'!H$56+'Water Demand Criteria'!H$37*'Wastewater Criteria'!$C$11)*(1+'Wastewater Criteria'!$C$23)+('Project Tankers'!D6*'Wastewater Criteria'!$C$9))*(1+'Wastewater Criteria'!$C$36) -> 658.80404 | E6: =(('Project W Pop Connected'!F6*'Water Demand Criteria'!I$17/1000)*('Wastewater Criteria'!$C$8+'Wastewater Criteria'!$C$10*'Water Demand Criteria'!I$56+'Water Demand Criteria'!I$37*'Wastewater Criteria'!$C$11)*(1+'Wastewater Criteria'!$C$23)+('Project Tankers'!E6*'Wastewater Criteria'!$C$9))*(1+'Wastewater Criteria'!$C$36) -> 703.01867 | F6: =(('Project W Pop Connected'!G6*'Water Demand Criteria'!J$17/1000)*('Wastewater Criteria'!$C$8+'Wastewater Criteria'!$C$10*'Water Demand Criteria'!J$56+'Water Demand Criteria'!J$37*'Wastewater Criteria'!$C$11)*(1+'Wastewater Criteria'!$C$23)+('Project Tankers'!F6*'Wastewater Criteria'!$C$9))*(1+'Wastewater Criteria'!$C$36) -> 749.01748 | G6: =(('Project W Pop Connected'!H6*'Water Demand Criteria'!K$17/1000)*('Wastewater Criteria'!$C$8+'Wastewater Criteria'!$C$10*'Water Demand Criteria'!K$56+'Water Demand Criteria'!K$37*'Wastewater Criteria'!$C$11)*(1+'Wastewater Criteria'!$C$23)+('Project Tankers'!G6*'Wastewater Criteria'!$C$9))*(1+'Wastewater Criteria'!$C$36) -> 796.87817 | H6: =(('Project W Pop Connected'!I6*'Water Demand Criteria'!L$17/1000)*('Wastewater Criteria'!$C$8+'Wastewater Criteria'!$C$10*'Water Demand Criteria'!L$56+'Water Demand Criteria'!L$37*'Wastewater Criteria'!$C$11)*(1+'Wastewater Criteria'!$C$23)+('Project Tankers'!H6*'Wastewater Criteria'!$C$9))*(1+'Wastewater Criteria'!$C$36) -> 846.64693 | I6: =(('Project W Pop Connected'!J6*'Water Demand Criteria'!M$17/1000)*('Wastewater Criteria'!$C$8+'Wastewater Criteria'!$C$10*'Water Demand Criteria'!M$56+'Water Demand Criteria'!M$37*'Wastewater Criteria'!$C$11)*(1+'Wastewater Criteria'!$C$23)+('Project Tankers'!I6*'Wastewater Criteria'!$C$9))*(1+'Wastewater Criteria'!$C$36) -> 894.9436 | J6: =(('Project W Pop Connected'!K6*'Water Demand Criteria'!N$17/1000)*('Wastewater Criteria'!$C$8+'Wastewater Criteria'!$C$10*'Water Demand Criteria'!N$56+'Water Demand Criteria'!N$37*'Wastewater Criteria'!$C$11)*(1+'Wastewater Criteria'!$C$23)+('Project Tankers'!J6*'Wastewater Criteria'!$C$9))*(1+'Wastewater Criteria'!$C$36) -> 948.38311 | ... CA6: =(('Project W Pop Connected'!CB6*'Water Demand Criteria'!CE$17/1000)*('Wastewater Criteria'!$C$8+'Wastewater Criteria'!$C$10*'Water Demand Criteria'!CE$56+'Water Demand Criteria'!CE$37*'Wastewater Criteria'!$C$11)*(1+'Wastewater Criteria'!$C$23)+('Project Tankers'!CA6*'Wastewater Criteria'!$C$9))*(1+'Wastewater Criteria'!$C$36) -> 6187.5896
A7: 6 | B7: AL GHUBAYRAH | C7: =(('Project W Pop Connected'!D7*'Water Demand Criteria'!G$17/1000)*('Wastewater Criteria'!$C$8+'Wastewater Criteria'!$C$10*'Water Demand Criteria'!G$56+'Water Demand Criteria'!G$37*'Wastewater Criteria'!$C$11)*(1+'Wastewater Criteria'!$C$23)+('Project Tankers'!C7*'Wastewater Criteria'!$C$9))*(1+'Wastewater Criteria'!$C$36) -> 85.727149 | D7: =(('Project W Pop Connected'!E7*'Water Demand Criteria'!H$17/1000)*('Wastewater Criteria'!$C$8+'Wastewater Criteria'!$C$10*'Water Demand Criteria'!H$56+'Water Demand Criteria'!H$37*'Wastewater Criteria'!$C$11)*(1+'Wastewater Criteria'!$C$23)+('Project Tankers'!D7*'Wastewater Criteria'!$C$9))*(1+'Wastewater Criteria'!$C$36) -> 91.347994 | E7: =(('Project W Pop Connected'!F7*'Water Demand Criteria'!I$17/1000)*('Wastewater Criteria'!$C$8+'Wastewater Criteria'!$C$10*'Water Demand Criteria'!I$56+'Water Demand Criteria'!I$37*'Wastewater Criteria'!$C$11)*(1+'Wastewater Criteria'!$C$23)+('Project Tankers'!E7*'Wastewater Criteria'!$C$9))*(1+'Wastewater Criteria'!$C$36) -> 97.478674 | F7: =(('Project W Pop Connected'!G7*'Water Demand Criteria'!J$17/1000)*('Wastewater Criteria'!$C$8+'Wastewater Criteria'!$C$10*'Water Demand Criteria'!J$56+'Water Demand Criteria'!J$37*'Wastewater Criteria'!$C$11)*(1+'Wastewater Criteria'!$C$23)+('Project Tankers'!F7*'Wastewater Criteria'!$C$9))*(1+'Wastewater Criteria'!$C$36) -> 103.85675 | G7: =(('Project W Pop Connected'!H7*'Water Demand Criteria'!K$17/1000)*('Wastewater Criteria'!$C$8+'Wastewater Criteria'!$C$10*'Water Demand Criteria'!K$56+'Water Demand Criteria'!K$37*'Wastewater Criteria'!$C$11)*(1+'Wastewater Criteria'!$C$23)+('Project Tankers'!G7*'Wastewater Criteria'!$C$9))*(1+'Wastewater Criteria'!$C$36) -> 110.49298 | H7: =(('Project W Pop Connected'!I7*'Water Demand Criteria'!L$17/1000)*('Wastewater Criteria'!$C$8+'Wastewater Criteria'!$C$10*'Water Demand Criteria'!L$56+'Water Demand Criteria'!L$37*'Wastewater Criteria'!$C$11)*(1+'Wastewater Criteria'!$C$23)+('Project Tankers'!H7*'Wastewater Criteria'!$C$9))*(1+'Wastewater Criteria'!$C$36) -> 117.39378 | I7: =(('Project W Pop Connected'!J7*'Water Demand Criteria'!M$17/1000)*('Wastewater Criteria'!$C$8+'Wastewater Criteria'!$C$10*'Water Demand Criteria'!M$56+'Water Demand Criteria'!M$37*'Wastewater Criteria'!$C$11)*(1+'Wastewater Criteria'!$C$23)+('Project Tankers'!I7*'Wastewater Criteria'!$C$9))*(1+'Wastewater Criteria'!$C$36) -> 124.09047 | J7: =(('Project W Pop Connected'!K7*'Water Demand Criteria'!N$17/1000)*('Wastewater Criteria'!$C$8+'Wastewater Criteria'!$C$10*'Water Demand Criteria'!N$56+'Water Demand Criteria'!N$37*'Wastewater Criteria'!$C$11)*(1+'Wastewater Criteria'!$C$23)+('Project Tankers'!J7*'Wastewater Criteria'!$C$9))*(1+'Wastewater Criteria'!$C$36) -> 131.50025 | ... CA7: =(('Project W Pop Connected'!CB7*'Water Demand Criteria'!CE$17/1000)*('Wastewater Criteria'!$C$8+'Wastewater Criteria'!$C$10*'Water Demand Criteria'!CE$56+'Water Demand Criteria'!CE$37*'Wastewater Criteria'!$C$11)*(1+'Wastewater Criteria'!$C$23)+('Project Tankers'!CA7*'Wastewater Criteria'!$C$9))*(1+'Wastewater Criteria'!$C$36) -> 857.95451
A8: 7 | B8: AL JAHLI | C8: =(('Project W Pop Connected'!D8*'Water Demand Criteria'!G$17/1000)*('Wastewater Criteria'!$C$8+'Wastewater Criteria'!$C$10*'Water Demand Criteria'!G$56+'Water Demand Criteria'!G$37*'Wastewater Criteria'!$C$11)*(1+'Wastewater Criteria'!$C$23)+('Project Tankers'!C8*'Wastewater Criteria'!$C$9))*(1+'Wastewater Criteria'!$C$36) -> 56.292353 | D8: =(('Project W Pop Connected'!E8*'Water Demand Criteria'!H$17/1000)*('Wastewater Criteria'!$C$8+'Wastewater Criteria'!$C$10*'Water Demand Criteria'!H$56+'Water Demand Criteria'!H$37*'Wastewater Criteria'!$C$11)*(1+'Wastewater Criteria'!$C$23)+('Project Tankers'!D8*'Wastewater Criteria'!$C$9))*(1+'Wastewater Criteria'!$C$36) -> 59.983255 | E8: =(('Project W Pop Connected'!F8*'Water Demand Criteria'!I$17/1000)*('Wastewater Criteria'!$C$8+'Wastewater Criteria'!$C$10*'Water Demand Criteria'!I$56+'Water Demand Criteria'!I$37*'Wastewater Criteria'!$C$11)*(1+'Wastewater Criteria'!$C$23)+('Project Tankers'!E8*'Wastewater Criteria'!$C$9))*(1+'Wastewater Criteria'!$C$36) -> 64.00894 | F8: =(('Project W Pop Connected'!G8*'Water Demand Criteria'!J$17/1000)*('Wastewater Criteria'!$C$8+'Wastewater Criteria'!$C$10*'Water Demand Criteria'!J$56+'Water Demand Criteria'!J$37*'Wastewater Criteria'!$C$11)*(1+'Wastewater Criteria'!$C$23)+('Project Tankers'!F8*'Wastewater Criteria'!$C$9))*(1+'Wastewater Criteria'!$C$36) -> 68.197072 | G8: =(('Project W Pop Connected'!H8*'Water Demand Criteria'!K$17/1000)*('Wastewater Criteria'!$C$8+'Wastewater Criteria'!$C$10*'Water Demand Criteria'!K$56+'Water Demand Criteria'!K$37*'Wastewater Criteria'!$C$11)*(1+'Wastewater Criteria'!$C$23)+('Project Tankers'!G8*'Wastewater Criteria'!$C$9))*(1+'Wastewater Criteria'!$C$36) -> 72.554726 | H8: =(('Project W Pop Connected'!I8*'Water Demand Criteria'!L$17/1000)*('Wastewater Criteria'!$C$8+'Wastewater Criteria'!$C$10*'Water Demand Criteria'!L$56+'Water Demand Criteria'!L$37*'Wastewater Criteria'!$C$11)*(1+'Wastewater Criteria'!$C$23)+('Project Tankers'!H8*'Wastewater Criteria'!$C$9))*(1+'Wastewater Criteria'!$C$36) -> 77.086107 | I8: =(('Project W Pop Connected'!J8*'Water Demand Criteria'!M$17/1000)*('Wastewater Criteria'!$C$8+'Wastewater Criteria'!$C$10*'Water Demand Criteria'!M$56+'Water Demand Criteria'!M$37*'Wastewater Criteria'!$C$11)*(1+'Wastewater Criteria'!$C$23)+('Project Tankers'!I8*'Wastewater Criteria'!$C$9))*(1+'Wastewater Criteria'!$C$36) -> 81.483456 | J8: =(('Project W Pop Connected'!K8*'Water Demand Criteria'!N$17/1000)*('Wastewater Criteria'!$C$8+'Wastewater Criteria'!$C$10*'Water Demand Criteria'!N$56+'Water Demand Criteria'!N$37*'Wastewater Criteria'!$C$11)*(1+'Wastewater Criteria'!$C$23)+('Project Tankers'!J8*'Wastewater Criteria'!$C$9))*(1+'Wastewater Criteria'!$C$36) -> 86.349054 | ... CA8: =(('Project W Pop Connected'!CB8*'Water Demand Criteria'!CE$17/1000)*('Wastewater Criteria'!$C$8+'Wastewater Criteria'!$C$10*'Water Demand Criteria'!CE$56+'Water Demand Criteria'!CE$37*'Wastewater Criteria'!$C$11)*(1+'Wastewater Criteria'!$C$23)+('Project Tankers'!CA8*'Wastewater Criteria'!$C$9))*(1+'Wastewater Criteria'!$C$36) -> 563.37203
A9: 8 | B9: AL JIBAYYAH | C9: =(('Project W Pop Connected'!D9*'Water Demand Criteria'!G$17/1000)*('Wastewater Criteria'!$C$8+'Wastewater Criteria'!$C$10*'Water Demand Criteria'!G$56+'Water Demand Criteria'!G$37*'Wastewater Criteria'!$C$11)*(1+'Wastewater Criteria'!$C$23)+('Project Tankers'!C9*'Wastewater Criteria'!$C$9))*(1+'Wastewater Criteria'!$C$36) -> 364.61167 | D9: =(('Project W Pop Connected'!E9*'Water Demand Criteria'!H$17/1000)*('Wastewater Criteria'!$C$8+'Wastewater Criteria'!$C$10*'Water Demand Criteria'!H$56+'Water Demand Criteria'!H$37*'Wastewater Criteria'!$C$11)*(1+'Wastewater Criteria'!$C$23)+('Project Tankers'!D9*'Wastewater Criteria'!$C$9))*(1+'Wastewater Criteria'!$C$36) -> 388.51805 | E9: =(('Project W Pop Connected'!F9*'Water Demand Criteria'!I$17/1000)*('Wastewater Criteria'!$C$8+'Wastewater Criteria'!$C$10*'Water Demand Criteria'!I$56+'Water Demand Criteria'!I$37*'Wastewater Criteria'!$C$11)*(1+'Wastewater Criteria'!$C$23)+('Project Tankers'!E9*'Wastewater Criteria'!$C$9))*(1+'Wastewater Criteria'!$C$36) -> 414.59284 | F9: =(('Project W Pop Connected'!G9*'Water Demand Criteria'!J$17/1000)*('Wastewater Criteria'!$C$8+'Wastewater Criteria'!$C$10*'Water Demand Criteria'!J$56+'Water Demand Criteria'!J$37*'Wastewater Criteria'!$C$11)*(1+'Wastewater Criteria'!$C$23)+('Project Tankers'!F9*'Wastewater Criteria'!$C$9))*(1+'Wastewater Criteria'!$C$36) -> 441.71983 | G9: =(('Project W Pop Connected'!H9*'Water Demand Criteria'!K$17/1000)*('Wastewater Criteria'!$C$8+'Wastewater Criteria'!$C$10*'Water Demand Criteria'!K$56+'Water Demand Criteria'!K$37*'Wastewater Criteria'!$C$11)*(1+'Wastewater Criteria'!$C$23)+('Project Tankers'!G9*'Wastewater Criteria'!$C$9))*(1+'Wastewater Criteria'!$C$36) -> 469.94483 | H9: =(('Project W Pop Connected'!I9*'Water Demand Criteria'!L$17/1000)*('Wastewater Criteria'!$C$8+'Wastewater Criteria'!$C$10*'Water Demand Criteria'!L$56+'Water Demand Criteria'!L$37*'Wastewater Criteria'!$C$11)*(1+'Wastewater Criteria'!$C$23)+('Project Tankers'!H9*'Wastewater Criteria'!$C$9))*(1+'Wastewater Criteria'!$C$36) -> 499.29508 | I9: =(('Project W Pop Connected'!J9*'Water Demand Criteria'!M$17/1000)*('Wastewater Criteria'!$C$8+'Wastewater Criteria'!$C$10*'Water Demand Criteria'!M$56+'Water Demand Criteria'!M$37*'Wastewater Criteria'!$C$11)*(1+'Wastewater Criteria'!$C$23)+('Project Tankers'!I9*'Wastewater Criteria'!$C$9))*(1+'Wastewater Criteria'!$C$36) -> 527.77718 | J9: =(('Project W Pop Connected'!K9*'Water Demand Criteria'!N$17/1000)*('Wastewater Criteria'!$C$8+'Wastewater Criteria'!$C$10*'Water Demand Criteria'!N$56+'Water Demand Criteria'!N$37*'Wastewater Criteria'!$C$11)*(1+'Wastewater Criteria'!$C$23)+('Project Tankers'!J9*'Wastewater Criteria'!$C$9))*(1+'Wastewater Criteria'!$C$36) -> 559.29219 | ... CA9: =(('Project W Pop Connected'!CB9*'Water Demand Criteria'!CE$17/1000)*('Wastewater Criteria'!$C$8+'Wastewater Criteria'!$C$10*'Water Demand Criteria'!CE$56+'Water Demand Criteria'!CE$37*'Wastewater Criteria'!$C$11)*(1+'Wastewater Criteria'!$C$23)+('Project Tankers'!CA9*'Wastewater Criteria'!$C$9))*(1+'Wastewater Criteria'!$C$36) -> 3649.0217
A10: 9 | B10: AL MAKHTIBYAH | C10: =(('Project W Pop Connected'!D10*'Water Demand Criteria'!G$17/1000)*('Wastewater Criteria'!$C$8+'Wastewater Criteria'!$C$10*'Water Demand Criteria'!G$56+'Water Demand Criteria'!G$37*'Wastewater Criteria'!$C$11)*(1+'Wastewater Criteria'!$C$23)+('Project Tankers'!C10*'Wastewater Criteria'!$C$9))*(1+'Wastewater Criteria'!$C$36) -> 16.548595 | D10: =(('Project W Pop Connected'!E10*'Water Demand Criteria'!H$17/1000)*('Wastewater Criteria'!$C$8+'Wastewater Criteria'!$C$10*'Water Demand Criteria'!H$56+'Water Demand Criteria'!H$37*'Wastewater Criteria'!$C$11)*(1+'Wastewater Criteria'!$C$23)+('Project Tankers'!D10*'Wastewater Criteria'!$C$9))*(1+'Wastewater Criteria'!$C$36) -> 17.633632 | E10: =(('Project W Pop Connected'!F10*'Water Demand Criteria'!I$17/1000)*('Wastewater Criteria'!$C$8+'Wastewater Criteria'!$C$10*'Water Demand Criteria'!I$56+'Water Demand Criteria'!I$37*'Wastewater Criteria'!$C$11)*(1+'Wastewater Criteria'!$C$23)+('Project Tankers'!E10*'Wastewater Criteria'!$C$9))*(1+'Wastewater Criteria'!$C$36) -> 18.817086 | F10: =(('Project W Pop Connected'!G10*'Water Demand Criteria'!J$17/1000)*('Wastewater Criteria'!$C$8+'Wastewater Criteria'!$C$10*'Water Demand Criteria'!J$56+'Water Demand Criteria'!J$37*'Wastewater Criteria'!$C$11)*(1+'Wastewater Criteria'!$C$23)+('Project Tankers'!F10*'Wastewater Criteria'!$C$9))*(1+'Wastewater Criteria'!$C$36) -> 20.048296 | G10: =(('Project W Pop Connected'!H10*'Water Demand Criteria'!K$17/1000)*('Wastewater Criteria'!$C$8+'Wastewater Criteria'!$C$10*'Water Demand Criteria'!K$56+'Water Demand Criteria'!K$37*'Wastewater Criteria'!$C$11)*(1+'Wastewater Criteria'!$C$23)+('Project Tankers'!G10*'Wastewater Criteria'!$C$9))*(1+'Wastewater Criteria'!$C$36) -> 21.329341 | H10: =(('Project W Pop Connected'!I10*'Water Demand Criteria'!L$17/1000)*('Wastewater Criteria'!$C$8+'Wastewater Criteria'!$C$10*'Water Demand Criteria'!L$56+'Water Demand Criteria'!L$37*'Wastewater Criteria'!$C$11)*(1+'Wastewater Criteria'!$C$23)+('Project Tankers'!H10*'Wastewater Criteria'!$C$9))*(1+'Wastewater Criteria'!$C$36) -> 22.661458 | I10: =(('Project W Pop Connected'!J10*'Water Demand Criteria'!M$17/1000)*('Wastewater Criteria'!$C$8+'Wastewater Criteria'!$C$10*'Water Demand Criteria'!M$56+'Water Demand Criteria'!M$37*'Wastewater Criteria'!$C$11)*(1+'Wastewater Criteria'!$C$23)+('Project Tankers'!I10*'Wastewater Criteria'!$C$9))*(1+'Wastewater Criteria'!$C$36) -> 23.954173 | J10: =(('Project W Pop Connected'!K10*'Water Demand Criteria'!N$17/1000)*('Wastewater Criteria'!$C$8+'Wastewater Criteria'!$C$10*'Water Demand Criteria'!N$56+'Water Demand Criteria'!N$37*'Wastewater Criteria'!$C$11)*(1+'Wastewater Criteria'!$C$23)+('Project Tankers'!J10*'Wastewater Criteria'!$C$9))*(1+'Wastewater Criteria'!$C$36) -> 25.384541 | ... CA10: =(('Project W Pop Connected'!CB10*'Water Demand Criteria'!CE$17/1000)*('Wastewater Criteria'!$C$8+'Wastewater Criteria'!$C$10*'Water Demand Criteria'!CE$56+'Water Demand Criteria'!CE$37*'Wastewater Criteria'!$C$11)*(1+'Wastewater Criteria'!$C$23)+('Project Tankers'!CA10*'Wastewater Criteria'!$C$9))*(1+'Wastewater Criteria'!$C$36) -> 165.6178
A11: 10 | B11: AL QALI | C11: =(('Project W Pop Connected'!D11*'Water Demand Criteria'!G$17/1000)*('Wastewater Criteria'!$C$8+'Wastewater Criteria'!$C$10*'Water Demand Criteria'!G$56+'Water Demand Criteria'!G$37*'Wastewater Criteria'!$C$11)*(1+'Wastewater Criteria'!$C$23)+('Project Tankers'!C11*'Wastewater Criteria'!$C$9))*(1+'Wastewater Criteria'!$C$36) -> 25.908047 | D11: =(('Project W Pop Connected'!E11*'Water Demand Criteria'!H$17/1000)*('Wastewater Criteria'!$C$8+'Wastewater Criteria'!$C$10*'Water Demand Criteria'!H$56+'Water Demand Criteria'!H$37*'Wastewater Criteria'!$C$11)*(1+'Wastewater Criteria'!$C$23)+('Project Tankers'!D11*'Wastewater Criteria'!$C$9))*(1+'Wastewater Criteria'!$C$36) -> 27.606751 | E11: =(('Project W Pop Connected'!F11*'Water Demand Criteria'!I$17/1000)*('Wastewater Criteria'!$C$8+'Wastewater Criteria'!$C$10*'Water Demand Criteria'!I$56+'Water Demand Criteria'!I$37*'Wastewater Criteria'!$C$11)*(1+'Wastewater Criteria'!$C$23)+('Project Tankers'!E11*'Wastewater Criteria'!$C$9))*(1+'Wastewater Criteria'!$C$36) -> 29.459536 | F11: =(('Project W Pop Connected'!G11*'Water Demand Criteria'!J$17/1000)*('Wastewater Criteria'!$C$8+'Wastewater Criteria'!$C$10*'Water Demand Criteria'!J$56+'Water Demand Criteria'!J$37*'Wastewater Criteria'!$C$11)*(1+'Wastewater Criteria'!$C$23)+('Project Tankers'!F11*'Wastewater Criteria'!$C$9))*(1+'Wastewater Criteria'!$C$36) -> 31.387086 | G11: =(('Project W Pop Connected'!H11*'Water Demand Criteria'!K$17/1000)*('Wastewater Criteria'!$C$8+'Wastewater Criteria'!$C$10*'Water Demand Criteria'!K$56+'Water Demand Criteria'!K$37*'Wastewater Criteria'!$C$11)*(1+'Wastewater Criteria'!$C$23)+('Project Tankers'!G11*'Wastewater Criteria'!$C$9))*(1+'Wastewater Criteria'!$C$36) -> 33.392657 | H11: =(('Project W Pop Connected'!I11*'Water Demand Criteria'!L$17/1000)*('Wastewater Criteria'!$C$8+'Wastewater Criteria'!$C$10*'Water Demand Criteria'!L$56+'Water Demand Criteria'!L$37*'Wastewater Criteria'!$C$11)*(1+'Wastewater Criteria'!$C$23)+('Project Tankers'!H11*'Wastewater Criteria'!$C$9))*(1+'Wastewater Criteria'!$C$36) -> 35.478184 | I11: =(('Project W Pop Connected'!J11*'Water Demand Criteria'!M$17/1000)*('Wastewater Criteria'!$C$8+'Wastewater Criteria'!$C$10*'Water Demand Criteria'!M$56+'Water Demand Criteria'!M$37*'Wastewater Criteria'!$C$11)*(1+'Wastewater Criteria'!$C$23)+('Project Tankers'!I11*'Wastewater Criteria'!$C$9))*(1+'Wastewater Criteria'!$C$36) -> 37.502024 | J11: =(('Project W Pop Connected'!K11*'Water Demand Criteria'!N$17/1000)*('Wastewater Criteria'!$C$8+'Wastewater Criteria'!$C$10*'Water Demand Criteria'!N$56+'Water Demand Criteria'!N$37*'Wastewater Criteria'!$C$11)*(1+'Wastewater Criteria'!$C$23)+('Project Tankers'!J11*'Wastewater Criteria'!$C$9))*(1+'Wastewater Criteria'!$C$36) -> 39.741372 | ... CA11: =(('Project W Pop Connected'!CB11*'Water Demand Criteria'!CE$17/1000)*('Wastewater Criteria'!$C$8+'Wastewater Criteria'!$C$10*'Water Demand Criteria'!CE$56+'Water Demand Criteria'!CE$37*'Wastewater Criteria'!$C$11)*(1+'Wastewater Criteria'!$C$23)+('Project Tankers'!CA11*'Wastewater Criteria'!$C$9))*(1+'Wastewater Criteria'!$C$36) -> 259.28688
A12: 11 | B12: AL QURAYN | C12: =(('Project W Pop Connected'!D12*'Water Demand Criteria'!G$17/1000)*('Wastewater Criteria'!$C$8+'Wastewater Criteria'!$C$10*'Water Demand Criteria'!G$56+'Water Demand Criteria'!G$37*'Wastewater Criteria'!$C$11)*(1+'Wastewater Criteria'!$C$23)+('Project Tankers'!C12*'Wastewater Criteria'!$C$9))*(1+'Wastewater Criteria'!$C$36) -> 74.468679 | D12: =(('Project W Pop Connected'!E12*'Water Demand Criteria'!H$17/1000)*('Wastewater Criteria'!$C$8+'Wastewater Criteria'!$C$10*'Water Demand Criteria'!H$56+'Water Demand Criteria'!H$37*'Wastewater Criteria'!$C$11)*(1+'Wastewater Criteria'!$C$23)+('Project Tankers'!D12*'Wastewater Criteria'!$C$9))*(1+'Wastewater Criteria'!$C$36) -> 79.351343 | E12: =(('Project W Pop Connected'!F12*'Water Demand Criteria'!I$17/1000)*('Wastewater Criteria'!$C$8+'Wastewater Criteria'!$C$10*'Water Demand Criteria'!I$56+'Water Demand Criteria'!I$37*'Wastewater Criteria'!$C$11)*(1+'Wastewater Criteria'!$C$23)+('Project Tankers'!E12*'Wastewater Criteria'!$C$9))*(1+'Wastewater Criteria'!$C$36) -> 84.676886 | F12: =(('Project W Pop Connected'!G12*'Water Demand Criteria'!J$17/1000)*('Wastewater Criteria'!$C$8+'Wastewater Criteria'!$C$10*'Water Demand Criteria'!J$56+'Water Demand Criteria'!J$37*'Wastewater Criteria'!$C$11)*(1+'Wastewater Criteria'!$C$23)+('Project Tankers'!F12*'Wastewater Criteria'!$C$9))*(1+'Wastewater Criteria'!$C$36) -> 90.217331 | G12: =(('Project W Pop Connected'!H12*'Water Demand Criteria'!K$17/1000)*('Wastewater Criteria'!$C$8+'Wastewater Criteria'!$C$10*'Water Demand Criteria'!K$56+'Water Demand Criteria'!K$37*'Wastewater Criteria'!$C$11)*(1+'Wastewater Criteria'!$C$23)+('Project Tankers'!G12*'Wastewater Criteria'!$C$9))*(1+'Wastewater Criteria'!$C$36) -> 95.982035 | H12: =(('Project W Pop Connected'!I12*'Water Demand Criteria'!L$17/1000)*('Wastewater Criteria'!$C$8+'Wastewater Criteria'!$C$10*'Water Demand Criteria'!L$56+'Water Demand Criteria'!L$37*'Wastewater Criteria'!$C$11)*(1+'Wastewater Criteria'!$C$23)+('Project Tankers'!H12*'Wastewater Criteria'!$C$9))*(1+'Wastewater Criteria'!$C$36) -> 101.97656 | I12: =(('Project W Pop Connected'!J12*'Water Demand Criteria'!M$17/1000)*('Wastewater Criteria'!$C$8+'Wastewater Criteria'!$C$10*'Water Demand Criteria'!M$56+'Water Demand Criteria'!M$37*'Wastewater Criteria'!$C$11)*(1+'Wastewater Criteria'!$C$23)+('Project Tankers'!I12*'Wastewater Criteria'!$C$9))*(1+'Wastewater Criteria'!$C$36) -> 107.79378 | J12: =(('Project W Pop Connected'!K12*'Water Demand Criteria'!N$17/1000)*('Wastewater Criteria'!$C$8+'Wastewater Criteria'!$C$10*'Water Demand Criteria'!N$56+'Water Demand Criteria'!N$37*'Wastewater Criteria'!$C$11)*(1+'Wastewater Criteria'!$C$23)+('Project Tankers'!J12*'Wastewater Criteria'!$C$9))*(1+'Wastewater Criteria'!$C$36) -> 114.23044 | ... CA12: =(('Project W Pop Connected'!CB12*'Water Demand Criteria'!CE$17/1000)*('Wastewater Criteria'!$C$8+'Wastewater Criteria'!$C$10*'Water Demand Criteria'!CE$56+'Water Demand Criteria'!CE$37*'Wastewater Criteria'!$C$11)*(1+'Wastewater Criteria'!$C$23)+('Project Tankers'!CA12*'Wastewater Criteria'!$C$9))*(1+'Wastewater Criteria'!$C$36) -> 745.2801
A13: 12 | B13: AL WAHRAH | C13: =(('Project W Pop Connected'!D13*'Water Demand Criteria'!G$17/1000)*('Wastewater Criteria'!$C$8+'Wastewater Criteria'!$C$10*'Water Demand Criteria'!G$56+'Water Demand Criteria'!G$37*'Wastewater Criteria'!$C$11)*(1+'Wastewater Criteria'!$C$23)+('Project Tankers'!C13*'Wastewater Criteria'!$C$9))*(1+'Wastewater Criteria'!$C$36) -> 454.95073 | D13: =(('Project W Pop Connected'!E13*'Water Demand Criteria'!H$17/1000)*('Wastewater Criteria'!$C$8+'Wastewater Criteria'!$C$10*'Water Demand Criteria'!H$56+'Water Demand Criteria'!H$37*'Wastewater Criteria'!$C$11)*(1+'Wastewater Criteria'!$C$23)+('Project Tankers'!D13*'Wastewater Criteria'!$C$9))*(1+'Wastewater Criteria'!$C$36) -> 484.78033 | E13: =(('Project W Pop Connected'!F13*'Water Demand Criteria'!I$17/1000)*('Wastewater Criteria'!$C$8+'Wastewater Criteria'!$C$10*'Water Demand Criteria'!I$56+'Water Demand Criteria'!I$37*'Wastewater Criteria'!$C$11)*(1+'Wastewater Criteria'!$C$23)+('Project Tankers'!E13*'Wastewater Criteria'!$C$9))*(1+'Wastewater Criteria'!$C$36) -> 517.31562 | F13: =(('Project W Pop Connected'!G13*'Water Demand Criteria'!J$17/1000)*('Wastewater Criteria'!$C$8+'Wastewater Criteria'!$C$10*'Water Demand Criteria'!J$56+'Water Demand Criteria'!J$37*'Wastewater Criteria'!$C$11)*(1+'Wastewater Criteria'!$C$23)+('Project Tankers'!F13*'Wastewater Criteria'!$C$9))*(1+'Wastewater Criteria'!$C$36) -> 551.1638 | G13: =(('Project W Pop Connected'!H13*'Water Demand Criteria'!K$17/1000)*('Wastewater Criteria'!$C$8+'Wastewater Criteria'!$C$10*'Water Demand Criteria'!K$56+'Water Demand Criteria'!K$37*'Wastewater Criteria'!$C$11)*(1+'Wastewater Criteria'!$C$23)+('Project Tankers'!G13*'Wastewater Criteria'!$C$9))*(1+'Wastewater Criteria'!$C$36) -> 586.38205 | H13: =(('Project W Pop Connected'!I13*'Water Demand Criteria'!L$17/1000)*('Wastewater Criteria'!$C$8+'Wastewater Criteria'!$C$10*'Water Demand Criteria'!L$56+'Water Demand Criteria'!L$37*'Wastewater Criteria'!$C$11)*(1+'Wastewater Criteria'!$C$23)+('Project Tankers'!H13*'Wastewater Criteria'!$C$9))*(1+'Wastewater Criteria'!$C$36) -> 623.00435 | I13: =(('Project W Pop Connected'!J13*'Water Demand Criteria'!M$17/1000)*('Wastewater Criteria'!$C$8+'Wastewater Criteria'!$C$10*'Water Demand Criteria'!M$56+'Water Demand Criteria'!M$37*'Wastewater Criteria'!$C$11)*(1+'Wastewater Criteria'!$C$23)+('Project Tankers'!I13*'Wastewater Criteria'!$C$9))*(1+'Wastewater Criteria'!$C$36) -> 658.5434 | J13: =(('Project W Pop Connected'!K13*'Water Demand Criteria'!N$17/1000)*('Wastewater Criteria'!$C$8+'Wastewater Criteria'!$C$10*'Water Demand Criteria'!N$56+'Water Demand Criteria'!N$37*'Wastewater Criteria'!$C$11)*(1+'Wastewater Criteria'!$C$23)+('Project Tankers'!J13*'Wastewater Criteria'!$C$9))*(1+'Wastewater Criteria'!$C$36) -> 697.86681 | ... CA13: =(('Project W Pop Connected'!CB13*'Water Demand Criteria'!CE$17/1000)*('Wastewater Criteria'!$C$8+'Wastewater Criteria'!$C$10*'Water Demand Criteria'!CE$56+'Water Demand Criteria'!CE$37*'Wastewater Criteria'!$C$11)*(1+'Wastewater Criteria'!$C$23)+('Project Tankers'!CA13*'Wastewater Criteria'!$C$9))*(1+'Wastewater Criteria'!$C$36) -> 4553.132
... A26: 25 | B26: WADI AL MANKAS | C26: =(('Project W Pop Connected'!D26*'Water Demand Criteria'!G$17/1000)*('Wastewater Criteria'!$C$8+'Wastewater Criteria'!$C$10*'Water Demand Criteria'!G$56+'Water Demand Criteria'!G$37*'Wastewater Criteria'!$C$11)*(1+'Wastewater Criteria'!$C$23)+('Project Tankers'!C26*'Wastewater Criteria'!$C$9))*(1+'Wastewater Criteria'!$C$36) -> 5.914017 | D26: =(('Project W Pop Connected'!E26*'Water Demand Criteria'!H$17/1000)*('Wastewater Criteria'!$C$8+'Wastewater Criteria'!$C$10*'Water Demand Criteria'!H$56+'Water Demand Criteria'!H$37*'Wastewater Criteria'!$C$11)*(1+'Wastewater Criteria'!$C$23)+('Project Tankers'!D26*'Wastewater Criteria'!$C$9))*(1+'Wastewater Criteria'!$C$36) -> 6.3764916 | E26: =(('Project W Pop Connected'!F26*'Water Demand Criteria'!I$17/1000)*('Wastewater Criteria'!$C$8+'Wastewater Criteria'!$C$10*'Water Demand Criteria'!I$56+'Water Demand Criteria'!I$37*'Wastewater Criteria'!$C$11)*(1+'Wastewater Criteria'!$C$23)+('Project Tankers'!E26*'Wastewater Criteria'!$C$9))*(1+'Wastewater Criteria'!$C$36) -> 6.8809147 | F26: =(('Project W Pop Connected'!G26*'Water Demand Criteria'!J$17/1000)*('Wastewater Criteria'!$C$8+'Wastewater Criteria'!$C$10*'Water Demand Criteria'!J$56+'Water Demand Criteria'!J$37*'Wastewater Criteria'!$C$11)*(1+'Wastewater Criteria'!$C$23)+('Project Tankers'!F26*'Wastewater Criteria'!$C$9))*(1+'Wastewater Criteria'!$C$36) -> 7.4056926 | G26: =(('Project W Pop Connected'!H26*'Water Demand Criteria'!K$17/1000)*('Wastewater Criteria'!$C$8+'Wastewater Criteria'!$C$10*'Water Demand Criteria'!K$56+'Water Demand Criteria'!K$37*'Wastewater Criteria'!$C$11)*(1+'Wastewater Criteria'!$C$23)+('Project Tankers'!G26*'Wastewater Criteria'!$C$9))*(1+'Wastewater Criteria'!$C$36) -> 7.9517119 | H26: =(('Project W Pop Connected'!I26*'Water Demand Criteria'!L$17/1000)*('Wastewater Criteria'!$C$8+'Wastewater Criteria'!$C$10*'Water Demand Criteria'!L$56+'Water Demand Criteria'!L$37*'Wastewater Criteria'!$C$11)*(1+'Wastewater Criteria'!$C$23)+('Project Tankers'!H26*'Wastewater Criteria'!$C$9))*(1+'Wastewater Criteria'!$C$36) -> 8.5194995 | I26: =(('Project W Pop Connected'!J26*'Water Demand Criteria'!M$17/1000)*('Wastewater Criteria'!$C$8+'Wastewater Criteria'!$C$10*'Water Demand Criteria'!M$56+'Water Demand Criteria'!M$37*'Wastewater Criteria'!$C$11)*(1+'Wastewater Criteria'!$C$23)+('Project Tankers'!I26*'Wastewater Criteria'!$C$9))*(1+'Wastewater Criteria'!$C$36) -> 9.0704926 | J26: =(('Project W Pop Connected'!K26*'Water Demand Criteria'!N$17/1000)*('Wastewater Criteria'!$C$8+'Wastewater Criteria'!$C$10*'Water Demand Criteria'!N$56+'Water Demand Criteria'!N$37*'Wastewater Criteria'!$C$11)*(1+'Wastewater Criteria'!$C$23)+('Project Tankers'!J26*'Wastewater Criteria'!$C$9))*(1+'Wastewater Criteria'!$C$36) -> 9.6801579 | ... CA26: =(('Project W Pop Connected'!CB26*'Water Demand Criteria'!CE$17/1000)*('Wastewater Criteria'!$C$8+'Wastewater Criteria'!$C$10*'Water Demand Criteria'!CE$56+'Water Demand Criteria'!CE$37*'Wastewater Criteria'!$C$11)*(1+'Wastewater Criteria'!$C$23)+('Project Tankers'!CA26*'Wastewater Criteria'!$C$9))*(1+'Wastewater Criteria'!$C$36) -> 69.451711
A27: Total (m3/d) | C27: =SUM(C2:C26) -> 14212.147 | D27: =SUM(D2:D26) -> 15248.748 | E27: =SUM(E2:E26) -> 16379.374 | F27: =SUM(F2:F26) -> 17555.623 | G27: =SUM(G2:G26) -> 18779.483 | H27: =SUM(H2:H26) -> 20052.136 | I27: =SUM(I2:I26) -> 21287.144 | J27: =SUM(J2:J26) -> 22653.662 | ... CA27: =SUM(CA2:CA26) -> 156627

Sheet Project W Pop Connected (2)
A1: No. | B1: Name | C1: Pop 2030 | D1: Pop 2040 | E1: Pop 2050 | F1: Pop 2060 | G1: Pop 2070 | H1: Pop 2080 | I1: Pop 2090 | J1: Pop 2100
A2: 1 | B2: AD DARIZ | C2: 9186.4828 | D2: 14135.893 | E2: 17310.083 | F2: 24515.773 | G2: 34530.482 | H2: 43772.587 | I2: 55488.346 | J2: 70339.835
A3: 2 | B3: AD DIBAYSHI | C3: 1869.0542 | D3: 2876.0464 | E3: 3521.8576 | F3: 4987.9055 | G3: 7025.4683 | H3: 8905.8391 | I3: 11289.492 | J3: 14311.132
A4: 3 | B4: AL AKHEEDAR | C4: 153.36624 | D4: 235.99552 | E4: 288.9879 | F4: 409.28524 | G4: 576.47854 | H4: 730.77337 | I4: 926.3653 | J4: 1174.3075
A5: 4 | B5: AL ARAQI | C5: 8291.8464 | D5: 12759.252 | E5: 15624.321 | F5: 22128.275 | G5: 31167.691 | H5: 39509.742 | I5: 50084.548 | J5: 63489.707
A6: 5 | B6: AL AYNAYN | C6: 3530.5218 | D6: 5432.6644 | E6: 6652.5599 | F6: 9421.829 | G6: 13270.652 | H6: 16822.551 | I6: 21325.116 | J6: 27032.796
A7: 6 | B7: AL GHUBAYRAH | C7: 489.53264 | D7: 753.27861 | E7: 922.42603 | F7: 1306.4054 | G7: 1840.0729 | H7: 2332.5695 | I7: 2956.8832 | J7: 3748.2947
A8: 7 | B8: AL JAHLI | C8: 321.44944 | D8: 494.63706 | E8: 605.70697 | F8: 857.84534 | G8: 1208.2757 | H8: 1531.6715 | I8: 1941.6242 | J8: 2461.3011
A9: 8 | B9: AL JIBAYYAH | C9: 2082.0629 | D9: 3203.8179 | E9: 3923.2297 | F9: 5556.3573 | G9: 7826.1329 | H9: 9920.8021 | I9: 12576.111 | J9: 15942.114
A10: 9 | B10: AL MAKHTIBYAH | C10: 94.49839 | D10: 145.41138 | E10: 178.06325 | F10: 252.18586 | G10: 355.20395 | H10: 450.2745 | I10: 570.79074 | J10: 723.56322
A11: 10 | B11: AL QALI | C11: 147.9442 | D11: 227.65224 | E11: 278.77116 | F11: 394.81556 | G11: 556.09799 | H11: 704.93794 | I11: 893.61501 | J11: 1132.7916
A12: 11 | B12: AL QURAYN | C12: 425.24275 | D12: 654.3512 | E12: 801.28464 | F12: 1134.8364 | G12: 1598.4178 | H12: 2026.2352 | I12: 2568.5583 | J12: 3256.0345
A13: 12 | B13: AL WAHRAH | C13: 2597.9311 | D13: 3997.621 | E13: 4895.2799 | F13: 6933.044 | G13: 9765.1971 | H13: 12378.858 | I13: 15692.067 | J13: 19892.058
... A26: 25 | B26: WADI AL MANKAS | C26: 40.278002 | D26: 61.97862 | E26: 75.895813 | F26: 107.48905 | G26: 151.3984 | H26: 191.92028 | I26: 243.28786 | J26: 308.404
A27: Total (m3/d) | C27: 90280.044 | D27: 138920.31 | E27: 170114.63 | F27: 240928.45 | G27: 339347.88 | H27: 430174.54 | I27: 545311.01 | J27: 691263.83

Sheet Project WW Generation (2)
A1: No. | B1: Name | C1: WWG 2030 | D1: WWG 2040 | E1: WWG 2050 | F1: WWG 2060 | G1: WWG 2070 | H1: WWG 2080 | I1: WWG 2090 | J1: WWG 2100
A2: 1 | B2: AD DARIZ | C2: 2328.6597 | D2: 3443.253 | E2: 4158.0717 | F2: 5780.7726 | G2: 8036.057 | H2: 10117.353 | I2: 12755.709 | J2: 16100.222
A3: 2 | B3: AD DIBAYSHI | C3: 473.78212 | D3: 700.55391 | E3: 845.98879 | F3: 1176.1386 | G3: 1634.992 | H3: 2058.4462 | I3: 2595.2382 | J3: 3275.7029
A4: 3 | B4: AL AKHEEDAR | C4: 38.876444 | D4: 57.484324 | E4: 69.418061 | F4: 96.508683 | G4: 134.16014 | H4: 168.9069 | I4: 212.95365 | J4: 268.78954
A5: 4 | B5: AL ARAQI | C5: 2101.8805 | D5: 3107.9277 | E5: 3753.133 | F5: 5217.8053 | G5: 7253.4562 | H5: 9132.0626 | I5: 11513.479 | J5: 14532.283
A6: 5 | B6: AL AYNAYN | C6: 894.9436 | D6: 1323.3008 | E6: 1598.0178 | F6: 2221.6494 | G6: 3088.3936 | H6: 3888.271 | I6: 4902.2361 | J6: 6187.5896
A7: 6 | B7: AL GHUBAYRAH | C7: 124.09047 | D7: 183.48532 | E7: 221.57684 | F7: 308.04792 | G7: 428.22833 | H7: 539.13718 | I7: 679.73085 | J7: 857.95451
A8: 7 | B8: AL JAHLI | C8: 81.483456 | D8: 120.48482 | E8: 145.49745 | F8: 202.2783 | G8: 281.19424 | H8: 354.02204 | I8: 446.34225 | J8: 563.37203
A9: 8 | B9: AL JIBAYYAH | C9: 527.77718 | D9: 780.39325 | E9: 942.40276 | F9: 1310.1785 | G9: 1821.3256 | H9: 2293.0392 | I9: 2891.0072 | J9: 3649.0217
A10: 9 | B10: AL MAKHTIBYAH | C10: 23.954173 | D10: 35.419634 | E10: 42.772744 | F10: 59.464946 | G10: 82.66433 | H10: 104.07395 | I10: 131.21387 | J10: 165.6178
A11: 10 | B11: AL QALI | C11: 37.502024 | D11: 55.45205 | E11: 66.963887 | F11: 93.09676 | G11: 129.41711 | H11: 162.93545 | I11: 205.42499 | J11: 259.28688
A12: 11 | B12: AL QURAYN | C12: 107.79378 | D12: 159.38835 | E12: 192.47735 | F12: 267.59226 | G12: 371.98948 | H12: 468.33277 | I12: 590.4624 | J12: 745.2801
A13: 12 | B13: AL WAHRAH | C13: 658.5434 | D13: 973.74961 | E13: 1175.8999 | F13: 1634.7986 | G13: 2272.5915 | H13: 2861.1806 | I13: 3607.3058 | J13: 4553.132
... A26: 25 | B26: WADI AL MANKAS | C26: 9.0704926 | D26: 13.957411 | E26: 17.091523 | F26: 24.206232 | G26: 34.094494 | H26: 43.219906 | I26: 54.78774 | J26: 69.451711
A27: Total (m3/d) | C27: 21287.144 | D27: 32240.795 | E27: 39265.667 | F27: 55212.74 | G27: 77376.518 | H27: 97830.427 | I27: 123758.84 | J27: 156627
